design,profile,batch,posterior_prob,Z_1,Z_2,Z_3,Z_4
Adaptive,1,0,0.00520833333333333,No limits,Prohibit all,Prohibit all,Disclose > $200
Adaptive,1,1,5.7e-4,No limits,Prohibit all,Prohibit all,Disclose > $200
Adaptive,1,2,9e-5,No limits,Prohibit all,Prohibit all,Disclose > $200
Adaptive,1,3,0.00114,No limits,Prohibit all,Prohibit all,Disclose > $200
Adaptive,1,4,0.00877,No limits,Prohibit all,Prohibit all,Disclose > $200
Adaptive,1,5,0.00473,No limits,Prohibit all,Prohibit all,Disclose > $200
Adaptive,1,6,3.4e-4,No limits,Prohibit all,Prohibit all,Disclose > $200
Adaptive,1,7,8e-5,No limits,Prohibit all,Prohibit all,Disclose > $200
Adaptive,1,8,2e-5,No limits,Prohibit all,Prohibit all,Disclose > $200
Adaptive,1,9,2e-5,No limits,Prohibit all,Prohibit all,Disclose > $200
Adaptive,1,10,2e-5,No limits,Prohibit all,Prohibit all,Disclose > $200
Adaptive,2,0,0.00520833333333333,"100,000",Prohibit all,Prohibit all,Disclose > $200
Adaptive,2,1,0.00112,"100,000",Prohibit all,Prohibit all,Disclose > $200
Adaptive,2,2,2.3e-4,"100,000",Prohibit all,Prohibit all,Disclose > $200
Adaptive,2,3,0.00322,"100,000",Prohibit all,Prohibit all,Disclose > $200
Adaptive,2,4,0.01089,"100,000",Prohibit all,Prohibit all,Disclose > $200
Adaptive,2,5,0.00446,"100,000",Prohibit all,Prohibit all,Disclose > $200
Adaptive,2,6,0.00414,"100,000",Prohibit all,Prohibit all,Disclose > $200
Adaptive,2,7,0.00154,"100,000",Prohibit all,Prohibit all,Disclose > $200
Adaptive,2,8,7.5e-4,"100,000",Prohibit all,Prohibit all,Disclose > $200
Adaptive,2,9,0.00174,"100,000",Prohibit all,Prohibit all,Disclose > $200
Adaptive,2,10,0.00578,"100,000",Prohibit all,Prohibit all,Disclose > $200
Adaptive,3,0,0.00520833333333333,"$1,000,000",Prohibit all,Prohibit all,Disclose > $200
Adaptive,3,1,0.08109,"$1,000,000",Prohibit all,Prohibit all,Disclose > $200
Adaptive,3,2,8e-4,"$1,000,000",Prohibit all,Prohibit all,Disclose > $200
Adaptive,3,3,0.01834,"$1,000,000",Prohibit all,Prohibit all,Disclose > $200
Adaptive,3,4,0.04704,"$1,000,000",Prohibit all,Prohibit all,Disclose > $200
Adaptive,3,5,0.05227,"$1,000,000",Prohibit all,Prohibit all,Disclose > $200
Adaptive,3,6,0.03272,"$1,000,000",Prohibit all,Prohibit all,Disclose > $200
Adaptive,3,7,0.00761,"$1,000,000",Prohibit all,Prohibit all,Disclose > $200
Adaptive,3,8,0.0022,"$1,000,000",Prohibit all,Prohibit all,Disclose > $200
Adaptive,3,9,0.00208,"$1,000,000",Prohibit all,Prohibit all,Disclose > $200
Adaptive,3,10,0.00145,"$1,000,000",Prohibit all,Prohibit all,Disclose > $200
Adaptive,4,0,0.00520833333333333,"$10,000",Prohibit all,Prohibit all,Disclose > $200
Adaptive,4,1,8.3e-4,"$10,000",Prohibit all,Prohibit all,Disclose > $200
Adaptive,4,2,1.1e-4,"$10,000",Prohibit all,Prohibit all,Disclose > $200
Adaptive,4,3,0.00875,"$10,000",Prohibit all,Prohibit all,Disclose > $200
Adaptive,4,4,0.07452,"$10,000",Prohibit all,Prohibit all,Disclose > $200
Adaptive,4,5,0.03681,"$10,000",Prohibit all,Prohibit all,Disclose > $200
Adaptive,4,6,0.02932,"$10,000",Prohibit all,Prohibit all,Disclose > $200
Adaptive,4,7,0.00888,"$10,000",Prohibit all,Prohibit all,Disclose > $200
Adaptive,4,8,0.0063,"$10,000",Prohibit all,Prohibit all,Disclose > $200
Adaptive,4,9,0.00795,"$10,000",Prohibit all,Prohibit all,Disclose > $200
Adaptive,4,10,0.00983,"$10,000",Prohibit all,Prohibit all,Disclose > $200
Adaptive,5,0,0.00520833333333333,No limits,"Prohibit candidate;
 allow PAC",Prohibit all,Disclose > $200
Adaptive,5,1,6.8e-4,No limits,"Prohibit candidate;
 allow PAC",Prohibit all,Disclose > $200
Adaptive,5,2,7e-5,No limits,"Prohibit candidate;
 allow PAC",Prohibit all,Disclose > $200
Adaptive,5,3,0.00122,No limits,"Prohibit candidate;
 allow PAC",Prohibit all,Disclose > $200
Adaptive,5,4,0.00711,No limits,"Prohibit candidate;
 allow PAC",Prohibit all,Disclose > $200
Adaptive,5,5,0.00139,No limits,"Prohibit candidate;
 allow PAC",Prohibit all,Disclose > $200
Adaptive,5,6,9e-5,No limits,"Prohibit candidate;
 allow PAC",Prohibit all,Disclose > $200
Adaptive,5,7,1e-5,No limits,"Prohibit candidate;
 allow PAC",Prohibit all,Disclose > $200
Adaptive,5,8,0,No limits,"Prohibit candidate;
 allow PAC",Prohibit all,Disclose > $200
Adaptive,5,9,0,No limits,"Prohibit candidate;
 allow PAC",Prohibit all,Disclose > $200
Adaptive,5,10,0,No limits,"Prohibit candidate;
 allow PAC",Prohibit all,Disclose > $200
Adaptive,6,0,0.00520833333333333,"100,000","Prohibit candidate;
 allow PAC",Prohibit all,Disclose > $200
Adaptive,6,1,0.00152,"100,000","Prohibit candidate;
 allow PAC",Prohibit all,Disclose > $200
Adaptive,6,2,1.3e-4,"100,000","Prohibit candidate;
 allow PAC",Prohibit all,Disclose > $200
Adaptive,6,3,0.00404,"100,000","Prohibit candidate;
 allow PAC",Prohibit all,Disclose > $200
Adaptive,6,4,0.0102,"100,000","Prohibit candidate;
 allow PAC",Prohibit all,Disclose > $200
Adaptive,6,5,0.0011,"100,000","Prohibit candidate;
 allow PAC",Prohibit all,Disclose > $200
Adaptive,6,6,0.00106,"100,000","Prohibit candidate;
 allow PAC",Prohibit all,Disclose > $200
Adaptive,6,7,1.1e-4,"100,000","Prohibit candidate;
 allow PAC",Prohibit all,Disclose > $200
Adaptive,6,8,1e-5,"100,000","Prohibit candidate;
 allow PAC",Prohibit all,Disclose > $200
Adaptive,6,9,7e-5,"100,000","Prohibit candidate;
 allow PAC",Prohibit all,Disclose > $200
Adaptive,6,10,2.7e-4,"100,000","Prohibit candidate;
 allow PAC",Prohibit all,Disclose > $200
Adaptive,7,0,0.00520833333333333,"$1,000,000","Prohibit candidate;
 allow PAC",Prohibit all,Disclose > $200
Adaptive,7,1,0.10539,"$1,000,000","Prohibit candidate;
 allow PAC",Prohibit all,Disclose > $200
Adaptive,7,2,5.5e-4,"$1,000,000","Prohibit candidate;
 allow PAC",Prohibit all,Disclose > $200
Adaptive,7,3,0.02224,"$1,000,000","Prohibit candidate;
 allow PAC",Prohibit all,Disclose > $200
Adaptive,7,4,0.04468,"$1,000,000","Prohibit candidate;
 allow PAC",Prohibit all,Disclose > $200
Adaptive,7,5,0.01492,"$1,000,000","Prohibit candidate;
 allow PAC",Prohibit all,Disclose > $200
Adaptive,7,6,0.00906,"$1,000,000","Prohibit candidate;
 allow PAC",Prohibit all,Disclose > $200
Adaptive,7,7,5.8e-4,"$1,000,000","Prohibit candidate;
 allow PAC",Prohibit all,Disclose > $200
Adaptive,7,8,5e-5,"$1,000,000","Prohibit candidate;
 allow PAC",Prohibit all,Disclose > $200
Adaptive,7,9,1.1e-4,"$1,000,000","Prohibit candidate;
 allow PAC",Prohibit all,Disclose > $200
Adaptive,7,10,2e-5,"$1,000,000","Prohibit candidate;
 allow PAC",Prohibit all,Disclose > $200
Adaptive,8,0,0.00520833333333333,"$10,000","Prohibit candidate;
 allow PAC",Prohibit all,Disclose > $200
Adaptive,8,1,0.00136,"$10,000","Prohibit candidate;
 allow PAC",Prohibit all,Disclose > $200
Adaptive,8,2,5e-5,"$10,000","Prohibit candidate;
 allow PAC",Prohibit all,Disclose > $200
Adaptive,8,3,0.00891,"$10,000","Prohibit candidate;
 allow PAC",Prohibit all,Disclose > $200
Adaptive,8,4,0.06058,"$10,000","Prohibit candidate;
 allow PAC",Prohibit all,Disclose > $200
Adaptive,8,5,0.00939,"$10,000","Prohibit candidate;
 allow PAC",Prohibit all,Disclose > $200
Adaptive,8,6,0.00849,"$10,000","Prohibit candidate;
 allow PAC",Prohibit all,Disclose > $200
Adaptive,8,7,7.9e-4,"$10,000","Prohibit candidate;
 allow PAC",Prohibit all,Disclose > $200
Adaptive,8,8,2.2e-4,"$10,000","Prohibit candidate;
 allow PAC",Prohibit all,Disclose > $200
Adaptive,8,9,3.8e-4,"$10,000","Prohibit candidate;
 allow PAC",Prohibit all,Disclose > $200
Adaptive,8,10,4.5e-4,"$10,000","Prohibit candidate;
 allow PAC",Prohibit all,Disclose > $200
Adaptive,9,0,0.00520833333333333,No limits,Allow all,Prohibit all,Disclose > $200
Adaptive,9,1,0,No limits,Allow all,Prohibit all,Disclose > $200
Adaptive,9,2,0,No limits,Allow all,Prohibit all,Disclose > $200
Adaptive,9,3,1e-5,No limits,Allow all,Prohibit all,Disclose > $200
Adaptive,9,4,0,No limits,Allow all,Prohibit all,Disclose > $200
Adaptive,9,5,2e-5,No limits,Allow all,Prohibit all,Disclose > $200
Adaptive,9,6,0,No limits,Allow all,Prohibit all,Disclose > $200
Adaptive,9,7,0,No limits,Allow all,Prohibit all,Disclose > $200
Adaptive,9,8,0,No limits,Allow all,Prohibit all,Disclose > $200
Adaptive,9,9,0,No limits,Allow all,Prohibit all,Disclose > $200
Adaptive,9,10,0,No limits,Allow all,Prohibit all,Disclose > $200
Adaptive,10,0,0.00520833333333333,"100,000",Allow all,Prohibit all,Disclose > $200
Adaptive,10,1,0,"100,000",Allow all,Prohibit all,Disclose > $200
Adaptive,10,2,0,"100,000",Allow all,Prohibit all,Disclose > $200
Adaptive,10,3,0,"100,000",Allow all,Prohibit all,Disclose > $200
Adaptive,10,4,4e-5,"100,000",Allow all,Prohibit all,Disclose > $200
Adaptive,10,5,3e-5,"100,000",Allow all,Prohibit all,Disclose > $200
Adaptive,10,6,1e-5,"100,000",Allow all,Prohibit all,Disclose > $200
Adaptive,10,7,0,"100,000",Allow all,Prohibit all,Disclose > $200
Adaptive,10,8,0,"100,000",Allow all,Prohibit all,Disclose > $200
Adaptive,10,9,0,"100,000",Allow all,Prohibit all,Disclose > $200
Adaptive,10,10,0,"100,000",Allow all,Prohibit all,Disclose > $200
Adaptive,11,0,0.00520833333333333,"$1,000,000",Allow all,Prohibit all,Disclose > $200
Adaptive,11,1,0,"$1,000,000",Allow all,Prohibit all,Disclose > $200
Adaptive,11,2,1e-5,"$1,000,000",Allow all,Prohibit all,Disclose > $200
Adaptive,11,3,1.7e-4,"$1,000,000",Allow all,Prohibit all,Disclose > $200
Adaptive,11,4,2e-4,"$1,000,000",Allow all,Prohibit all,Disclose > $200
Adaptive,11,5,5.5e-4,"$1,000,000",Allow all,Prohibit all,Disclose > $200
Adaptive,11,6,2.5e-4,"$1,000,000",Allow all,Prohibit all,Disclose > $200
Adaptive,11,7,3e-5,"$1,000,000",Allow all,Prohibit all,Disclose > $200
Adaptive,11,8,0,"$1,000,000",Allow all,Prohibit all,Disclose > $200
Adaptive,11,9,0,"$1,000,000",Allow all,Prohibit all,Disclose > $200
Adaptive,11,10,0,"$1,000,000",Allow all,Prohibit all,Disclose > $200
Adaptive,12,0,0.00520833333333333,"$10,000",Allow all,Prohibit all,Disclose > $200
Adaptive,12,1,0,"$10,000",Allow all,Prohibit all,Disclose > $200
Adaptive,12,2,0,"$10,000",Allow all,Prohibit all,Disclose > $200
Adaptive,12,3,7e-5,"$10,000",Allow all,Prohibit all,Disclose > $200
Adaptive,12,4,1.5e-4,"$10,000",Allow all,Prohibit all,Disclose > $200
Adaptive,12,5,2.4e-4,"$10,000",Allow all,Prohibit all,Disclose > $200
Adaptive,12,6,1.6e-4,"$10,000",Allow all,Prohibit all,Disclose > $200
Adaptive,12,7,2e-5,"$10,000",Allow all,Prohibit all,Disclose > $200
Adaptive,12,8,0,"$10,000",Allow all,Prohibit all,Disclose > $200
Adaptive,12,9,0,"$10,000",Allow all,Prohibit all,Disclose > $200
Adaptive,12,10,0,"$10,000",Allow all,Prohibit all,Disclose > $200
Adaptive,13,0,0.00520833333333333,No limits,Prohibit all,5:1 match,Disclose > $200
Adaptive,13,1,8.3e-4,No limits,Prohibit all,5:1 match,Disclose > $200
Adaptive,13,2,0.00105,No limits,Prohibit all,5:1 match,Disclose > $200
Adaptive,13,3,0.00276,No limits,Prohibit all,5:1 match,Disclose > $200
Adaptive,13,4,8.3e-4,No limits,Prohibit all,5:1 match,Disclose > $200
Adaptive,13,5,0.0011,No limits,Prohibit all,5:1 match,Disclose > $200
Adaptive,13,6,2e-5,No limits,Prohibit all,5:1 match,Disclose > $200
Adaptive,13,7,0,No limits,Prohibit all,5:1 match,Disclose > $200
Adaptive,13,8,0,No limits,Prohibit all,5:1 match,Disclose > $200
Adaptive,13,9,0,No limits,Prohibit all,5:1 match,Disclose > $200
Adaptive,13,10,0,No limits,Prohibit all,5:1 match,Disclose > $200
Adaptive,14,0,0.00520833333333333,"100,000",Prohibit all,5:1 match,Disclose > $200
Adaptive,14,1,9.9e-4,"100,000",Prohibit all,5:1 match,Disclose > $200
Adaptive,14,2,0.00194,"100,000",Prohibit all,5:1 match,Disclose > $200
Adaptive,14,3,0.00641,"100,000",Prohibit all,5:1 match,Disclose > $200
Adaptive,14,4,9.6e-4,"100,000",Prohibit all,5:1 match,Disclose > $200
Adaptive,14,5,8.3e-4,"100,000",Prohibit all,5:1 match,Disclose > $200
Adaptive,14,6,1.7e-4,"100,000",Prohibit all,5:1 match,Disclose > $200
Adaptive,14,7,2e-5,"100,000",Prohibit all,5:1 match,Disclose > $200
Adaptive,14,8,0,"100,000",Prohibit all,5:1 match,Disclose > $200
Adaptive,14,9,2e-5,"100,000",Prohibit all,5:1 match,Disclose > $200
Adaptive,14,10,1e-5,"100,000",Prohibit all,5:1 match,Disclose > $200
Adaptive,15,0,0.00520833333333333,"$1,000,000",Prohibit all,5:1 match,Disclose > $200
Adaptive,15,1,0.03667,"$1,000,000",Prohibit all,5:1 match,Disclose > $200
Adaptive,15,2,0.0063,"$1,000,000",Prohibit all,5:1 match,Disclose > $200
Adaptive,15,3,0.038,"$1,000,000",Prohibit all,5:1 match,Disclose > $200
Adaptive,15,4,0.00456,"$1,000,000",Prohibit all,5:1 match,Disclose > $200
Adaptive,15,5,0.00896,"$1,000,000",Prohibit all,5:1 match,Disclose > $200
Adaptive,15,6,0.00113,"$1,000,000",Prohibit all,5:1 match,Disclose > $200
Adaptive,15,7,3e-5,"$1,000,000",Prohibit all,5:1 match,Disclose > $200
Adaptive,15,8,0,"$1,000,000",Prohibit all,5:1 match,Disclose > $200
Adaptive,15,9,0,"$1,000,000",Prohibit all,5:1 match,Disclose > $200
Adaptive,15,10,3e-5,"$1,000,000",Prohibit all,5:1 match,Disclose > $200
Adaptive,16,0,0.00520833333333333,"$10,000",Prohibit all,5:1 match,Disclose > $200
Adaptive,16,1,4.9e-4,"$10,000",Prohibit all,5:1 match,Disclose > $200
Adaptive,16,2,7.3e-4,"$10,000",Prohibit all,5:1 match,Disclose > $200
Adaptive,16,3,0.0174,"$10,000",Prohibit all,5:1 match,Disclose > $200
Adaptive,16,4,0.0051,"$10,000",Prohibit all,5:1 match,Disclose > $200
Adaptive,16,5,0.00709,"$10,000",Prohibit all,5:1 match,Disclose > $200
Adaptive,16,6,0.00135,"$10,000",Prohibit all,5:1 match,Disclose > $200
Adaptive,16,7,2e-5,"$10,000",Prohibit all,5:1 match,Disclose > $200
Adaptive,16,8,2e-5,"$10,000",Prohibit all,5:1 match,Disclose > $200
Adaptive,16,9,5e-5,"$10,000",Prohibit all,5:1 match,Disclose > $200
Adaptive,16,10,7e-5,"$10,000",Prohibit all,5:1 match,Disclose > $200
Adaptive,17,0,0.00520833333333333,No limits,"Prohibit candidate;
 allow PAC",5:1 match,Disclose > $200
Adaptive,17,1,8.2e-4,No limits,"Prohibit candidate;
 allow PAC",5:1 match,Disclose > $200
Adaptive,17,2,3.1e-4,No limits,"Prohibit candidate;
 allow PAC",5:1 match,Disclose > $200
Adaptive,17,3,0.00345,No limits,"Prohibit candidate;
 allow PAC",5:1 match,Disclose > $200
Adaptive,17,4,0.00109,No limits,"Prohibit candidate;
 allow PAC",5:1 match,Disclose > $200
Adaptive,17,5,3.1e-4,No limits,"Prohibit candidate;
 allow PAC",5:1 match,Disclose > $200
Adaptive,17,6,0,No limits,"Prohibit candidate;
 allow PAC",5:1 match,Disclose > $200
Adaptive,17,7,0,No limits,"Prohibit candidate;
 allow PAC",5:1 match,Disclose > $200
Adaptive,17,8,0,No limits,"Prohibit candidate;
 allow PAC",5:1 match,Disclose > $200
Adaptive,17,9,0,No limits,"Prohibit candidate;
 allow PAC",5:1 match,Disclose > $200
Adaptive,17,10,0,No limits,"Prohibit candidate;
 allow PAC",5:1 match,Disclose > $200
Adaptive,18,0,0.00520833333333333,"100,000","Prohibit candidate;
 allow PAC",5:1 match,Disclose > $200
Adaptive,18,1,8.6e-4,"100,000","Prohibit candidate;
 allow PAC",5:1 match,Disclose > $200
Adaptive,18,2,5.7e-4,"100,000","Prohibit candidate;
 allow PAC",5:1 match,Disclose > $200
Adaptive,18,3,0.00716,"100,000","Prohibit candidate;
 allow PAC",5:1 match,Disclose > $200
Adaptive,18,4,0.00128,"100,000","Prohibit candidate;
 allow PAC",5:1 match,Disclose > $200
Adaptive,18,5,1.6e-4,"100,000","Prohibit candidate;
 allow PAC",5:1 match,Disclose > $200
Adaptive,18,6,1e-5,"100,000","Prohibit candidate;
 allow PAC",5:1 match,Disclose > $200
Adaptive,18,7,0,"100,000","Prohibit candidate;
 allow PAC",5:1 match,Disclose > $200
Adaptive,18,8,0,"100,000","Prohibit candidate;
 allow PAC",5:1 match,Disclose > $200
Adaptive,18,9,0,"100,000","Prohibit candidate;
 allow PAC",5:1 match,Disclose > $200
Adaptive,18,10,0,"100,000","Prohibit candidate;
 allow PAC",5:1 match,Disclose > $200
Adaptive,19,0,0.00520833333333333,"$1,000,000","Prohibit candidate;
 allow PAC",5:1 match,Disclose > $200
Adaptive,19,1,0.04115,"$1,000,000","Prohibit candidate;
 allow PAC",5:1 match,Disclose > $200
Adaptive,19,2,0.00247,"$1,000,000","Prohibit candidate;
 allow PAC",5:1 match,Disclose > $200
Adaptive,19,3,0.04462,"$1,000,000","Prohibit candidate;
 allow PAC",5:1 match,Disclose > $200
Adaptive,19,4,0.00492,"$1,000,000","Prohibit candidate;
 allow PAC",5:1 match,Disclose > $200
Adaptive,19,5,0.00241,"$1,000,000","Prohibit candidate;
 allow PAC",5:1 match,Disclose > $200
Adaptive,19,6,2.8e-4,"$1,000,000","Prohibit candidate;
 allow PAC",5:1 match,Disclose > $200
Adaptive,19,7,0,"$1,000,000","Prohibit candidate;
 allow PAC",5:1 match,Disclose > $200
Adaptive,19,8,0,"$1,000,000","Prohibit candidate;
 allow PAC",5:1 match,Disclose > $200
Adaptive,19,9,0,"$1,000,000","Prohibit candidate;
 allow PAC",5:1 match,Disclose > $200
Adaptive,19,10,0,"$1,000,000","Prohibit candidate;
 allow PAC",5:1 match,Disclose > $200
Adaptive,20,0,0.00520833333333333,"$10,000","Prohibit candidate;
 allow PAC",5:1 match,Disclose > $200
Adaptive,20,1,8.3e-4,"$10,000","Prohibit candidate;
 allow PAC",5:1 match,Disclose > $200
Adaptive,20,2,2.5e-4,"$10,000","Prohibit candidate;
 allow PAC",5:1 match,Disclose > $200
Adaptive,20,3,0.01586,"$10,000","Prohibit candidate;
 allow PAC",5:1 match,Disclose > $200
Adaptive,20,4,0.00459,"$10,000","Prohibit candidate;
 allow PAC",5:1 match,Disclose > $200
Adaptive,20,5,0.00211,"$10,000","Prohibit candidate;
 allow PAC",5:1 match,Disclose > $200
Adaptive,20,6,1.9e-4,"$10,000","Prohibit candidate;
 allow PAC",5:1 match,Disclose > $200
Adaptive,20,7,0,"$10,000","Prohibit candidate;
 allow PAC",5:1 match,Disclose > $200
Adaptive,20,8,0,"$10,000","Prohibit candidate;
 allow PAC",5:1 match,Disclose > $200
Adaptive,20,9,0,"$10,000","Prohibit candidate;
 allow PAC",5:1 match,Disclose > $200
Adaptive,20,10,1e-5,"$10,000","Prohibit candidate;
 allow PAC",5:1 match,Disclose > $200
Adaptive,21,0,0.00520833333333333,No limits,Allow all,5:1 match,Disclose > $200
Adaptive,21,1,0,No limits,Allow all,5:1 match,Disclose > $200
Adaptive,21,2,0,No limits,Allow all,5:1 match,Disclose > $200
Adaptive,21,3,0,No limits,Allow all,5:1 match,Disclose > $200
Adaptive,21,4,0,No limits,Allow all,5:1 match,Disclose > $200
Adaptive,21,5,0,No limits,Allow all,5:1 match,Disclose > $200
Adaptive,21,6,0,No limits,Allow all,5:1 match,Disclose > $200
Adaptive,21,7,0,No limits,Allow all,5:1 match,Disclose > $200
Adaptive,21,8,0,No limits,Allow all,5:1 match,Disclose > $200
Adaptive,21,9,0,No limits,Allow all,5:1 match,Disclose > $200
Adaptive,21,10,0,No limits,Allow all,5:1 match,Disclose > $200
Adaptive,22,0,0.00520833333333333,"100,000",Allow all,5:1 match,Disclose > $200
Adaptive,22,1,1e-5,"100,000",Allow all,5:1 match,Disclose > $200
Adaptive,22,2,0,"100,000",Allow all,5:1 match,Disclose > $200
Adaptive,22,3,8e-5,"100,000",Allow all,5:1 match,Disclose > $200
Adaptive,22,4,2e-5,"100,000",Allow all,5:1 match,Disclose > $200
Adaptive,22,5,1e-5,"100,000",Allow all,5:1 match,Disclose > $200
Adaptive,22,6,0,"100,000",Allow all,5:1 match,Disclose > $200
Adaptive,22,7,0,"100,000",Allow all,5:1 match,Disclose > $200
Adaptive,22,8,0,"100,000",Allow all,5:1 match,Disclose > $200
Adaptive,22,9,0,"100,000",Allow all,5:1 match,Disclose > $200
Adaptive,22,10,0,"100,000",Allow all,5:1 match,Disclose > $200
Adaptive,23,0,0.00520833333333333,"$1,000,000",Allow all,5:1 match,Disclose > $200
Adaptive,23,1,1e-5,"$1,000,000",Allow all,5:1 match,Disclose > $200
Adaptive,23,2,2e-5,"$1,000,000",Allow all,5:1 match,Disclose > $200
Adaptive,23,3,8.8e-4,"$1,000,000",Allow all,5:1 match,Disclose > $200
Adaptive,23,4,4e-5,"$1,000,000",Allow all,5:1 match,Disclose > $200
Adaptive,23,5,1.2e-4,"$1,000,000",Allow all,5:1 match,Disclose > $200
Adaptive,23,6,4e-5,"$1,000,000",Allow all,5:1 match,Disclose > $200
Adaptive,23,7,0,"$1,000,000",Allow all,5:1 match,Disclose > $200
Adaptive,23,8,0,"$1,000,000",Allow all,5:1 match,Disclose > $200
Adaptive,23,9,0,"$1,000,000",Allow all,5:1 match,Disclose > $200
Adaptive,23,10,0,"$1,000,000",Allow all,5:1 match,Disclose > $200
Adaptive,24,0,0.00520833333333333,"$10,000",Allow all,5:1 match,Disclose > $200
Adaptive,24,1,0,"$10,000",Allow all,5:1 match,Disclose > $200
Adaptive,24,2,0,"$10,000",Allow all,5:1 match,Disclose > $200
Adaptive,24,3,1.4e-4,"$10,000",Allow all,5:1 match,Disclose > $200
Adaptive,24,4,1e-5,"$10,000",Allow all,5:1 match,Disclose > $200
Adaptive,24,5,1e-4,"$10,000",Allow all,5:1 match,Disclose > $200
Adaptive,24,6,1e-5,"$10,000",Allow all,5:1 match,Disclose > $200
Adaptive,24,7,0,"$10,000",Allow all,5:1 match,Disclose > $200
Adaptive,24,8,0,"$10,000",Allow all,5:1 match,Disclose > $200
Adaptive,24,9,0,"$10,000",Allow all,5:1 match,Disclose > $200
Adaptive,24,10,0,"$10,000",Allow all,5:1 match,Disclose > $200
Adaptive,25,0,0.00520833333333333,No limits,Prohibit all,1:1 match,Disclose > $200
Adaptive,25,1,7.7e-4,No limits,Prohibit all,1:1 match,Disclose > $200
Adaptive,25,2,0.00137,No limits,Prohibit all,1:1 match,Disclose > $200
Adaptive,25,3,6.8e-4,No limits,Prohibit all,1:1 match,Disclose > $200
Adaptive,25,4,0.00252,No limits,Prohibit all,1:1 match,Disclose > $200
Adaptive,25,5,0.00167,No limits,Prohibit all,1:1 match,Disclose > $200
Adaptive,25,6,6e-5,No limits,Prohibit all,1:1 match,Disclose > $200
Adaptive,25,7,0,No limits,Prohibit all,1:1 match,Disclose > $200
Adaptive,25,8,0,No limits,Prohibit all,1:1 match,Disclose > $200
Adaptive,25,9,0,No limits,Prohibit all,1:1 match,Disclose > $200
Adaptive,25,10,0,No limits,Prohibit all,1:1 match,Disclose > $200
Adaptive,26,0,0.00520833333333333,"100,000",Prohibit all,1:1 match,Disclose > $200
Adaptive,26,1,8.4e-4,"100,000",Prohibit all,1:1 match,Disclose > $200
Adaptive,26,2,0.00236,"100,000",Prohibit all,1:1 match,Disclose > $200
Adaptive,26,3,0.00144,"100,000",Prohibit all,1:1 match,Disclose > $200
Adaptive,26,4,0.00301,"100,000",Prohibit all,1:1 match,Disclose > $200
Adaptive,26,5,0.00118,"100,000",Prohibit all,1:1 match,Disclose > $200
Adaptive,26,6,6.9e-4,"100,000",Prohibit all,1:1 match,Disclose > $200
Adaptive,26,7,4e-5,"100,000",Prohibit all,1:1 match,Disclose > $200
Adaptive,26,8,2e-5,"100,000",Prohibit all,1:1 match,Disclose > $200
Adaptive,26,9,7e-5,"100,000",Prohibit all,1:1 match,Disclose > $200
Adaptive,26,10,3.7e-4,"100,000",Prohibit all,1:1 match,Disclose > $200
Adaptive,27,0,0.00520833333333333,"$1,000,000",Prohibit all,1:1 match,Disclose > $200
Adaptive,27,1,0.03971,"$1,000,000",Prohibit all,1:1 match,Disclose > $200
Adaptive,27,2,0.00995,"$1,000,000",Prohibit all,1:1 match,Disclose > $200
Adaptive,27,3,0.00953,"$1,000,000",Prohibit all,1:1 match,Disclose > $200
Adaptive,27,4,0.01315,"$1,000,000",Prohibit all,1:1 match,Disclose > $200
Adaptive,27,5,0.01587,"$1,000,000",Prohibit all,1:1 match,Disclose > $200
Adaptive,27,6,0.00438,"$1,000,000",Prohibit all,1:1 match,Disclose > $200
Adaptive,27,7,1.1e-4,"$1,000,000",Prohibit all,1:1 match,Disclose > $200
Adaptive,27,8,7e-5,"$1,000,000",Prohibit all,1:1 match,Disclose > $200
Adaptive,27,9,1.7e-4,"$1,000,000",Prohibit all,1:1 match,Disclose > $200
Adaptive,27,10,7e-5,"$1,000,000",Prohibit all,1:1 match,Disclose > $200
Adaptive,28,0,0.00520833333333333,"$10,000",Prohibit all,1:1 match,Disclose > $200
Adaptive,28,1,5.2e-4,"$10,000",Prohibit all,1:1 match,Disclose > $200
Adaptive,28,2,8.5e-4,"$10,000",Prohibit all,1:1 match,Disclose > $200
Adaptive,28,3,0.0041,"$10,000",Prohibit all,1:1 match,Disclose > $200
Adaptive,28,4,0.02113,"$10,000",Prohibit all,1:1 match,Disclose > $200
Adaptive,28,5,0.01313,"$10,000",Prohibit all,1:1 match,Disclose > $200
Adaptive,28,6,0.0047,"$10,000",Prohibit all,1:1 match,Disclose > $200
Adaptive,28,7,2.9e-4,"$10,000",Prohibit all,1:1 match,Disclose > $200
Adaptive,28,8,1.9e-4,"$10,000",Prohibit all,1:1 match,Disclose > $200
Adaptive,28,9,7e-4,"$10,000",Prohibit all,1:1 match,Disclose > $200
Adaptive,28,10,0.00103,"$10,000",Prohibit all,1:1 match,Disclose > $200
Adaptive,29,0,0.00520833333333333,No limits,"Prohibit candidate;
 allow PAC",1:1 match,Disclose > $200
Adaptive,29,1,8.1e-4,No limits,"Prohibit candidate;
 allow PAC",1:1 match,Disclose > $200
Adaptive,29,2,5.1e-4,No limits,"Prohibit candidate;
 allow PAC",1:1 match,Disclose > $200
Adaptive,29,3,0.00101,No limits,"Prohibit candidate;
 allow PAC",1:1 match,Disclose > $200
Adaptive,29,4,0.00247,No limits,"Prohibit candidate;
 allow PAC",1:1 match,Disclose > $200
Adaptive,29,5,6.1e-4,No limits,"Prohibit candidate;
 allow PAC",1:1 match,Disclose > $200
Adaptive,29,6,4e-5,No limits,"Prohibit candidate;
 allow PAC",1:1 match,Disclose > $200
Adaptive,29,7,0,No limits,"Prohibit candidate;
 allow PAC",1:1 match,Disclose > $200
Adaptive,29,8,0,No limits,"Prohibit candidate;
 allow PAC",1:1 match,Disclose > $200
Adaptive,29,9,0,No limits,"Prohibit candidate;
 allow PAC",1:1 match,Disclose > $200
Adaptive,29,10,0,No limits,"Prohibit candidate;
 allow PAC",1:1 match,Disclose > $200
Adaptive,30,0,0.00520833333333333,"100,000","Prohibit candidate;
 allow PAC",1:1 match,Disclose > $200
Adaptive,30,1,8.7e-4,"100,000","Prohibit candidate;
 allow PAC",1:1 match,Disclose > $200
Adaptive,30,2,8e-4,"100,000","Prohibit candidate;
 allow PAC",1:1 match,Disclose > $200
Adaptive,30,3,0.00207,"100,000","Prohibit candidate;
 allow PAC",1:1 match,Disclose > $200
Adaptive,30,4,0.00314,"100,000","Prohibit candidate;
 allow PAC",1:1 match,Disclose > $200
Adaptive,30,5,2.8e-4,"100,000","Prohibit candidate;
 allow PAC",1:1 match,Disclose > $200
Adaptive,30,6,1.3e-4,"100,000","Prohibit candidate;
 allow PAC",1:1 match,Disclose > $200
Adaptive,30,7,0,"100,000","Prohibit candidate;
 allow PAC",1:1 match,Disclose > $200
Adaptive,30,8,0,"100,000","Prohibit candidate;
 allow PAC",1:1 match,Disclose > $200
Adaptive,30,9,0,"100,000","Prohibit candidate;
 allow PAC",1:1 match,Disclose > $200
Adaptive,30,10,1e-5,"100,000","Prohibit candidate;
 allow PAC",1:1 match,Disclose > $200
Adaptive,31,0,0.00520833333333333,"$1,000,000","Prohibit candidate;
 allow PAC",1:1 match,Disclose > $200
Adaptive,31,1,0.04464,"$1,000,000","Prohibit candidate;
 allow PAC",1:1 match,Disclose > $200
Adaptive,31,2,0.00369,"$1,000,000","Prohibit candidate;
 allow PAC",1:1 match,Disclose > $200
Adaptive,31,3,0.01356,"$1,000,000","Prohibit candidate;
 allow PAC",1:1 match,Disclose > $200
Adaptive,31,4,0.01424,"$1,000,000","Prohibit candidate;
 allow PAC",1:1 match,Disclose > $200
Adaptive,31,5,0.00458,"$1,000,000","Prohibit candidate;
 allow PAC",1:1 match,Disclose > $200
Adaptive,31,6,0.00126,"$1,000,000","Prohibit candidate;
 allow PAC",1:1 match,Disclose > $200
Adaptive,31,7,0,"$1,000,000","Prohibit candidate;
 allow PAC",1:1 match,Disclose > $200
Adaptive,31,8,0,"$1,000,000","Prohibit candidate;
 allow PAC",1:1 match,Disclose > $200
Adaptive,31,9,0,"$1,000,000","Prohibit candidate;
 allow PAC",1:1 match,Disclose > $200
Adaptive,31,10,0,"$1,000,000","Prohibit candidate;
 allow PAC",1:1 match,Disclose > $200
Adaptive,32,0,0.00520833333333333,"$10,000","Prohibit candidate;
 allow PAC",1:1 match,Disclose > $200
Adaptive,32,1,7.3e-4,"$10,000","Prohibit candidate;
 allow PAC",1:1 match,Disclose > $200
Adaptive,32,2,3.9e-4,"$10,000","Prohibit candidate;
 allow PAC",1:1 match,Disclose > $200
Adaptive,32,3,0.00475,"$10,000","Prohibit candidate;
 allow PAC",1:1 match,Disclose > $200
Adaptive,32,4,0.01917,"$10,000","Prohibit candidate;
 allow PAC",1:1 match,Disclose > $200
Adaptive,32,5,0.00348,"$10,000","Prohibit candidate;
 allow PAC",1:1 match,Disclose > $200
Adaptive,32,6,0.00131,"$10,000","Prohibit candidate;
 allow PAC",1:1 match,Disclose > $200
Adaptive,32,7,1e-5,"$10,000","Prohibit candidate;
 allow PAC",1:1 match,Disclose > $200
Adaptive,32,8,2e-5,"$10,000","Prohibit candidate;
 allow PAC",1:1 match,Disclose > $200
Adaptive,32,9,0,"$10,000","Prohibit candidate;
 allow PAC",1:1 match,Disclose > $200
Adaptive,32,10,3e-5,"$10,000","Prohibit candidate;
 allow PAC",1:1 match,Disclose > $200
Adaptive,33,0,0.00520833333333333,No limits,Allow all,1:1 match,Disclose > $200
Adaptive,33,1,0,No limits,Allow all,1:1 match,Disclose > $200
Adaptive,33,2,0,No limits,Allow all,1:1 match,Disclose > $200
Adaptive,33,3,1e-5,No limits,Allow all,1:1 match,Disclose > $200
Adaptive,33,4,1e-5,No limits,Allow all,1:1 match,Disclose > $200
Adaptive,33,5,1e-5,No limits,Allow all,1:1 match,Disclose > $200
Adaptive,33,6,0,No limits,Allow all,1:1 match,Disclose > $200
Adaptive,33,7,0,No limits,Allow all,1:1 match,Disclose > $200
Adaptive,33,8,0,No limits,Allow all,1:1 match,Disclose > $200
Adaptive,33,9,0,No limits,Allow all,1:1 match,Disclose > $200
Adaptive,33,10,0,No limits,Allow all,1:1 match,Disclose > $200
Adaptive,34,0,0.00520833333333333,"100,000",Allow all,1:1 match,Disclose > $200
Adaptive,34,1,0,"100,000",Allow all,1:1 match,Disclose > $200
Adaptive,34,2,0,"100,000",Allow all,1:1 match,Disclose > $200
Adaptive,34,3,0,"100,000",Allow all,1:1 match,Disclose > $200
Adaptive,34,4,2e-5,"100,000",Allow all,1:1 match,Disclose > $200
Adaptive,34,5,1e-5,"100,000",Allow all,1:1 match,Disclose > $200
Adaptive,34,6,1e-5,"100,000",Allow all,1:1 match,Disclose > $200
Adaptive,34,7,0,"100,000",Allow all,1:1 match,Disclose > $200
Adaptive,34,8,0,"100,000",Allow all,1:1 match,Disclose > $200
Adaptive,34,9,0,"100,000",Allow all,1:1 match,Disclose > $200
Adaptive,34,10,0,"100,000",Allow all,1:1 match,Disclose > $200
Adaptive,35,0,0.00520833333333333,"$1,000,000",Allow all,1:1 match,Disclose > $200
Adaptive,35,1,1e-5,"$1,000,000",Allow all,1:1 match,Disclose > $200
Adaptive,35,2,5e-5,"$1,000,000",Allow all,1:1 match,Disclose > $200
Adaptive,35,3,1.9e-4,"$1,000,000",Allow all,1:1 match,Disclose > $200
Adaptive,35,4,1.5e-4,"$1,000,000",Allow all,1:1 match,Disclose > $200
Adaptive,35,5,2.4e-4,"$1,000,000",Allow all,1:1 match,Disclose > $200
Adaptive,35,6,1e-5,"$1,000,000",Allow all,1:1 match,Disclose > $200
Adaptive,35,7,0,"$1,000,000",Allow all,1:1 match,Disclose > $200
Adaptive,35,8,0,"$1,000,000",Allow all,1:1 match,Disclose > $200
Adaptive,35,9,0,"$1,000,000",Allow all,1:1 match,Disclose > $200
Adaptive,35,10,0,"$1,000,000",Allow all,1:1 match,Disclose > $200
Adaptive,36,0,0.00520833333333333,"$10,000",Allow all,1:1 match,Disclose > $200
Adaptive,36,1,0,"$10,000",Allow all,1:1 match,Disclose > $200
Adaptive,36,2,0,"$10,000",Allow all,1:1 match,Disclose > $200
Adaptive,36,3,2e-5,"$10,000",Allow all,1:1 match,Disclose > $200
Adaptive,36,4,1.2e-4,"$10,000",Allow all,1:1 match,Disclose > $200
Adaptive,36,5,2.1e-4,"$10,000",Allow all,1:1 match,Disclose > $200
Adaptive,36,6,0,"$10,000",Allow all,1:1 match,Disclose > $200
Adaptive,36,7,0,"$10,000",Allow all,1:1 match,Disclose > $200
Adaptive,36,8,0,"$10,000",Allow all,1:1 match,Disclose > $200
Adaptive,36,9,1e-5,"$10,000",Allow all,1:1 match,Disclose > $200
Adaptive,36,10,0,"$10,000",Allow all,1:1 match,Disclose > $200
Adaptive,37,0,0.00520833333333333,No limits,Prohibit all,Maintain status quo,Disclose > $200
Adaptive,37,1,0,No limits,Prohibit all,Maintain status quo,Disclose > $200
Adaptive,37,2,1e-5,No limits,Prohibit all,Maintain status quo,Disclose > $200
Adaptive,37,3,1.6e-4,No limits,Prohibit all,Maintain status quo,Disclose > $200
Adaptive,37,4,0.00141,No limits,Prohibit all,Maintain status quo,Disclose > $200
Adaptive,37,5,1.9e-4,No limits,Prohibit all,Maintain status quo,Disclose > $200
Adaptive,37,6,1e-5,No limits,Prohibit all,Maintain status quo,Disclose > $200
Adaptive,37,7,0,No limits,Prohibit all,Maintain status quo,Disclose > $200
Adaptive,37,8,0,No limits,Prohibit all,Maintain status quo,Disclose > $200
Adaptive,37,9,0,No limits,Prohibit all,Maintain status quo,Disclose > $200
Adaptive,37,10,0,No limits,Prohibit all,Maintain status quo,Disclose > $200
Adaptive,38,0,0.00520833333333333,"100,000",Prohibit all,Maintain status quo,Disclose > $200
Adaptive,38,1,2e-5,"100,000",Prohibit all,Maintain status quo,Disclose > $200
Adaptive,38,2,2e-5,"100,000",Prohibit all,Maintain status quo,Disclose > $200
Adaptive,38,3,5.9e-4,"100,000",Prohibit all,Maintain status quo,Disclose > $200
Adaptive,38,4,0.0024,"100,000",Prohibit all,Maintain status quo,Disclose > $200
Adaptive,38,5,1.5e-4,"100,000",Prohibit all,Maintain status quo,Disclose > $200
Adaptive,38,6,2.3e-4,"100,000",Prohibit all,Maintain status quo,Disclose > $200
Adaptive,38,7,8e-5,"100,000",Prohibit all,Maintain status quo,Disclose > $200
Adaptive,38,8,3e-5,"100,000",Prohibit all,Maintain status quo,Disclose > $200
Adaptive,38,9,6e-5,"100,000",Prohibit all,Maintain status quo,Disclose > $200
Adaptive,38,10,7.9e-4,"100,000",Prohibit all,Maintain status quo,Disclose > $200
Adaptive,39,0,0.00520833333333333,"$1,000,000",Prohibit all,Maintain status quo,Disclose > $200
Adaptive,39,1,2.5e-4,"$1,000,000",Prohibit all,Maintain status quo,Disclose > $200
Adaptive,39,2,3.2e-4,"$1,000,000",Prohibit all,Maintain status quo,Disclose > $200
Adaptive,39,3,0.00367,"$1,000,000",Prohibit all,Maintain status quo,Disclose > $200
Adaptive,39,4,0.01075,"$1,000,000",Prohibit all,Maintain status quo,Disclose > $200
Adaptive,39,5,0.0027,"$1,000,000",Prohibit all,Maintain status quo,Disclose > $200
Adaptive,39,6,0.00229,"$1,000,000",Prohibit all,Maintain status quo,Disclose > $200
Adaptive,39,7,3.5e-4,"$1,000,000",Prohibit all,Maintain status quo,Disclose > $200
Adaptive,39,8,1.2e-4,"$1,000,000",Prohibit all,Maintain status quo,Disclose > $200
Adaptive,39,9,2.6e-4,"$1,000,000",Prohibit all,Maintain status quo,Disclose > $200
Adaptive,39,10,2.4e-4,"$1,000,000",Prohibit all,Maintain status quo,Disclose > $200
Adaptive,40,0,0.00520833333333333,"$10,000",Prohibit all,Maintain status quo,Disclose > $200
Adaptive,40,1,0,"$10,000",Prohibit all,Maintain status quo,Disclose > $200
Adaptive,40,2,1e-5,"$10,000",Prohibit all,Maintain status quo,Disclose > $200
Adaptive,40,3,0.00113,"$10,000",Prohibit all,Maintain status quo,Disclose > $200
Adaptive,40,4,0.01166,"$10,000",Prohibit all,Maintain status quo,Disclose > $200
Adaptive,40,5,0.00138,"$10,000",Prohibit all,Maintain status quo,Disclose > $200
Adaptive,40,6,0.00151,"$10,000",Prohibit all,Maintain status quo,Disclose > $200
Adaptive,40,7,2.1e-4,"$10,000",Prohibit all,Maintain status quo,Disclose > $200
Adaptive,40,8,2.8e-4,"$10,000",Prohibit all,Maintain status quo,Disclose > $200
Adaptive,40,9,5e-4,"$10,000",Prohibit all,Maintain status quo,Disclose > $200
Adaptive,40,10,0.00125,"$10,000",Prohibit all,Maintain status quo,Disclose > $200
Adaptive,41,0,0.00520833333333333,No limits,"Prohibit candidate;
 allow PAC",Maintain status quo,Disclose > $200
Adaptive,41,1,0,No limits,"Prohibit candidate;
 allow PAC",Maintain status quo,Disclose > $200
Adaptive,41,2,2e-5,No limits,"Prohibit candidate;
 allow PAC",Maintain status quo,Disclose > $200
Adaptive,41,3,1.5e-4,No limits,"Prohibit candidate;
 allow PAC",Maintain status quo,Disclose > $200
Adaptive,41,4,0.00115,No limits,"Prohibit candidate;
 allow PAC",Maintain status quo,Disclose > $200
Adaptive,41,5,3e-5,No limits,"Prohibit candidate;
 allow PAC",Maintain status quo,Disclose > $200
Adaptive,41,6,0,No limits,"Prohibit candidate;
 allow PAC",Maintain status quo,Disclose > $200
Adaptive,41,7,0,No limits,"Prohibit candidate;
 allow PAC",Maintain status quo,Disclose > $200
Adaptive,41,8,0,No limits,"Prohibit candidate;
 allow PAC",Maintain status quo,Disclose > $200
Adaptive,41,9,0,No limits,"Prohibit candidate;
 allow PAC",Maintain status quo,Disclose > $200
Adaptive,41,10,0,No limits,"Prohibit candidate;
 allow PAC",Maintain status quo,Disclose > $200
Adaptive,42,0,0.00520833333333333,"100,000","Prohibit candidate;
 allow PAC",Maintain status quo,Disclose > $200
Adaptive,42,1,3e-5,"100,000","Prohibit candidate;
 allow PAC",Maintain status quo,Disclose > $200
Adaptive,42,2,5e-5,"100,000","Prohibit candidate;
 allow PAC",Maintain status quo,Disclose > $200
Adaptive,42,3,6.3e-4,"100,000","Prohibit candidate;
 allow PAC",Maintain status quo,Disclose > $200
Adaptive,42,4,0.00181,"100,000","Prohibit candidate;
 allow PAC",Maintain status quo,Disclose > $200
Adaptive,42,5,1e-5,"100,000","Prohibit candidate;
 allow PAC",Maintain status quo,Disclose > $200
Adaptive,42,6,3e-5,"100,000","Prohibit candidate;
 allow PAC",Maintain status quo,Disclose > $200
Adaptive,42,7,2e-5,"100,000","Prohibit candidate;
 allow PAC",Maintain status quo,Disclose > $200
Adaptive,42,8,0,"100,000","Prohibit candidate;
 allow PAC",Maintain status quo,Disclose > $200
Adaptive,42,9,0,"100,000","Prohibit candidate;
 allow PAC",Maintain status quo,Disclose > $200
Adaptive,42,10,5e-5,"100,000","Prohibit candidate;
 allow PAC",Maintain status quo,Disclose > $200
Adaptive,43,0,0.00520833333333333,"$1,000,000","Prohibit candidate;
 allow PAC",Maintain status quo,Disclose > $200
Adaptive,43,1,4e-4,"$1,000,000","Prohibit candidate;
 allow PAC",Maintain status quo,Disclose > $200
Adaptive,43,2,1.7e-4,"$1,000,000","Prohibit candidate;
 allow PAC",Maintain status quo,Disclose > $200
Adaptive,43,3,0.00445,"$1,000,000","Prohibit candidate;
 allow PAC",Maintain status quo,Disclose > $200
Adaptive,43,4,0.0095,"$1,000,000","Prohibit candidate;
 allow PAC",Maintain status quo,Disclose > $200
Adaptive,43,5,7.3e-4,"$1,000,000","Prohibit candidate;
 allow PAC",Maintain status quo,Disclose > $200
Adaptive,43,6,5.7e-4,"$1,000,000","Prohibit candidate;
 allow PAC",Maintain status quo,Disclose > $200
Adaptive,43,7,3e-5,"$1,000,000","Prohibit candidate;
 allow PAC",Maintain status quo,Disclose > $200
Adaptive,43,8,0,"$1,000,000","Prohibit candidate;
 allow PAC",Maintain status quo,Disclose > $200
Adaptive,43,9,3e-5,"$1,000,000","Prohibit candidate;
 allow PAC",Maintain status quo,Disclose > $200
Adaptive,43,10,1e-5,"$1,000,000","Prohibit candidate;
 allow PAC",Maintain status quo,Disclose > $200
Adaptive,44,0,0.00520833333333333,"$10,000","Prohibit candidate;
 allow PAC",Maintain status quo,Disclose > $200
Adaptive,44,1,1e-5,"$10,000","Prohibit candidate;
 allow PAC",Maintain status quo,Disclose > $200
Adaptive,44,2,1e-5,"$10,000","Prohibit candidate;
 allow PAC",Maintain status quo,Disclose > $200
Adaptive,44,3,0.0013,"$10,000","Prohibit candidate;
 allow PAC",Maintain status quo,Disclose > $200
Adaptive,44,4,0.00956,"$10,000","Prohibit candidate;
 allow PAC",Maintain status quo,Disclose > $200
Adaptive,44,5,3e-4,"$10,000","Prohibit candidate;
 allow PAC",Maintain status quo,Disclose > $200
Adaptive,44,6,4.7e-4,"$10,000","Prohibit candidate;
 allow PAC",Maintain status quo,Disclose > $200
Adaptive,44,7,0,"$10,000","Prohibit candidate;
 allow PAC",Maintain status quo,Disclose > $200
Adaptive,44,8,1e-5,"$10,000","Prohibit candidate;
 allow PAC",Maintain status quo,Disclose > $200
Adaptive,44,9,1e-5,"$10,000","Prohibit candidate;
 allow PAC",Maintain status quo,Disclose > $200
Adaptive,44,10,8e-5,"$10,000","Prohibit candidate;
 allow PAC",Maintain status quo,Disclose > $200
Adaptive,45,0,0.00520833333333333,No limits,Allow all,Maintain status quo,Disclose > $200
Adaptive,45,1,0,No limits,Allow all,Maintain status quo,Disclose > $200
Adaptive,45,2,0,No limits,Allow all,Maintain status quo,Disclose > $200
Adaptive,45,3,0,No limits,Allow all,Maintain status quo,Disclose > $200
Adaptive,45,4,0,No limits,Allow all,Maintain status quo,Disclose > $200
Adaptive,45,5,0,No limits,Allow all,Maintain status quo,Disclose > $200
Adaptive,45,6,0,No limits,Allow all,Maintain status quo,Disclose > $200
Adaptive,45,7,0,No limits,Allow all,Maintain status quo,Disclose > $200
Adaptive,45,8,0,No limits,Allow all,Maintain status quo,Disclose > $200
Adaptive,45,9,0,No limits,Allow all,Maintain status quo,Disclose > $200
Adaptive,45,10,0,No limits,Allow all,Maintain status quo,Disclose > $200
Adaptive,46,0,0.00520833333333333,"100,000",Allow all,Maintain status quo,Disclose > $200
Adaptive,46,1,0,"100,000",Allow all,Maintain status quo,Disclose > $200
Adaptive,46,2,0,"100,000",Allow all,Maintain status quo,Disclose > $200
Adaptive,46,3,0,"100,000",Allow all,Maintain status quo,Disclose > $200
Adaptive,46,4,0,"100,000",Allow all,Maintain status quo,Disclose > $200
Adaptive,46,5,0,"100,000",Allow all,Maintain status quo,Disclose > $200
Adaptive,46,6,0,"100,000",Allow all,Maintain status quo,Disclose > $200
Adaptive,46,7,0,"100,000",Allow all,Maintain status quo,Disclose > $200
Adaptive,46,8,0,"100,000",Allow all,Maintain status quo,Disclose > $200
Adaptive,46,9,0,"100,000",Allow all,Maintain status quo,Disclose > $200
Adaptive,46,10,0,"100,000",Allow all,Maintain status quo,Disclose > $200
Adaptive,47,0,0.00520833333333333,"$1,000,000",Allow all,Maintain status quo,Disclose > $200
Adaptive,47,1,0,"$1,000,000",Allow all,Maintain status quo,Disclose > $200
Adaptive,47,2,0,"$1,000,000",Allow all,Maintain status quo,Disclose > $200
Adaptive,47,3,1e-5,"$1,000,000",Allow all,Maintain status quo,Disclose > $200
Adaptive,47,4,5e-5,"$1,000,000",Allow all,Maintain status quo,Disclose > $200
Adaptive,47,5,1e-5,"$1,000,000",Allow all,Maintain status quo,Disclose > $200
Adaptive,47,6,0,"$1,000,000",Allow all,Maintain status quo,Disclose > $200
Adaptive,47,7,0,"$1,000,000",Allow all,Maintain status quo,Disclose > $200
Adaptive,47,8,0,"$1,000,000",Allow all,Maintain status quo,Disclose > $200
Adaptive,47,9,0,"$1,000,000",Allow all,Maintain status quo,Disclose > $200
Adaptive,47,10,0,"$1,000,000",Allow all,Maintain status quo,Disclose > $200
Adaptive,48,0,0.00520833333333333,"$10,000",Allow all,Maintain status quo,Disclose > $200
Adaptive,48,1,0,"$10,000",Allow all,Maintain status quo,Disclose > $200
Adaptive,48,2,0,"$10,000",Allow all,Maintain status quo,Disclose > $200
Adaptive,48,3,0,"$10,000",Allow all,Maintain status quo,Disclose > $200
Adaptive,48,4,0,"$10,000",Allow all,Maintain status quo,Disclose > $200
Adaptive,48,5,0,"$10,000",Allow all,Maintain status quo,Disclose > $200
Adaptive,48,6,0,"$10,000",Allow all,Maintain status quo,Disclose > $200
Adaptive,48,7,0,"$10,000",Allow all,Maintain status quo,Disclose > $200
Adaptive,48,8,0,"$10,000",Allow all,Maintain status quo,Disclose > $200
Adaptive,48,9,0,"$10,000",Allow all,Maintain status quo,Disclose > $200
Adaptive,48,10,0,"$10,000",Allow all,Maintain status quo,Disclose > $200
Adaptive,49,0,0.00520833333333333,No limits,Prohibit all,Prohibit all,Eliminate
Adaptive,49,1,5e-5,No limits,Prohibit all,Prohibit all,Eliminate
Adaptive,49,2,2.1e-4,No limits,Prohibit all,Prohibit all,Eliminate
Adaptive,49,3,4e-5,No limits,Prohibit all,Prohibit all,Eliminate
Adaptive,49,4,1.7e-4,No limits,Prohibit all,Prohibit all,Eliminate
Adaptive,49,5,1.1e-4,No limits,Prohibit all,Prohibit all,Eliminate
Adaptive,49,6,3e-5,No limits,Prohibit all,Prohibit all,Eliminate
Adaptive,49,7,0,No limits,Prohibit all,Prohibit all,Eliminate
Adaptive,49,8,0,No limits,Prohibit all,Prohibit all,Eliminate
Adaptive,49,9,0,No limits,Prohibit all,Prohibit all,Eliminate
Adaptive,49,10,0,No limits,Prohibit all,Prohibit all,Eliminate
Adaptive,50,0,0.00520833333333333,"100,000",Prohibit all,Prohibit all,Eliminate
Adaptive,50,1,8e-5,"100,000",Prohibit all,Prohibit all,Eliminate
Adaptive,50,2,2e-4,"100,000",Prohibit all,Prohibit all,Eliminate
Adaptive,50,3,1.1e-4,"100,000",Prohibit all,Prohibit all,Eliminate
Adaptive,50,4,3.8e-4,"100,000",Prohibit all,Prohibit all,Eliminate
Adaptive,50,5,1.9e-4,"100,000",Prohibit all,Prohibit all,Eliminate
Adaptive,50,6,2.3e-4,"100,000",Prohibit all,Prohibit all,Eliminate
Adaptive,50,7,3e-5,"100,000",Prohibit all,Prohibit all,Eliminate
Adaptive,50,8,3e-5,"100,000",Prohibit all,Prohibit all,Eliminate
Adaptive,50,9,5e-5,"100,000",Prohibit all,Prohibit all,Eliminate
Adaptive,50,10,2.8e-4,"100,000",Prohibit all,Prohibit all,Eliminate
Adaptive,51,0,0.00520833333333333,"$1,000,000",Prohibit all,Prohibit all,Eliminate
Adaptive,51,1,0.00954,"$1,000,000",Prohibit all,Prohibit all,Eliminate
Adaptive,51,2,0.00224,"$1,000,000",Prohibit all,Prohibit all,Eliminate
Adaptive,51,3,0.00152,"$1,000,000",Prohibit all,Prohibit all,Eliminate
Adaptive,51,4,0.00202,"$1,000,000",Prohibit all,Prohibit all,Eliminate
Adaptive,51,5,0.00305,"$1,000,000",Prohibit all,Prohibit all,Eliminate
Adaptive,51,6,0.00304,"$1,000,000",Prohibit all,Prohibit all,Eliminate
Adaptive,51,7,3.6e-4,"$1,000,000",Prohibit all,Prohibit all,Eliminate
Adaptive,51,8,1.7e-4,"$1,000,000",Prohibit all,Prohibit all,Eliminate
Adaptive,51,9,1.7e-4,"$1,000,000",Prohibit all,Prohibit all,Eliminate
Adaptive,51,10,8e-5,"$1,000,000",Prohibit all,Prohibit all,Eliminate
Adaptive,52,0,0.00520833333333333,"$10,000",Prohibit all,Prohibit all,Eliminate
Adaptive,52,1,7e-5,"$10,000",Prohibit all,Prohibit all,Eliminate
Adaptive,52,2,1.8e-4,"$10,000",Prohibit all,Prohibit all,Eliminate
Adaptive,52,3,4.1e-4,"$10,000",Prohibit all,Prohibit all,Eliminate
Adaptive,52,4,0.00241,"$10,000",Prohibit all,Prohibit all,Eliminate
Adaptive,52,5,0.00223,"$10,000",Prohibit all,Prohibit all,Eliminate
Adaptive,52,6,0.00249,"$10,000",Prohibit all,Prohibit all,Eliminate
Adaptive,52,7,3.4e-4,"$10,000",Prohibit all,Prohibit all,Eliminate
Adaptive,52,8,2.6e-4,"$10,000",Prohibit all,Prohibit all,Eliminate
Adaptive,52,9,3.1e-4,"$10,000",Prohibit all,Prohibit all,Eliminate
Adaptive,52,10,3.4e-4,"$10,000",Prohibit all,Prohibit all,Eliminate
Adaptive,53,0,0.00520833333333333,No limits,"Prohibit candidate;
 allow PAC",Prohibit all,Eliminate
Adaptive,53,1,7e-5,No limits,"Prohibit candidate;
 allow PAC",Prohibit all,Eliminate
Adaptive,53,2,3e-5,No limits,"Prohibit candidate;
 allow PAC",Prohibit all,Eliminate
Adaptive,53,3,2e-5,No limits,"Prohibit candidate;
 allow PAC",Prohibit all,Eliminate
Adaptive,53,4,1.4e-4,No limits,"Prohibit candidate;
 allow PAC",Prohibit all,Eliminate
Adaptive,53,5,3e-5,No limits,"Prohibit candidate;
 allow PAC",Prohibit all,Eliminate
Adaptive,53,6,0,No limits,"Prohibit candidate;
 allow PAC",Prohibit all,Eliminate
Adaptive,53,7,0,No limits,"Prohibit candidate;
 allow PAC",Prohibit all,Eliminate
Adaptive,53,8,0,No limits,"Prohibit candidate;
 allow PAC",Prohibit all,Eliminate
Adaptive,53,9,0,No limits,"Prohibit candidate;
 allow PAC",Prohibit all,Eliminate
Adaptive,53,10,0,No limits,"Prohibit candidate;
 allow PAC",Prohibit all,Eliminate
Adaptive,54,0,0.00520833333333333,"100,000","Prohibit candidate;
 allow PAC",Prohibit all,Eliminate
Adaptive,54,1,7e-5,"100,000","Prohibit candidate;
 allow PAC",Prohibit all,Eliminate
Adaptive,54,2,6e-5,"100,000","Prohibit candidate;
 allow PAC",Prohibit all,Eliminate
Adaptive,54,3,1.3e-4,"100,000","Prohibit candidate;
 allow PAC",Prohibit all,Eliminate
Adaptive,54,4,3.6e-4,"100,000","Prohibit candidate;
 allow PAC",Prohibit all,Eliminate
Adaptive,54,5,7e-5,"100,000","Prohibit candidate;
 allow PAC",Prohibit all,Eliminate
Adaptive,54,6,6e-5,"100,000","Prohibit candidate;
 allow PAC",Prohibit all,Eliminate
Adaptive,54,7,1e-5,"100,000","Prohibit candidate;
 allow PAC",Prohibit all,Eliminate
Adaptive,54,8,0,"100,000","Prohibit candidate;
 allow PAC",Prohibit all,Eliminate
Adaptive,54,9,1e-5,"100,000","Prohibit candidate;
 allow PAC",Prohibit all,Eliminate
Adaptive,54,10,1e-5,"100,000","Prohibit candidate;
 allow PAC",Prohibit all,Eliminate
Adaptive,55,0,0.00520833333333333,"$1,000,000","Prohibit candidate;
 allow PAC",Prohibit all,Eliminate
Adaptive,55,1,0.0107,"$1,000,000","Prohibit candidate;
 allow PAC",Prohibit all,Eliminate
Adaptive,55,2,7.5e-4,"$1,000,000","Prohibit candidate;
 allow PAC",Prohibit all,Eliminate
Adaptive,55,3,0.00152,"$1,000,000","Prohibit candidate;
 allow PAC",Prohibit all,Eliminate
Adaptive,55,4,0.00143,"$1,000,000","Prohibit candidate;
 allow PAC",Prohibit all,Eliminate
Adaptive,55,5,6.9e-4,"$1,000,000","Prohibit candidate;
 allow PAC",Prohibit all,Eliminate
Adaptive,55,6,6.8e-4,"$1,000,000","Prohibit candidate;
 allow PAC",Prohibit all,Eliminate
Adaptive,55,7,1e-5,"$1,000,000","Prohibit candidate;
 allow PAC",Prohibit all,Eliminate
Adaptive,55,8,0,"$1,000,000","Prohibit candidate;
 allow PAC",Prohibit all,Eliminate
Adaptive,55,9,0,"$1,000,000","Prohibit candidate;
 allow PAC",Prohibit all,Eliminate
Adaptive,55,10,0,"$1,000,000","Prohibit candidate;
 allow PAC",Prohibit all,Eliminate
Adaptive,56,0,0.00520833333333333,"$10,000","Prohibit candidate;
 allow PAC",Prohibit all,Eliminate
Adaptive,56,1,7e-5,"$10,000","Prohibit candidate;
 allow PAC",Prohibit all,Eliminate
Adaptive,56,2,5e-5,"$10,000","Prohibit candidate;
 allow PAC",Prohibit all,Eliminate
Adaptive,56,3,4.5e-4,"$10,000","Prohibit candidate;
 allow PAC",Prohibit all,Eliminate
Adaptive,56,4,0.00162,"$10,000","Prohibit candidate;
 allow PAC",Prohibit all,Eliminate
Adaptive,56,5,6.2e-4,"$10,000","Prohibit candidate;
 allow PAC",Prohibit all,Eliminate
Adaptive,56,6,6.8e-4,"$10,000","Prohibit candidate;
 allow PAC",Prohibit all,Eliminate
Adaptive,56,7,2e-5,"$10,000","Prohibit candidate;
 allow PAC",Prohibit all,Eliminate
Adaptive,56,8,1e-5,"$10,000","Prohibit candidate;
 allow PAC",Prohibit all,Eliminate
Adaptive,56,9,2e-5,"$10,000","Prohibit candidate;
 allow PAC",Prohibit all,Eliminate
Adaptive,56,10,1e-5,"$10,000","Prohibit candidate;
 allow PAC",Prohibit all,Eliminate
Adaptive,57,0,0.00520833333333333,No limits,Allow all,Prohibit all,Eliminate
Adaptive,57,1,0,No limits,Allow all,Prohibit all,Eliminate
Adaptive,57,2,0,No limits,Allow all,Prohibit all,Eliminate
Adaptive,57,3,0,No limits,Allow all,Prohibit all,Eliminate
Adaptive,57,4,0,No limits,Allow all,Prohibit all,Eliminate
Adaptive,57,5,0,No limits,Allow all,Prohibit all,Eliminate
Adaptive,57,6,0,No limits,Allow all,Prohibit all,Eliminate
Adaptive,57,7,0,No limits,Allow all,Prohibit all,Eliminate
Adaptive,57,8,0,No limits,Allow all,Prohibit all,Eliminate
Adaptive,57,9,0,No limits,Allow all,Prohibit all,Eliminate
Adaptive,57,10,0,No limits,Allow all,Prohibit all,Eliminate
Adaptive,58,0,0.00520833333333333,"100,000",Allow all,Prohibit all,Eliminate
Adaptive,58,1,0,"100,000",Allow all,Prohibit all,Eliminate
Adaptive,58,2,0,"100,000",Allow all,Prohibit all,Eliminate
Adaptive,58,3,0,"100,000",Allow all,Prohibit all,Eliminate
Adaptive,58,4,0,"100,000",Allow all,Prohibit all,Eliminate
Adaptive,58,5,0,"100,000",Allow all,Prohibit all,Eliminate
Adaptive,58,6,0,"100,000",Allow all,Prohibit all,Eliminate
Adaptive,58,7,0,"100,000",Allow all,Prohibit all,Eliminate
Adaptive,58,8,0,"100,000",Allow all,Prohibit all,Eliminate
Adaptive,58,9,0,"100,000",Allow all,Prohibit all,Eliminate
Adaptive,58,10,0,"100,000",Allow all,Prohibit all,Eliminate
Adaptive,59,0,0.00520833333333333,"$1,000,000",Allow all,Prohibit all,Eliminate
Adaptive,59,1,0,"$1,000,000",Allow all,Prohibit all,Eliminate
Adaptive,59,2,0,"$1,000,000",Allow all,Prohibit all,Eliminate
Adaptive,59,3,0,"$1,000,000",Allow all,Prohibit all,Eliminate
Adaptive,59,4,0,"$1,000,000",Allow all,Prohibit all,Eliminate
Adaptive,59,5,0,"$1,000,000",Allow all,Prohibit all,Eliminate
Adaptive,59,6,0,"$1,000,000",Allow all,Prohibit all,Eliminate
Adaptive,59,7,0,"$1,000,000",Allow all,Prohibit all,Eliminate
Adaptive,59,8,0,"$1,000,000",Allow all,Prohibit all,Eliminate
Adaptive,59,9,0,"$1,000,000",Allow all,Prohibit all,Eliminate
Adaptive,59,10,0,"$1,000,000",Allow all,Prohibit all,Eliminate
Adaptive,60,0,0.00520833333333333,"$10,000",Allow all,Prohibit all,Eliminate
Adaptive,60,1,0,"$10,000",Allow all,Prohibit all,Eliminate
Adaptive,60,2,0,"$10,000",Allow all,Prohibit all,Eliminate
Adaptive,60,3,0,"$10,000",Allow all,Prohibit all,Eliminate
Adaptive,60,4,0,"$10,000",Allow all,Prohibit all,Eliminate
Adaptive,60,5,0,"$10,000",Allow all,Prohibit all,Eliminate
Adaptive,60,6,1e-5,"$10,000",Allow all,Prohibit all,Eliminate
Adaptive,60,7,0,"$10,000",Allow all,Prohibit all,Eliminate
Adaptive,60,8,0,"$10,000",Allow all,Prohibit all,Eliminate
Adaptive,60,9,0,"$10,000",Allow all,Prohibit all,Eliminate
Adaptive,60,10,0,"$10,000",Allow all,Prohibit all,Eliminate
Adaptive,61,0,0.00520833333333333,No limits,Prohibit all,5:1 match,Eliminate
Adaptive,61,1,1.1e-4,No limits,Prohibit all,5:1 match,Eliminate
Adaptive,61,2,0.0014,No limits,Prohibit all,5:1 match,Eliminate
Adaptive,61,3,6e-5,No limits,Prohibit all,5:1 match,Eliminate
Adaptive,61,4,1e-5,No limits,Prohibit all,5:1 match,Eliminate
Adaptive,61,5,5e-5,No limits,Prohibit all,5:1 match,Eliminate
Adaptive,61,6,0,No limits,Prohibit all,5:1 match,Eliminate
Adaptive,61,7,0,No limits,Prohibit all,5:1 match,Eliminate
Adaptive,61,8,0,No limits,Prohibit all,5:1 match,Eliminate
Adaptive,61,9,0,No limits,Prohibit all,5:1 match,Eliminate
Adaptive,61,10,0,No limits,Prohibit all,5:1 match,Eliminate
Adaptive,62,0,0.00520833333333333,"100,000",Prohibit all,5:1 match,Eliminate
Adaptive,62,1,9e-5,"100,000",Prohibit all,5:1 match,Eliminate
Adaptive,62,2,0.00192,"100,000",Prohibit all,5:1 match,Eliminate
Adaptive,62,3,1.9e-4,"100,000",Prohibit all,5:1 match,Eliminate
Adaptive,62,4,1e-5,"100,000",Prohibit all,5:1 match,Eliminate
Adaptive,62,5,2e-5,"100,000",Prohibit all,5:1 match,Eliminate
Adaptive,62,6,1e-5,"100,000",Prohibit all,5:1 match,Eliminate
Adaptive,62,7,0,"100,000",Prohibit all,5:1 match,Eliminate
Adaptive,62,8,0,"100,000",Prohibit all,5:1 match,Eliminate
Adaptive,62,9,0,"100,000",Prohibit all,5:1 match,Eliminate
Adaptive,62,10,0,"100,000",Prohibit all,5:1 match,Eliminate
Adaptive,63,0,0.00520833333333333,"$1,000,000",Prohibit all,5:1 match,Eliminate
Adaptive,63,1,0.0051,"$1,000,000",Prohibit all,5:1 match,Eliminate
Adaptive,63,2,0.02184,"$1,000,000",Prohibit all,5:1 match,Eliminate
Adaptive,63,3,0.00238,"$1,000,000",Prohibit all,5:1 match,Eliminate
Adaptive,63,4,1.9e-4,"$1,000,000",Prohibit all,5:1 match,Eliminate
Adaptive,63,5,4.9e-4,"$1,000,000",Prohibit all,5:1 match,Eliminate
Adaptive,63,6,7e-5,"$1,000,000",Prohibit all,5:1 match,Eliminate
Adaptive,63,7,0,"$1,000,000",Prohibit all,5:1 match,Eliminate
Adaptive,63,8,0,"$1,000,000",Prohibit all,5:1 match,Eliminate
Adaptive,63,9,0,"$1,000,000",Prohibit all,5:1 match,Eliminate
Adaptive,63,10,0,"$1,000,000",Prohibit all,5:1 match,Eliminate
Adaptive,64,0,0.00520833333333333,"$10,000",Prohibit all,5:1 match,Eliminate
Adaptive,64,1,3e-5,"$10,000",Prohibit all,5:1 match,Eliminate
Adaptive,64,2,0.00093000000000000005,"$10,000",Prohibit all,5:1 match,Eliminate
Adaptive,64,3,6.3e-4,"$10,000",Prohibit all,5:1 match,Eliminate
Adaptive,64,4,2.2e-4,"$10,000",Prohibit all,5:1 match,Eliminate
Adaptive,64,5,5.4e-4,"$10,000",Prohibit all,5:1 match,Eliminate
Adaptive,64,6,1.5e-4,"$10,000",Prohibit all,5:1 match,Eliminate
Adaptive,64,7,1e-5,"$10,000",Prohibit all,5:1 match,Eliminate
Adaptive,64,8,0,"$10,000",Prohibit all,5:1 match,Eliminate
Adaptive,64,9,0,"$10,000",Prohibit all,5:1 match,Eliminate
Adaptive,64,10,0,"$10,000",Prohibit all,5:1 match,Eliminate
Adaptive,65,0,0.00520833333333333,No limits,"Prohibit candidate;
 allow PAC",5:1 match,Eliminate
Adaptive,65,1,1e-4,No limits,"Prohibit candidate;
 allow PAC",5:1 match,Eliminate
Adaptive,65,2,3.5e-4,No limits,"Prohibit candidate;
 allow PAC",5:1 match,Eliminate
Adaptive,65,3,1.3e-4,No limits,"Prohibit candidate;
 allow PAC",5:1 match,Eliminate
Adaptive,65,4,0,No limits,"Prohibit candidate;
 allow PAC",5:1 match,Eliminate
Adaptive,65,5,0,No limits,"Prohibit candidate;
 allow PAC",5:1 match,Eliminate
Adaptive,65,6,0,No limits,"Prohibit candidate;
 allow PAC",5:1 match,Eliminate
Adaptive,65,7,0,No limits,"Prohibit candidate;
 allow PAC",5:1 match,Eliminate
Adaptive,65,8,0,No limits,"Prohibit candidate;
 allow PAC",5:1 match,Eliminate
Adaptive,65,9,0,No limits,"Prohibit candidate;
 allow PAC",5:1 match,Eliminate
Adaptive,65,10,0,No limits,"Prohibit candidate;
 allow PAC",5:1 match,Eliminate
Adaptive,66,0,0.00520833333333333,"100,000","Prohibit candidate;
 allow PAC",5:1 match,Eliminate
Adaptive,66,1,5e-5,"100,000","Prohibit candidate;
 allow PAC",5:1 match,Eliminate
Adaptive,66,2,4.3e-4,"100,000","Prohibit candidate;
 allow PAC",5:1 match,Eliminate
Adaptive,66,3,2.6e-4,"100,000","Prohibit candidate;
 allow PAC",5:1 match,Eliminate
Adaptive,66,4,3e-5,"100,000","Prohibit candidate;
 allow PAC",5:1 match,Eliminate
Adaptive,66,5,0,"100,000","Prohibit candidate;
 allow PAC",5:1 match,Eliminate
Adaptive,66,6,0,"100,000","Prohibit candidate;
 allow PAC",5:1 match,Eliminate
Adaptive,66,7,0,"100,000","Prohibit candidate;
 allow PAC",5:1 match,Eliminate
Adaptive,66,8,0,"100,000","Prohibit candidate;
 allow PAC",5:1 match,Eliminate
Adaptive,66,9,0,"100,000","Prohibit candidate;
 allow PAC",5:1 match,Eliminate
Adaptive,66,10,0,"100,000","Prohibit candidate;
 allow PAC",5:1 match,Eliminate
Adaptive,67,0,0.00520833333333333,"$1,000,000","Prohibit candidate;
 allow PAC",5:1 match,Eliminate
Adaptive,67,1,0.00457,"$1,000,000","Prohibit candidate;
 allow PAC",5:1 match,Eliminate
Adaptive,67,2,0.00526,"$1,000,000","Prohibit candidate;
 allow PAC",5:1 match,Eliminate
Adaptive,67,3,0.00294,"$1,000,000","Prohibit candidate;
 allow PAC",5:1 match,Eliminate
Adaptive,67,4,1.8e-4,"$1,000,000","Prohibit candidate;
 allow PAC",5:1 match,Eliminate
Adaptive,67,5,1e-4,"$1,000,000","Prohibit candidate;
 allow PAC",5:1 match,Eliminate
Adaptive,67,6,3e-5,"$1,000,000","Prohibit candidate;
 allow PAC",5:1 match,Eliminate
Adaptive,67,7,0,"$1,000,000","Prohibit candidate;
 allow PAC",5:1 match,Eliminate
Adaptive,67,8,0,"$1,000,000","Prohibit candidate;
 allow PAC",5:1 match,Eliminate
Adaptive,67,9,0,"$1,000,000","Prohibit candidate;
 allow PAC",5:1 match,Eliminate
Adaptive,67,10,0,"$1,000,000","Prohibit candidate;
 allow PAC",5:1 match,Eliminate
Adaptive,68,0,0.00520833333333333,"$10,000","Prohibit candidate;
 allow PAC",5:1 match,Eliminate
Adaptive,68,1,6e-5,"$10,000","Prohibit candidate;
 allow PAC",5:1 match,Eliminate
Adaptive,68,2,2.4e-4,"$10,000","Prohibit candidate;
 allow PAC",5:1 match,Eliminate
Adaptive,68,3,4e-4,"$10,000","Prohibit candidate;
 allow PAC",5:1 match,Eliminate
Adaptive,68,4,7e-5,"$10,000","Prohibit candidate;
 allow PAC",5:1 match,Eliminate
Adaptive,68,5,1e-4,"$10,000","Prohibit candidate;
 allow PAC",5:1 match,Eliminate
Adaptive,68,6,2e-5,"$10,000","Prohibit candidate;
 allow PAC",5:1 match,Eliminate
Adaptive,68,7,0,"$10,000","Prohibit candidate;
 allow PAC",5:1 match,Eliminate
Adaptive,68,8,0,"$10,000","Prohibit candidate;
 allow PAC",5:1 match,Eliminate
Adaptive,68,9,0,"$10,000","Prohibit candidate;
 allow PAC",5:1 match,Eliminate
Adaptive,68,10,0,"$10,000","Prohibit candidate;
 allow PAC",5:1 match,Eliminate
Adaptive,69,0,0.00520833333333333,No limits,Allow all,5:1 match,Eliminate
Adaptive,69,1,0,No limits,Allow all,5:1 match,Eliminate
Adaptive,69,2,0,No limits,Allow all,5:1 match,Eliminate
Adaptive,69,3,0,No limits,Allow all,5:1 match,Eliminate
Adaptive,69,4,0,No limits,Allow all,5:1 match,Eliminate
Adaptive,69,5,0,No limits,Allow all,5:1 match,Eliminate
Adaptive,69,6,0,No limits,Allow all,5:1 match,Eliminate
Adaptive,69,7,0,No limits,Allow all,5:1 match,Eliminate
Adaptive,69,8,0,No limits,Allow all,5:1 match,Eliminate
Adaptive,69,9,0,No limits,Allow all,5:1 match,Eliminate
Adaptive,69,10,0,No limits,Allow all,5:1 match,Eliminate
Adaptive,70,0,0.00520833333333333,"100,000",Allow all,5:1 match,Eliminate
Adaptive,70,1,0,"100,000",Allow all,5:1 match,Eliminate
Adaptive,70,2,0,"100,000",Allow all,5:1 match,Eliminate
Adaptive,70,3,0,"100,000",Allow all,5:1 match,Eliminate
Adaptive,70,4,0,"100,000",Allow all,5:1 match,Eliminate
Adaptive,70,5,0,"100,000",Allow all,5:1 match,Eliminate
Adaptive,70,6,0,"100,000",Allow all,5:1 match,Eliminate
Adaptive,70,7,0,"100,000",Allow all,5:1 match,Eliminate
Adaptive,70,8,0,"100,000",Allow all,5:1 match,Eliminate
Adaptive,70,9,0,"100,000",Allow all,5:1 match,Eliminate
Adaptive,70,10,0,"100,000",Allow all,5:1 match,Eliminate
Adaptive,71,0,0.00520833333333333,"$1,000,000",Allow all,5:1 match,Eliminate
Adaptive,71,1,0,"$1,000,000",Allow all,5:1 match,Eliminate
Adaptive,71,2,2e-5,"$1,000,000",Allow all,5:1 match,Eliminate
Adaptive,71,3,1e-5,"$1,000,000",Allow all,5:1 match,Eliminate
Adaptive,71,4,0,"$1,000,000",Allow all,5:1 match,Eliminate
Adaptive,71,5,0,"$1,000,000",Allow all,5:1 match,Eliminate
Adaptive,71,6,0,"$1,000,000",Allow all,5:1 match,Eliminate
Adaptive,71,7,0,"$1,000,000",Allow all,5:1 match,Eliminate
Adaptive,71,8,0,"$1,000,000",Allow all,5:1 match,Eliminate
Adaptive,71,9,0,"$1,000,000",Allow all,5:1 match,Eliminate
Adaptive,71,10,0,"$1,000,000",Allow all,5:1 match,Eliminate
Adaptive,72,0,0.00520833333333333,"$10,000",Allow all,5:1 match,Eliminate
Adaptive,72,1,0,"$10,000",Allow all,5:1 match,Eliminate
Adaptive,72,2,0,"$10,000",Allow all,5:1 match,Eliminate
Adaptive,72,3,0,"$10,000",Allow all,5:1 match,Eliminate
Adaptive,72,4,0,"$10,000",Allow all,5:1 match,Eliminate
Adaptive,72,5,0,"$10,000",Allow all,5:1 match,Eliminate
Adaptive,72,6,0,"$10,000",Allow all,5:1 match,Eliminate
Adaptive,72,7,0,"$10,000",Allow all,5:1 match,Eliminate
Adaptive,72,8,0,"$10,000",Allow all,5:1 match,Eliminate
Adaptive,72,9,0,"$10,000",Allow all,5:1 match,Eliminate
Adaptive,72,10,0,"$10,000",Allow all,5:1 match,Eliminate
Adaptive,73,0,0.00520833333333333,No limits,Prohibit all,1:1 match,Eliminate
Adaptive,73,1,5e-5,No limits,Prohibit all,1:1 match,Eliminate
Adaptive,73,2,0.00226,No limits,Prohibit all,1:1 match,Eliminate
Adaptive,73,3,2e-5,No limits,Prohibit all,1:1 match,Eliminate
Adaptive,73,4,2e-5,No limits,Prohibit all,1:1 match,Eliminate
Adaptive,73,5,7e-5,No limits,Prohibit all,1:1 match,Eliminate
Adaptive,73,6,0,No limits,Prohibit all,1:1 match,Eliminate
Adaptive,73,7,0,No limits,Prohibit all,1:1 match,Eliminate
Adaptive,73,8,0,No limits,Prohibit all,1:1 match,Eliminate
Adaptive,73,9,0,No limits,Prohibit all,1:1 match,Eliminate
Adaptive,73,10,0,No limits,Prohibit all,1:1 match,Eliminate
Adaptive,74,0,0.00520833333333333,"100,000",Prohibit all,1:1 match,Eliminate
Adaptive,74,1,6e-5,"100,000",Prohibit all,1:1 match,Eliminate
Adaptive,74,2,0.00265,"100,000",Prohibit all,1:1 match,Eliminate
Adaptive,74,3,4e-5,"100,000",Prohibit all,1:1 match,Eliminate
Adaptive,74,4,4e-5,"100,000",Prohibit all,1:1 match,Eliminate
Adaptive,74,5,3e-5,"100,000",Prohibit all,1:1 match,Eliminate
Adaptive,74,6,1e-5,"100,000",Prohibit all,1:1 match,Eliminate
Adaptive,74,7,0,"100,000",Prohibit all,1:1 match,Eliminate
Adaptive,74,8,0,"100,000",Prohibit all,1:1 match,Eliminate
Adaptive,74,9,0,"100,000",Prohibit all,1:1 match,Eliminate
Adaptive,74,10,1e-5,"100,000",Prohibit all,1:1 match,Eliminate
Adaptive,75,0,0.00520833333333333,"$1,000,000",Prohibit all,1:1 match,Eliminate
Adaptive,75,1,0.00427,"$1,000,000",Prohibit all,1:1 match,Eliminate
Adaptive,75,2,0.03507,"$1,000,000",Prohibit all,1:1 match,Eliminate
Adaptive,75,3,5.3e-4,"$1,000,000",Prohibit all,1:1 match,Eliminate
Adaptive,75,4,3.4e-4,"$1,000,000",Prohibit all,1:1 match,Eliminate
Adaptive,75,5,7.4e-4,"$1,000,000",Prohibit all,1:1 match,Eliminate
Adaptive,75,6,2.5e-4,"$1,000,000",Prohibit all,1:1 match,Eliminate
Adaptive,75,7,0,"$1,000,000",Prohibit all,1:1 match,Eliminate
Adaptive,75,8,0,"$1,000,000",Prohibit all,1:1 match,Eliminate
Adaptive,75,9,0,"$1,000,000",Prohibit all,1:1 match,Eliminate
Adaptive,75,10,0,"$1,000,000",Prohibit all,1:1 match,Eliminate
Adaptive,76,0,0.00520833333333333,"$10,000",Prohibit all,1:1 match,Eliminate
Adaptive,76,1,2e-5,"$10,000",Prohibit all,1:1 match,Eliminate
Adaptive,76,2,0.00111,"$10,000",Prohibit all,1:1 match,Eliminate
Adaptive,76,3,1.9e-4,"$10,000",Prohibit all,1:1 match,Eliminate
Adaptive,76,4,5.4e-4,"$10,000",Prohibit all,1:1 match,Eliminate
Adaptive,76,5,5.8e-4,"$10,000",Prohibit all,1:1 match,Eliminate
Adaptive,76,6,3.2e-4,"$10,000",Prohibit all,1:1 match,Eliminate
Adaptive,76,7,0,"$10,000",Prohibit all,1:1 match,Eliminate
Adaptive,76,8,1e-5,"$10,000",Prohibit all,1:1 match,Eliminate
Adaptive,76,9,4e-5,"$10,000",Prohibit all,1:1 match,Eliminate
Adaptive,76,10,3e-5,"$10,000",Prohibit all,1:1 match,Eliminate
Adaptive,77,0,0.00520833333333333,No limits,"Prohibit candidate;
 allow PAC",1:1 match,Eliminate
Adaptive,77,1,7e-5,No limits,"Prohibit candidate;
 allow PAC",1:1 match,Eliminate
Adaptive,77,2,6e-4,No limits,"Prohibit candidate;
 allow PAC",1:1 match,Eliminate
Adaptive,77,3,3e-5,No limits,"Prohibit candidate;
 allow PAC",1:1 match,Eliminate
Adaptive,77,4,6e-5,No limits,"Prohibit candidate;
 allow PAC",1:1 match,Eliminate
Adaptive,77,5,2e-5,No limits,"Prohibit candidate;
 allow PAC",1:1 match,Eliminate
Adaptive,77,6,1e-5,No limits,"Prohibit candidate;
 allow PAC",1:1 match,Eliminate
Adaptive,77,7,0,No limits,"Prohibit candidate;
 allow PAC",1:1 match,Eliminate
Adaptive,77,8,0,No limits,"Prohibit candidate;
 allow PAC",1:1 match,Eliminate
Adaptive,77,9,0,No limits,"Prohibit candidate;
 allow PAC",1:1 match,Eliminate
Adaptive,77,10,0,No limits,"Prohibit candidate;
 allow PAC",1:1 match,Eliminate
Adaptive,78,0,0.00520833333333333,"100,000","Prohibit candidate;
 allow PAC",1:1 match,Eliminate
Adaptive,78,1,2e-5,"100,000","Prohibit candidate;
 allow PAC",1:1 match,Eliminate
Adaptive,78,2,7.3e-4,"100,000","Prohibit candidate;
 allow PAC",1:1 match,Eliminate
Adaptive,78,3,5e-5,"100,000","Prohibit candidate;
 allow PAC",1:1 match,Eliminate
Adaptive,78,4,4e-5,"100,000","Prohibit candidate;
 allow PAC",1:1 match,Eliminate
Adaptive,78,5,3e-5,"100,000","Prohibit candidate;
 allow PAC",1:1 match,Eliminate
Adaptive,78,6,0,"100,000","Prohibit candidate;
 allow PAC",1:1 match,Eliminate
Adaptive,78,7,0,"100,000","Prohibit candidate;
 allow PAC",1:1 match,Eliminate
Adaptive,78,8,0,"100,000","Prohibit candidate;
 allow PAC",1:1 match,Eliminate
Adaptive,78,9,0,"100,000","Prohibit candidate;
 allow PAC",1:1 match,Eliminate
Adaptive,78,10,0,"100,000","Prohibit candidate;
 allow PAC",1:1 match,Eliminate
Adaptive,79,0,0.00520833333333333,"$1,000,000","Prohibit candidate;
 allow PAC",1:1 match,Eliminate
Adaptive,79,1,0.0038,"$1,000,000","Prohibit candidate;
 allow PAC",1:1 match,Eliminate
Adaptive,79,2,0.01005,"$1,000,000","Prohibit candidate;
 allow PAC",1:1 match,Eliminate
Adaptive,79,3,6.5e-4,"$1,000,000","Prohibit candidate;
 allow PAC",1:1 match,Eliminate
Adaptive,79,4,3.2e-4,"$1,000,000","Prohibit candidate;
 allow PAC",1:1 match,Eliminate
Adaptive,79,5,1.8e-4,"$1,000,000","Prohibit candidate;
 allow PAC",1:1 match,Eliminate
Adaptive,79,6,9e-5,"$1,000,000","Prohibit candidate;
 allow PAC",1:1 match,Eliminate
Adaptive,79,7,0,"$1,000,000","Prohibit candidate;
 allow PAC",1:1 match,Eliminate
Adaptive,79,8,0,"$1,000,000","Prohibit candidate;
 allow PAC",1:1 match,Eliminate
Adaptive,79,9,0,"$1,000,000","Prohibit candidate;
 allow PAC",1:1 match,Eliminate
Adaptive,79,10,0,"$1,000,000","Prohibit candidate;
 allow PAC",1:1 match,Eliminate
Adaptive,80,0,0.00520833333333333,"$10,000","Prohibit candidate;
 allow PAC",1:1 match,Eliminate
Adaptive,80,1,6e-5,"$10,000","Prohibit candidate;
 allow PAC",1:1 match,Eliminate
Adaptive,80,2,3.1e-4,"$10,000","Prohibit candidate;
 allow PAC",1:1 match,Eliminate
Adaptive,80,3,1.7e-4,"$10,000","Prohibit candidate;
 allow PAC",1:1 match,Eliminate
Adaptive,80,4,4e-4,"$10,000","Prohibit candidate;
 allow PAC",1:1 match,Eliminate
Adaptive,80,5,1.1e-4,"$10,000","Prohibit candidate;
 allow PAC",1:1 match,Eliminate
Adaptive,80,6,6e-5,"$10,000","Prohibit candidate;
 allow PAC",1:1 match,Eliminate
Adaptive,80,7,0,"$10,000","Prohibit candidate;
 allow PAC",1:1 match,Eliminate
Adaptive,80,8,0,"$10,000","Prohibit candidate;
 allow PAC",1:1 match,Eliminate
Adaptive,80,9,0,"$10,000","Prohibit candidate;
 allow PAC",1:1 match,Eliminate
Adaptive,80,10,0,"$10,000","Prohibit candidate;
 allow PAC",1:1 match,Eliminate
Adaptive,81,0,0.00520833333333333,No limits,Allow all,1:1 match,Eliminate
Adaptive,81,1,0,No limits,Allow all,1:1 match,Eliminate
Adaptive,81,2,0,No limits,Allow all,1:1 match,Eliminate
Adaptive,81,3,0,No limits,Allow all,1:1 match,Eliminate
Adaptive,81,4,0,No limits,Allow all,1:1 match,Eliminate
Adaptive,81,5,0,No limits,Allow all,1:1 match,Eliminate
Adaptive,81,6,0,No limits,Allow all,1:1 match,Eliminate
Adaptive,81,7,0,No limits,Allow all,1:1 match,Eliminate
Adaptive,81,8,0,No limits,Allow all,1:1 match,Eliminate
Adaptive,81,9,0,No limits,Allow all,1:1 match,Eliminate
Adaptive,81,10,0,No limits,Allow all,1:1 match,Eliminate
Adaptive,82,0,0.00520833333333333,"100,000",Allow all,1:1 match,Eliminate
Adaptive,82,1,0,"100,000",Allow all,1:1 match,Eliminate
Adaptive,82,2,0,"100,000",Allow all,1:1 match,Eliminate
Adaptive,82,3,0,"100,000",Allow all,1:1 match,Eliminate
Adaptive,82,4,0,"100,000",Allow all,1:1 match,Eliminate
Adaptive,82,5,0,"100,000",Allow all,1:1 match,Eliminate
Adaptive,82,6,0,"100,000",Allow all,1:1 match,Eliminate
Adaptive,82,7,0,"100,000",Allow all,1:1 match,Eliminate
Adaptive,82,8,0,"100,000",Allow all,1:1 match,Eliminate
Adaptive,82,9,0,"100,000",Allow all,1:1 match,Eliminate
Adaptive,82,10,0,"100,000",Allow all,1:1 match,Eliminate
Adaptive,83,0,0.00520833333333333,"$1,000,000",Allow all,1:1 match,Eliminate
Adaptive,83,1,0,"$1,000,000",Allow all,1:1 match,Eliminate
Adaptive,83,2,7e-5,"$1,000,000",Allow all,1:1 match,Eliminate
Adaptive,83,3,0,"$1,000,000",Allow all,1:1 match,Eliminate
Adaptive,83,4,0,"$1,000,000",Allow all,1:1 match,Eliminate
Adaptive,83,5,0,"$1,000,000",Allow all,1:1 match,Eliminate
Adaptive,83,6,0,"$1,000,000",Allow all,1:1 match,Eliminate
Adaptive,83,7,0,"$1,000,000",Allow all,1:1 match,Eliminate
Adaptive,83,8,0,"$1,000,000",Allow all,1:1 match,Eliminate
Adaptive,83,9,0,"$1,000,000",Allow all,1:1 match,Eliminate
Adaptive,83,10,0,"$1,000,000",Allow all,1:1 match,Eliminate
Adaptive,84,0,0.00520833333333333,"$10,000",Allow all,1:1 match,Eliminate
Adaptive,84,1,0,"$10,000",Allow all,1:1 match,Eliminate
Adaptive,84,2,0,"$10,000",Allow all,1:1 match,Eliminate
Adaptive,84,3,0,"$10,000",Allow all,1:1 match,Eliminate
Adaptive,84,4,0,"$10,000",Allow all,1:1 match,Eliminate
Adaptive,84,5,0,"$10,000",Allow all,1:1 match,Eliminate
Adaptive,84,6,0,"$10,000",Allow all,1:1 match,Eliminate
Adaptive,84,7,0,"$10,000",Allow all,1:1 match,Eliminate
Adaptive,84,8,0,"$10,000",Allow all,1:1 match,Eliminate
Adaptive,84,9,0,"$10,000",Allow all,1:1 match,Eliminate
Adaptive,84,10,0,"$10,000",Allow all,1:1 match,Eliminate
Adaptive,85,0,0.00520833333333333,No limits,Prohibit all,Maintain status quo,Eliminate
Adaptive,85,1,0,No limits,Prohibit all,Maintain status quo,Eliminate
Adaptive,85,2,1e-5,No limits,Prohibit all,Maintain status quo,Eliminate
Adaptive,85,3,0,No limits,Prohibit all,Maintain status quo,Eliminate
Adaptive,85,4,2e-5,No limits,Prohibit all,Maintain status quo,Eliminate
Adaptive,85,5,1e-5,No limits,Prohibit all,Maintain status quo,Eliminate
Adaptive,85,6,0,No limits,Prohibit all,Maintain status quo,Eliminate
Adaptive,85,7,0,No limits,Prohibit all,Maintain status quo,Eliminate
Adaptive,85,8,0,No limits,Prohibit all,Maintain status quo,Eliminate
Adaptive,85,9,0,No limits,Prohibit all,Maintain status quo,Eliminate
Adaptive,85,10,0,No limits,Prohibit all,Maintain status quo,Eliminate
Adaptive,86,0,0.00520833333333333,"100,000",Prohibit all,Maintain status quo,Eliminate
Adaptive,86,1,0,"100,000",Prohibit all,Maintain status quo,Eliminate
Adaptive,86,2,3e-5,"100,000",Prohibit all,Maintain status quo,Eliminate
Adaptive,86,3,1e-5,"100,000",Prohibit all,Maintain status quo,Eliminate
Adaptive,86,4,2e-5,"100,000",Prohibit all,Maintain status quo,Eliminate
Adaptive,86,5,0,"100,000",Prohibit all,Maintain status quo,Eliminate
Adaptive,86,6,0,"100,000",Prohibit all,Maintain status quo,Eliminate
Adaptive,86,7,0,"100,000",Prohibit all,Maintain status quo,Eliminate
Adaptive,86,8,0,"100,000",Prohibit all,Maintain status quo,Eliminate
Adaptive,86,9,0,"100,000",Prohibit all,Maintain status quo,Eliminate
Adaptive,86,10,1e-5,"100,000",Prohibit all,Maintain status quo,Eliminate
Adaptive,87,0,0.00520833333333333,"$1,000,000",Prohibit all,Maintain status quo,Eliminate
Adaptive,87,1,7e-5,"$1,000,000",Prohibit all,Maintain status quo,Eliminate
Adaptive,87,2,5.1e-4,"$1,000,000",Prohibit all,Maintain status quo,Eliminate
Adaptive,87,3,1.3e-4,"$1,000,000",Prohibit all,Maintain status quo,Eliminate
Adaptive,87,4,3e-4,"$1,000,000",Prohibit all,Maintain status quo,Eliminate
Adaptive,87,5,1.1e-4,"$1,000,000",Prohibit all,Maintain status quo,Eliminate
Adaptive,87,6,1.8e-4,"$1,000,000",Prohibit all,Maintain status quo,Eliminate
Adaptive,87,7,0,"$1,000,000",Prohibit all,Maintain status quo,Eliminate
Adaptive,87,8,0,"$1,000,000",Prohibit all,Maintain status quo,Eliminate
Adaptive,87,9,0,"$1,000,000",Prohibit all,Maintain status quo,Eliminate
Adaptive,87,10,1e-5,"$1,000,000",Prohibit all,Maintain status quo,Eliminate
Adaptive,88,0,0.00520833333333333,"$10,000",Prohibit all,Maintain status quo,Eliminate
Adaptive,88,1,0,"$10,000",Prohibit all,Maintain status quo,Eliminate
Adaptive,88,2,1e-5,"$10,000",Prohibit all,Maintain status quo,Eliminate
Adaptive,88,3,2e-5,"$10,000",Prohibit all,Maintain status quo,Eliminate
Adaptive,88,4,2e-4,"$10,000",Prohibit all,Maintain status quo,Eliminate
Adaptive,88,5,4e-5,"$10,000",Prohibit all,Maintain status quo,Eliminate
Adaptive,88,6,1.1e-4,"$10,000",Prohibit all,Maintain status quo,Eliminate
Adaptive,88,7,2e-5,"$10,000",Prohibit all,Maintain status quo,Eliminate
Adaptive,88,8,4e-5,"$10,000",Prohibit all,Maintain status quo,Eliminate
Adaptive,88,9,1e-5,"$10,000",Prohibit all,Maintain status quo,Eliminate
Adaptive,88,10,5e-5,"$10,000",Prohibit all,Maintain status quo,Eliminate
Adaptive,89,0,0.00520833333333333,No limits,"Prohibit candidate;
 allow PAC",Maintain status quo,Eliminate
Adaptive,89,1,0,No limits,"Prohibit candidate;
 allow PAC",Maintain status quo,Eliminate
Adaptive,89,2,0,No limits,"Prohibit candidate;
 allow PAC",Maintain status quo,Eliminate
Adaptive,89,3,0,No limits,"Prohibit candidate;
 allow PAC",Maintain status quo,Eliminate
Adaptive,89,4,4e-5,No limits,"Prohibit candidate;
 allow PAC",Maintain status quo,Eliminate
Adaptive,89,5,0,No limits,"Prohibit candidate;
 allow PAC",Maintain status quo,Eliminate
Adaptive,89,6,0,No limits,"Prohibit candidate;
 allow PAC",Maintain status quo,Eliminate
Adaptive,89,7,0,No limits,"Prohibit candidate;
 allow PAC",Maintain status quo,Eliminate
Adaptive,89,8,0,No limits,"Prohibit candidate;
 allow PAC",Maintain status quo,Eliminate
Adaptive,89,9,0,No limits,"Prohibit candidate;
 allow PAC",Maintain status quo,Eliminate
Adaptive,89,10,0,No limits,"Prohibit candidate;
 allow PAC",Maintain status quo,Eliminate
Adaptive,90,0,0.00520833333333333,"100,000","Prohibit candidate;
 allow PAC",Maintain status quo,Eliminate
Adaptive,90,1,0,"100,000","Prohibit candidate;
 allow PAC",Maintain status quo,Eliminate
Adaptive,90,2,2e-5,"100,000","Prohibit candidate;
 allow PAC",Maintain status quo,Eliminate
Adaptive,90,3,1e-5,"100,000","Prohibit candidate;
 allow PAC",Maintain status quo,Eliminate
Adaptive,90,4,7e-5,"100,000","Prohibit candidate;
 allow PAC",Maintain status quo,Eliminate
Adaptive,90,5,0,"100,000","Prohibit candidate;
 allow PAC",Maintain status quo,Eliminate
Adaptive,90,6,0,"100,000","Prohibit candidate;
 allow PAC",Maintain status quo,Eliminate
Adaptive,90,7,0,"100,000","Prohibit candidate;
 allow PAC",Maintain status quo,Eliminate
Adaptive,90,8,0,"100,000","Prohibit candidate;
 allow PAC",Maintain status quo,Eliminate
Adaptive,90,9,0,"100,000","Prohibit candidate;
 allow PAC",Maintain status quo,Eliminate
Adaptive,90,10,0,"100,000","Prohibit candidate;
 allow PAC",Maintain status quo,Eliminate
Adaptive,91,0,0.00520833333333333,"$1,000,000","Prohibit candidate;
 allow PAC",Maintain status quo,Eliminate
Adaptive,91,1,4e-5,"$1,000,000","Prohibit candidate;
 allow PAC",Maintain status quo,Eliminate
Adaptive,91,2,1.9e-4,"$1,000,000","Prohibit candidate;
 allow PAC",Maintain status quo,Eliminate
Adaptive,91,3,1.4e-4,"$1,000,000","Prohibit candidate;
 allow PAC",Maintain status quo,Eliminate
Adaptive,91,4,1.7e-4,"$1,000,000","Prohibit candidate;
 allow PAC",Maintain status quo,Eliminate
Adaptive,91,5,1e-5,"$1,000,000","Prohibit candidate;
 allow PAC",Maintain status quo,Eliminate
Adaptive,91,6,3e-5,"$1,000,000","Prohibit candidate;
 allow PAC",Maintain status quo,Eliminate
Adaptive,91,7,0,"$1,000,000","Prohibit candidate;
 allow PAC",Maintain status quo,Eliminate
Adaptive,91,8,0,"$1,000,000","Prohibit candidate;
 allow PAC",Maintain status quo,Eliminate
Adaptive,91,9,0,"$1,000,000","Prohibit candidate;
 allow PAC",Maintain status quo,Eliminate
Adaptive,91,10,0,"$1,000,000","Prohibit candidate;
 allow PAC",Maintain status quo,Eliminate
Adaptive,92,0,0.00520833333333333,"$10,000","Prohibit candidate;
 allow PAC",Maintain status quo,Eliminate
Adaptive,92,1,0,"$10,000","Prohibit candidate;
 allow PAC",Maintain status quo,Eliminate
Adaptive,92,2,0,"$10,000","Prohibit candidate;
 allow PAC",Maintain status quo,Eliminate
Adaptive,92,3,0,"$10,000","Prohibit candidate;
 allow PAC",Maintain status quo,Eliminate
Adaptive,92,4,1.4e-4,"$10,000","Prohibit candidate;
 allow PAC",Maintain status quo,Eliminate
Adaptive,92,5,1e-5,"$10,000","Prohibit candidate;
 allow PAC",Maintain status quo,Eliminate
Adaptive,92,6,1e-5,"$10,000","Prohibit candidate;
 allow PAC",Maintain status quo,Eliminate
Adaptive,92,7,0,"$10,000","Prohibit candidate;
 allow PAC",Maintain status quo,Eliminate
Adaptive,92,8,0,"$10,000","Prohibit candidate;
 allow PAC",Maintain status quo,Eliminate
Adaptive,92,9,0,"$10,000","Prohibit candidate;
 allow PAC",Maintain status quo,Eliminate
Adaptive,92,10,0,"$10,000","Prohibit candidate;
 allow PAC",Maintain status quo,Eliminate
Adaptive,93,0,0.00520833333333333,No limits,Allow all,Maintain status quo,Eliminate
Adaptive,93,1,0,No limits,Allow all,Maintain status quo,Eliminate
Adaptive,93,2,0,No limits,Allow all,Maintain status quo,Eliminate
Adaptive,93,3,0,No limits,Allow all,Maintain status quo,Eliminate
Adaptive,93,4,0,No limits,Allow all,Maintain status quo,Eliminate
Adaptive,93,5,0,No limits,Allow all,Maintain status quo,Eliminate
Adaptive,93,6,0,No limits,Allow all,Maintain status quo,Eliminate
Adaptive,93,7,0,No limits,Allow all,Maintain status quo,Eliminate
Adaptive,93,8,0,No limits,Allow all,Maintain status quo,Eliminate
Adaptive,93,9,0,No limits,Allow all,Maintain status quo,Eliminate
Adaptive,93,10,0,No limits,Allow all,Maintain status quo,Eliminate
Adaptive,94,0,0.00520833333333333,"100,000",Allow all,Maintain status quo,Eliminate
Adaptive,94,1,0,"100,000",Allow all,Maintain status quo,Eliminate
Adaptive,94,2,0,"100,000",Allow all,Maintain status quo,Eliminate
Adaptive,94,3,0,"100,000",Allow all,Maintain status quo,Eliminate
Adaptive,94,4,0,"100,000",Allow all,Maintain status quo,Eliminate
Adaptive,94,5,0,"100,000",Allow all,Maintain status quo,Eliminate
Adaptive,94,6,0,"100,000",Allow all,Maintain status quo,Eliminate
Adaptive,94,7,0,"100,000",Allow all,Maintain status quo,Eliminate
Adaptive,94,8,0,"100,000",Allow all,Maintain status quo,Eliminate
Adaptive,94,9,0,"100,000",Allow all,Maintain status quo,Eliminate
Adaptive,94,10,0,"100,000",Allow all,Maintain status quo,Eliminate
Adaptive,95,0,0.00520833333333333,"$1,000,000",Allow all,Maintain status quo,Eliminate
Adaptive,95,1,0,"$1,000,000",Allow all,Maintain status quo,Eliminate
Adaptive,95,2,0,"$1,000,000",Allow all,Maintain status quo,Eliminate
Adaptive,95,3,0,"$1,000,000",Allow all,Maintain status quo,Eliminate
Adaptive,95,4,0,"$1,000,000",Allow all,Maintain status quo,Eliminate
Adaptive,95,5,0,"$1,000,000",Allow all,Maintain status quo,Eliminate
Adaptive,95,6,0,"$1,000,000",Allow all,Maintain status quo,Eliminate
Adaptive,95,7,0,"$1,000,000",Allow all,Maintain status quo,Eliminate
Adaptive,95,8,0,"$1,000,000",Allow all,Maintain status quo,Eliminate
Adaptive,95,9,0,"$1,000,000",Allow all,Maintain status quo,Eliminate
Adaptive,95,10,0,"$1,000,000",Allow all,Maintain status quo,Eliminate
Adaptive,96,0,0.00520833333333333,"$10,000",Allow all,Maintain status quo,Eliminate
Adaptive,96,1,0,"$10,000",Allow all,Maintain status quo,Eliminate
Adaptive,96,2,0,"$10,000",Allow all,Maintain status quo,Eliminate
Adaptive,96,3,0,"$10,000",Allow all,Maintain status quo,Eliminate
Adaptive,96,4,0,"$10,000",Allow all,Maintain status quo,Eliminate
Adaptive,96,5,0,"$10,000",Allow all,Maintain status quo,Eliminate
Adaptive,96,6,0,"$10,000",Allow all,Maintain status quo,Eliminate
Adaptive,96,7,0,"$10,000",Allow all,Maintain status quo,Eliminate
Adaptive,96,8,0,"$10,000",Allow all,Maintain status quo,Eliminate
Adaptive,96,9,0,"$10,000",Allow all,Maintain status quo,Eliminate
Adaptive,96,10,0,"$10,000",Allow all,Maintain status quo,Eliminate
Adaptive,97,0,0.00520833333333333,No limits,Prohibit all,Prohibit all,Disclose > $500
Adaptive,97,1,0.00107,No limits,Prohibit all,Prohibit all,Disclose > $500
Adaptive,97,2,0.00181,No limits,Prohibit all,Prohibit all,Disclose > $500
Adaptive,97,3,0.0029,No limits,Prohibit all,Prohibit all,Disclose > $500
Adaptive,97,4,0.0074400000000000004,No limits,Prohibit all,Prohibit all,Disclose > $500
Adaptive,97,5,0.00513,No limits,Prohibit all,Prohibit all,Disclose > $500
Adaptive,97,6,2.4e-4,No limits,Prohibit all,Prohibit all,Disclose > $500
Adaptive,97,7,5e-5,No limits,Prohibit all,Prohibit all,Disclose > $500
Adaptive,97,8,4e-5,No limits,Prohibit all,Prohibit all,Disclose > $500
Adaptive,97,9,0,No limits,Prohibit all,Prohibit all,Disclose > $500
Adaptive,97,10,1e-5,No limits,Prohibit all,Prohibit all,Disclose > $500
Adaptive,98,0,0.00520833333333333,"100,000",Prohibit all,Prohibit all,Disclose > $500
Adaptive,98,1,0.00123,"100,000",Prohibit all,Prohibit all,Disclose > $500
Adaptive,98,2,0.00281,"100,000",Prohibit all,Prohibit all,Disclose > $500
Adaptive,98,3,0.00559,"100,000",Prohibit all,Prohibit all,Disclose > $500
Adaptive,98,4,0.00873,"100,000",Prohibit all,Prohibit all,Disclose > $500
Adaptive,98,5,0.00379,"100,000",Prohibit all,Prohibit all,Disclose > $500
Adaptive,98,6,0.0026,"100,000",Prohibit all,Prohibit all,Disclose > $500
Adaptive,98,7,0.00144,"100,000",Prohibit all,Prohibit all,Disclose > $500
Adaptive,98,8,8.4e-4,"100,000",Prohibit all,Prohibit all,Disclose > $500
Adaptive,98,9,0.00224,"100,000",Prohibit all,Prohibit all,Disclose > $500
Adaptive,98,10,0.0068,"100,000",Prohibit all,Prohibit all,Disclose > $500
Adaptive,99,0,0.00520833333333333,"$1,000,000",Prohibit all,Prohibit all,Disclose > $500
Adaptive,99,1,0.10841,"$1,000,000",Prohibit all,Prohibit all,Disclose > $500
Adaptive,99,2,0.01252,"$1,000,000",Prohibit all,Prohibit all,Disclose > $500
Adaptive,99,3,0.03926,"$1,000,000",Prohibit all,Prohibit all,Disclose > $500
Adaptive,99,4,0.04054,"$1,000,000",Prohibit all,Prohibit all,Disclose > $500
Adaptive,99,5,0.05233,"$1,000,000",Prohibit all,Prohibit all,Disclose > $500
Adaptive,99,6,0.02272,"$1,000,000",Prohibit all,Prohibit all,Disclose > $500
Adaptive,99,7,0.00783,"$1,000,000",Prohibit all,Prohibit all,Disclose > $500
Adaptive,99,8,0.00214,"$1,000,000",Prohibit all,Prohibit all,Disclose > $500
Adaptive,99,9,0.00261,"$1,000,000",Prohibit all,Prohibit all,Disclose > $500
Adaptive,99,10,0.00151,"$1,000,000",Prohibit all,Prohibit all,Disclose > $500
Adaptive,100,0,0.00520833333333333,"$10,000",Prohibit all,Prohibit all,Disclose > $500
Adaptive,100,1,9.9e-4,"$10,000",Prohibit all,Prohibit all,Disclose > $500
Adaptive,100,2,0.00203,"$10,000",Prohibit all,Prohibit all,Disclose > $500
Adaptive,100,3,0.02123,"$10,000",Prohibit all,Prohibit all,Disclose > $500
Adaptive,100,4,0.07268,"$10,000",Prohibit all,Prohibit all,Disclose > $500
Adaptive,100,5,0.04326,"$10,000",Prohibit all,Prohibit all,Disclose > $500
Adaptive,100,6,0.02363,"$10,000",Prohibit all,Prohibit all,Disclose > $500
Adaptive,100,7,0.01042,"$10,000",Prohibit all,Prohibit all,Disclose > $500
Adaptive,100,8,0.00818,"$10,000",Prohibit all,Prohibit all,Disclose > $500
Adaptive,100,9,0.01248,"$10,000",Prohibit all,Prohibit all,Disclose > $500
Adaptive,100,10,0.01243,"$10,000",Prohibit all,Prohibit all,Disclose > $500
Adaptive,101,0,0.00520833333333333,No limits,"Prohibit candidate;
 allow PAC",Prohibit all,Disclose > $500
Adaptive,101,1,0.00144,No limits,"Prohibit candidate;
 allow PAC",Prohibit all,Disclose > $500
Adaptive,101,2,6.6e-4,No limits,"Prohibit candidate;
 allow PAC",Prohibit all,Disclose > $500
Adaptive,101,3,0.00383,No limits,"Prohibit candidate;
 allow PAC",Prohibit all,Disclose > $500
Adaptive,101,4,0.00662,No limits,"Prohibit candidate;
 allow PAC",Prohibit all,Disclose > $500
Adaptive,101,5,0.00128,No limits,"Prohibit candidate;
 allow PAC",Prohibit all,Disclose > $500
Adaptive,101,6,3e-5,No limits,"Prohibit candidate;
 allow PAC",Prohibit all,Disclose > $500
Adaptive,101,7,0,No limits,"Prohibit candidate;
 allow PAC",Prohibit all,Disclose > $500
Adaptive,101,8,0,No limits,"Prohibit candidate;
 allow PAC",Prohibit all,Disclose > $500
Adaptive,101,9,0,No limits,"Prohibit candidate;
 allow PAC",Prohibit all,Disclose > $500
Adaptive,101,10,1e-5,No limits,"Prohibit candidate;
 allow PAC",Prohibit all,Disclose > $500
Adaptive,102,0,0.00520833333333333,"100,000","Prohibit candidate;
 allow PAC",Prohibit all,Disclose > $500
Adaptive,102,1,0.00153,"100,000","Prohibit candidate;
 allow PAC",Prohibit all,Disclose > $500
Adaptive,102,2,0.00108,"100,000","Prohibit candidate;
 allow PAC",Prohibit all,Disclose > $500
Adaptive,102,3,0.00781,"100,000","Prohibit candidate;
 allow PAC",Prohibit all,Disclose > $500
Adaptive,102,4,0.00796,"100,000","Prohibit candidate;
 allow PAC",Prohibit all,Disclose > $500
Adaptive,102,5,8.9e-4,"100,000","Prohibit candidate;
 allow PAC",Prohibit all,Disclose > $500
Adaptive,102,6,5.4e-4,"100,000","Prohibit candidate;
 allow PAC",Prohibit all,Disclose > $500
Adaptive,102,7,1e-4,"100,000","Prohibit candidate;
 allow PAC",Prohibit all,Disclose > $500
Adaptive,102,8,3e-5,"100,000","Prohibit candidate;
 allow PAC",Prohibit all,Disclose > $500
Adaptive,102,9,9e-5,"100,000","Prohibit candidate;
 allow PAC",Prohibit all,Disclose > $500
Adaptive,102,10,2.2e-4,"100,000","Prohibit candidate;
 allow PAC",Prohibit all,Disclose > $500
Adaptive,103,0,0.00520833333333333,"$1,000,000","Prohibit candidate;
 allow PAC",Prohibit all,Disclose > $500
Adaptive,103,1,0.16624,"$1,000,000","Prohibit candidate;
 allow PAC",Prohibit all,Disclose > $500
Adaptive,103,2,0.00515,"$1,000,000","Prohibit candidate;
 allow PAC",Prohibit all,Disclose > $500
Adaptive,103,3,0.0585,"$1,000,000","Prohibit candidate;
 allow PAC",Prohibit all,Disclose > $500
Adaptive,103,4,0.03716,"$1,000,000","Prohibit candidate;
 allow PAC",Prohibit all,Disclose > $500
Adaptive,103,5,0.01375,"$1,000,000","Prohibit candidate;
 allow PAC",Prohibit all,Disclose > $500
Adaptive,103,6,0.00631,"$1,000,000","Prohibit candidate;
 allow PAC",Prohibit all,Disclose > $500
Adaptive,103,7,6.3e-4,"$1,000,000","Prohibit candidate;
 allow PAC",Prohibit all,Disclose > $500
Adaptive,103,8,4e-5,"$1,000,000","Prohibit candidate;
 allow PAC",Prohibit all,Disclose > $500
Adaptive,103,9,4e-5,"$1,000,000","Prohibit candidate;
 allow PAC",Prohibit all,Disclose > $500
Adaptive,103,10,3e-5,"$1,000,000","Prohibit candidate;
 allow PAC",Prohibit all,Disclose > $500
Adaptive,104,0,0.00520833333333333,"$10,000","Prohibit candidate;
 allow PAC",Prohibit all,Disclose > $500
Adaptive,104,1,0.00181,"$10,000","Prohibit candidate;
 allow PAC",Prohibit all,Disclose > $500
Adaptive,104,2,7.8e-4,"$10,000","Prohibit candidate;
 allow PAC",Prohibit all,Disclose > $500
Adaptive,104,3,0.02426,"$10,000","Prohibit candidate;
 allow PAC",Prohibit all,Disclose > $500
Adaptive,104,4,0.05662,"$10,000","Prohibit candidate;
 allow PAC",Prohibit all,Disclose > $500
Adaptive,104,5,0.01032,"$10,000","Prohibit candidate;
 allow PAC",Prohibit all,Disclose > $500
Adaptive,104,6,0.00716,"$10,000","Prohibit candidate;
 allow PAC",Prohibit all,Disclose > $500
Adaptive,104,7,7.4e-4,"$10,000","Prohibit candidate;
 allow PAC",Prohibit all,Disclose > $500
Adaptive,104,8,2.6e-4,"$10,000","Prohibit candidate;
 allow PAC",Prohibit all,Disclose > $500
Adaptive,104,9,6.9e-4,"$10,000","Prohibit candidate;
 allow PAC",Prohibit all,Disclose > $500
Adaptive,104,10,3.9e-4,"$10,000","Prohibit candidate;
 allow PAC",Prohibit all,Disclose > $500
Adaptive,105,0,0.00520833333333333,No limits,Allow all,Prohibit all,Disclose > $500
Adaptive,105,1,0,No limits,Allow all,Prohibit all,Disclose > $500
Adaptive,105,2,0,No limits,Allow all,Prohibit all,Disclose > $500
Adaptive,105,3,1e-5,No limits,Allow all,Prohibit all,Disclose > $500
Adaptive,105,4,0,No limits,Allow all,Prohibit all,Disclose > $500
Adaptive,105,5,2e-5,No limits,Allow all,Prohibit all,Disclose > $500
Adaptive,105,6,0,No limits,Allow all,Prohibit all,Disclose > $500
Adaptive,105,7,0,No limits,Allow all,Prohibit all,Disclose > $500
Adaptive,105,8,0,No limits,Allow all,Prohibit all,Disclose > $500
Adaptive,105,9,0,No limits,Allow all,Prohibit all,Disclose > $500
Adaptive,105,10,0,No limits,Allow all,Prohibit all,Disclose > $500
Adaptive,106,0,0.00520833333333333,"100,000",Allow all,Prohibit all,Disclose > $500
Adaptive,106,1,0,"100,000",Allow all,Prohibit all,Disclose > $500
Adaptive,106,2,0,"100,000",Allow all,Prohibit all,Disclose > $500
Adaptive,106,3,4e-5,"100,000",Allow all,Prohibit all,Disclose > $500
Adaptive,106,4,0,"100,000",Allow all,Prohibit all,Disclose > $500
Adaptive,106,5,0,"100,000",Allow all,Prohibit all,Disclose > $500
Adaptive,106,6,1e-5,"100,000",Allow all,Prohibit all,Disclose > $500
Adaptive,106,7,0,"100,000",Allow all,Prohibit all,Disclose > $500
Adaptive,106,8,0,"100,000",Allow all,Prohibit all,Disclose > $500
Adaptive,106,9,0,"100,000",Allow all,Prohibit all,Disclose > $500
Adaptive,106,10,0,"100,000",Allow all,Prohibit all,Disclose > $500
Adaptive,107,0,0.00520833333333333,"$1,000,000",Allow all,Prohibit all,Disclose > $500
Adaptive,107,1,1e-5,"$1,000,000",Allow all,Prohibit all,Disclose > $500
Adaptive,107,2,1e-5,"$1,000,000",Allow all,Prohibit all,Disclose > $500
Adaptive,107,3,5.5e-4,"$1,000,000",Allow all,Prohibit all,Disclose > $500
Adaptive,107,4,2.7e-4,"$1,000,000",Allow all,Prohibit all,Disclose > $500
Adaptive,107,5,4.2e-4,"$1,000,000",Allow all,Prohibit all,Disclose > $500
Adaptive,107,6,1.5e-4,"$1,000,000",Allow all,Prohibit all,Disclose > $500
Adaptive,107,7,0,"$1,000,000",Allow all,Prohibit all,Disclose > $500
Adaptive,107,8,0,"$1,000,000",Allow all,Prohibit all,Disclose > $500
Adaptive,107,9,0,"$1,000,000",Allow all,Prohibit all,Disclose > $500
Adaptive,107,10,0,"$1,000,000",Allow all,Prohibit all,Disclose > $500
Adaptive,108,0,0.00520833333333333,"$10,000",Allow all,Prohibit all,Disclose > $500
Adaptive,108,1,0,"$10,000",Allow all,Prohibit all,Disclose > $500
Adaptive,108,2,0,"$10,000",Allow all,Prohibit all,Disclose > $500
Adaptive,108,3,1e-4,"$10,000",Allow all,Prohibit all,Disclose > $500
Adaptive,108,4,2.5e-4,"$10,000",Allow all,Prohibit all,Disclose > $500
Adaptive,108,5,4e-4,"$10,000",Allow all,Prohibit all,Disclose > $500
Adaptive,108,6,1.5e-4,"$10,000",Allow all,Prohibit all,Disclose > $500
Adaptive,108,7,2e-5,"$10,000",Allow all,Prohibit all,Disclose > $500
Adaptive,108,8,0,"$10,000",Allow all,Prohibit all,Disclose > $500
Adaptive,108,9,0,"$10,000",Allow all,Prohibit all,Disclose > $500
Adaptive,108,10,0,"$10,000",Allow all,Prohibit all,Disclose > $500
Adaptive,109,0,0.00520833333333333,No limits,Prohibit all,5:1 match,Disclose > $500
Adaptive,109,1,0.00151,No limits,Prohibit all,5:1 match,Disclose > $500
Adaptive,109,2,0.02265,No limits,Prohibit all,5:1 match,Disclose > $500
Adaptive,109,3,0.00549,No limits,Prohibit all,5:1 match,Disclose > $500
Adaptive,109,4,8.6e-4,No limits,Prohibit all,5:1 match,Disclose > $500
Adaptive,109,5,9.2e-4,No limits,Prohibit all,5:1 match,Disclose > $500
Adaptive,109,6,0,No limits,Prohibit all,5:1 match,Disclose > $500
Adaptive,109,7,0,No limits,Prohibit all,5:1 match,Disclose > $500
Adaptive,109,8,0,No limits,Prohibit all,5:1 match,Disclose > $500
Adaptive,109,9,0,No limits,Prohibit all,5:1 match,Disclose > $500
Adaptive,109,10,0,No limits,Prohibit all,5:1 match,Disclose > $500
Adaptive,110,0,0.00520833333333333,"100,000",Prohibit all,5:1 match,Disclose > $500
Adaptive,110,1,0.00104,"100,000",Prohibit all,5:1 match,Disclose > $500
Adaptive,110,2,0.02617,"100,000",Prohibit all,5:1 match,Disclose > $500
Adaptive,110,3,0.00926,"100,000",Prohibit all,5:1 match,Disclose > $500
Adaptive,110,4,8.4e-4,"100,000",Prohibit all,5:1 match,Disclose > $500
Adaptive,110,5,5.1e-4,"100,000",Prohibit all,5:1 match,Disclose > $500
Adaptive,110,6,7e-5,"100,000",Prohibit all,5:1 match,Disclose > $500
Adaptive,110,7,1e-5,"100,000",Prohibit all,5:1 match,Disclose > $500
Adaptive,110,8,0,"100,000",Prohibit all,5:1 match,Disclose > $500
Adaptive,110,9,0,"100,000",Prohibit all,5:1 match,Disclose > $500
Adaptive,110,10,2e-5,"100,000",Prohibit all,5:1 match,Disclose > $500
Adaptive,111,0,0.00520833333333333,"$1,000,000",Prohibit all,5:1 match,Disclose > $500
Adaptive,111,1,0.06843,"$1,000,000",Prohibit all,5:1 match,Disclose > $500
Adaptive,111,2,0.14459,"$1,000,000",Prohibit all,5:1 match,Disclose > $500
Adaptive,111,3,0.06685,"$1,000,000",Prohibit all,5:1 match,Disclose > $500
Adaptive,111,4,0.0038,"$1,000,000",Prohibit all,5:1 match,Disclose > $500
Adaptive,111,5,0.00754,"$1,000,000",Prohibit all,5:1 match,Disclose > $500
Adaptive,111,6,7.4e-4,"$1,000,000",Prohibit all,5:1 match,Disclose > $500
Adaptive,111,7,0,"$1,000,000",Prohibit all,5:1 match,Disclose > $500
Adaptive,111,8,1e-5,"$1,000,000",Prohibit all,5:1 match,Disclose > $500
Adaptive,111,9,0,"$1,000,000",Prohibit all,5:1 match,Disclose > $500
Adaptive,111,10,0,"$1,000,000",Prohibit all,5:1 match,Disclose > $500
Adaptive,112,0,0.00520833333333333,"$10,000",Prohibit all,5:1 match,Disclose > $500
Adaptive,112,1,0.001,"$10,000",Prohibit all,5:1 match,Disclose > $500
Adaptive,112,2,0.01429,"$10,000",Prohibit all,5:1 match,Disclose > $500
Adaptive,112,3,0.03069,"$10,000",Prohibit all,5:1 match,Disclose > $500
Adaptive,112,4,0.00482,"$10,000",Prohibit all,5:1 match,Disclose > $500
Adaptive,112,5,0.00721,"$10,000",Prohibit all,5:1 match,Disclose > $500
Adaptive,112,6,9.5e-4,"$10,000",Prohibit all,5:1 match,Disclose > $500
Adaptive,112,7,4e-5,"$10,000",Prohibit all,5:1 match,Disclose > $500
Adaptive,112,8,0,"$10,000",Prohibit all,5:1 match,Disclose > $500
Adaptive,112,9,2e-5,"$10,000",Prohibit all,5:1 match,Disclose > $500
Adaptive,112,10,2e-5,"$10,000",Prohibit all,5:1 match,Disclose > $500
Adaptive,113,0,0.00520833333333333,No limits,"Prohibit candidate;
 allow PAC",5:1 match,Disclose > $500
Adaptive,113,1,0.00254,No limits,"Prohibit candidate;
 allow PAC",5:1 match,Disclose > $500
Adaptive,113,2,0.00619,No limits,"Prohibit candidate;
 allow PAC",5:1 match,Disclose > $500
Adaptive,113,3,0.00863,No limits,"Prohibit candidate;
 allow PAC",5:1 match,Disclose > $500
Adaptive,113,4,7.8e-4,No limits,"Prohibit candidate;
 allow PAC",5:1 match,Disclose > $500
Adaptive,113,5,2.9e-4,No limits,"Prohibit candidate;
 allow PAC",5:1 match,Disclose > $500
Adaptive,113,6,0,No limits,"Prohibit candidate;
 allow PAC",5:1 match,Disclose > $500
Adaptive,113,7,0,No limits,"Prohibit candidate;
 allow PAC",5:1 match,Disclose > $500
Adaptive,113,8,0,No limits,"Prohibit candidate;
 allow PAC",5:1 match,Disclose > $500
Adaptive,113,9,0,No limits,"Prohibit candidate;
 allow PAC",5:1 match,Disclose > $500
Adaptive,113,10,0,No limits,"Prohibit candidate;
 allow PAC",5:1 match,Disclose > $500
Adaptive,114,0,0.00520833333333333,"100,000","Prohibit candidate;
 allow PAC",5:1 match,Disclose > $500
Adaptive,114,1,0.00117,"100,000","Prohibit candidate;
 allow PAC",5:1 match,Disclose > $500
Adaptive,114,2,0.00721,"100,000","Prohibit candidate;
 allow PAC",5:1 match,Disclose > $500
Adaptive,114,3,0.01352,"100,000","Prohibit candidate;
 allow PAC",5:1 match,Disclose > $500
Adaptive,114,4,8.1e-4,"100,000","Prohibit candidate;
 allow PAC",5:1 match,Disclose > $500
Adaptive,114,5,2.1e-4,"100,000","Prohibit candidate;
 allow PAC",5:1 match,Disclose > $500
Adaptive,114,6,3e-5,"100,000","Prohibit candidate;
 allow PAC",5:1 match,Disclose > $500
Adaptive,114,7,0,"100,000","Prohibit candidate;
 allow PAC",5:1 match,Disclose > $500
Adaptive,114,8,0,"100,000","Prohibit candidate;
 allow PAC",5:1 match,Disclose > $500
Adaptive,114,9,0,"100,000","Prohibit candidate;
 allow PAC",5:1 match,Disclose > $500
Adaptive,114,10,0,"100,000","Prohibit candidate;
 allow PAC",5:1 match,Disclose > $500
Adaptive,115,0,0.00520833333333333,"$1,000,000","Prohibit candidate;
 allow PAC",5:1 match,Disclose > $500
Adaptive,115,1,0.0897,"$1,000,000","Prohibit candidate;
 allow PAC",5:1 match,Disclose > $500
Adaptive,115,2,0.03903,"$1,000,000","Prohibit candidate;
 allow PAC",5:1 match,Disclose > $500
Adaptive,115,3,0.10171,"$1,000,000","Prohibit candidate;
 allow PAC",5:1 match,Disclose > $500
Adaptive,115,4,0.00379,"$1,000,000","Prohibit candidate;
 allow PAC",5:1 match,Disclose > $500
Adaptive,115,5,0.00202,"$1,000,000","Prohibit candidate;
 allow PAC",5:1 match,Disclose > $500
Adaptive,115,6,2e-4,"$1,000,000","Prohibit candidate;
 allow PAC",5:1 match,Disclose > $500
Adaptive,115,7,0,"$1,000,000","Prohibit candidate;
 allow PAC",5:1 match,Disclose > $500
Adaptive,115,8,0,"$1,000,000","Prohibit candidate;
 allow PAC",5:1 match,Disclose > $500
Adaptive,115,9,0,"$1,000,000","Prohibit candidate;
 allow PAC",5:1 match,Disclose > $500
Adaptive,115,10,0,"$1,000,000","Prohibit candidate;
 allow PAC",5:1 match,Disclose > $500
Adaptive,116,0,0.00520833333333333,"$10,000","Prohibit candidate;
 allow PAC",5:1 match,Disclose > $500
Adaptive,116,1,0.0014,"$10,000","Prohibit candidate;
 allow PAC",5:1 match,Disclose > $500
Adaptive,116,2,0.00426,"$10,000","Prohibit candidate;
 allow PAC",5:1 match,Disclose > $500
Adaptive,116,3,0.03543,"$10,000","Prohibit candidate;
 allow PAC",5:1 match,Disclose > $500
Adaptive,116,4,0.0039,"$10,000","Prohibit candidate;
 allow PAC",5:1 match,Disclose > $500
Adaptive,116,5,0.00187,"$10,000","Prohibit candidate;
 allow PAC",5:1 match,Disclose > $500
Adaptive,116,6,2e-4,"$10,000","Prohibit candidate;
 allow PAC",5:1 match,Disclose > $500
Adaptive,116,7,1e-5,"$10,000","Prohibit candidate;
 allow PAC",5:1 match,Disclose > $500
Adaptive,116,8,0,"$10,000","Prohibit candidate;
 allow PAC",5:1 match,Disclose > $500
Adaptive,116,9,0,"$10,000","Prohibit candidate;
 allow PAC",5:1 match,Disclose > $500
Adaptive,116,10,0,"$10,000","Prohibit candidate;
 allow PAC",5:1 match,Disclose > $500
Adaptive,117,0,0.00520833333333333,No limits,Allow all,5:1 match,Disclose > $500
Adaptive,117,1,0,No limits,Allow all,5:1 match,Disclose > $500
Adaptive,117,2,3e-5,No limits,Allow all,5:1 match,Disclose > $500
Adaptive,117,3,2e-5,No limits,Allow all,5:1 match,Disclose > $500
Adaptive,117,4,1e-5,No limits,Allow all,5:1 match,Disclose > $500
Adaptive,117,5,0,No limits,Allow all,5:1 match,Disclose > $500
Adaptive,117,6,0,No limits,Allow all,5:1 match,Disclose > $500
Adaptive,117,7,0,No limits,Allow all,5:1 match,Disclose > $500
Adaptive,117,8,0,No limits,Allow all,5:1 match,Disclose > $500
Adaptive,117,9,0,No limits,Allow all,5:1 match,Disclose > $500
Adaptive,117,10,0,No limits,Allow all,5:1 match,Disclose > $500
Adaptive,118,0,0.00520833333333333,"100,000",Allow all,5:1 match,Disclose > $500
Adaptive,118,1,0,"100,000",Allow all,5:1 match,Disclose > $500
Adaptive,118,2,3e-5,"100,000",Allow all,5:1 match,Disclose > $500
Adaptive,118,3,1e-4,"100,000",Allow all,5:1 match,Disclose > $500
Adaptive,118,4,0,"100,000",Allow all,5:1 match,Disclose > $500
Adaptive,118,5,0,"100,000",Allow all,5:1 match,Disclose > $500
Adaptive,118,6,0,"100,000",Allow all,5:1 match,Disclose > $500
Adaptive,118,7,0,"100,000",Allow all,5:1 match,Disclose > $500
Adaptive,118,8,0,"100,000",Allow all,5:1 match,Disclose > $500
Adaptive,118,9,0,"100,000",Allow all,5:1 match,Disclose > $500
Adaptive,118,10,0,"100,000",Allow all,5:1 match,Disclose > $500
Adaptive,119,0,0.00520833333333333,"$1,000,000",Allow all,5:1 match,Disclose > $500
Adaptive,119,1,5e-5,"$1,000,000",Allow all,5:1 match,Disclose > $500
Adaptive,119,2,5e-4,"$1,000,000",Allow all,5:1 match,Disclose > $500
Adaptive,119,3,0.00164,"$1,000,000",Allow all,5:1 match,Disclose > $500
Adaptive,119,4,3e-5,"$1,000,000",Allow all,5:1 match,Disclose > $500
Adaptive,119,5,1.2e-4,"$1,000,000",Allow all,5:1 match,Disclose > $500
Adaptive,119,6,1e-5,"$1,000,000",Allow all,5:1 match,Disclose > $500
Adaptive,119,7,0,"$1,000,000",Allow all,5:1 match,Disclose > $500
Adaptive,119,8,0,"$1,000,000",Allow all,5:1 match,Disclose > $500
Adaptive,119,9,0,"$1,000,000",Allow all,5:1 match,Disclose > $500
Adaptive,119,10,0,"$1,000,000",Allow all,5:1 match,Disclose > $500
Adaptive,120,0,0.00520833333333333,"$10,000",Allow all,5:1 match,Disclose > $500
Adaptive,120,1,0,"$10,000",Allow all,5:1 match,Disclose > $500
Adaptive,120,2,2e-5,"$10,000",Allow all,5:1 match,Disclose > $500
Adaptive,120,3,2.9e-4,"$10,000",Allow all,5:1 match,Disclose > $500
Adaptive,120,4,6e-5,"$10,000",Allow all,5:1 match,Disclose > $500
Adaptive,120,5,1.2e-4,"$10,000",Allow all,5:1 match,Disclose > $500
Adaptive,120,6,1e-5,"$10,000",Allow all,5:1 match,Disclose > $500
Adaptive,120,7,0,"$10,000",Allow all,5:1 match,Disclose > $500
Adaptive,120,8,0,"$10,000",Allow all,5:1 match,Disclose > $500
Adaptive,120,9,0,"$10,000",Allow all,5:1 match,Disclose > $500
Adaptive,120,10,0,"$10,000",Allow all,5:1 match,Disclose > $500
Adaptive,121,0,0.00520833333333333,No limits,Prohibit all,1:1 match,Disclose > $500
Adaptive,121,1,9.9e-4,No limits,Prohibit all,1:1 match,Disclose > $500
Adaptive,121,2,0.03689,No limits,Prohibit all,1:1 match,Disclose > $500
Adaptive,121,3,0.00135,No limits,Prohibit all,1:1 match,Disclose > $500
Adaptive,121,4,0.00166,No limits,Prohibit all,1:1 match,Disclose > $500
Adaptive,121,5,0.00157,No limits,Prohibit all,1:1 match,Disclose > $500
Adaptive,121,6,2e-5,No limits,Prohibit all,1:1 match,Disclose > $500
Adaptive,121,7,0,No limits,Prohibit all,1:1 match,Disclose > $500
Adaptive,121,8,0,No limits,Prohibit all,1:1 match,Disclose > $500
Adaptive,121,9,0,No limits,Prohibit all,1:1 match,Disclose > $500
Adaptive,121,10,0,No limits,Prohibit all,1:1 match,Disclose > $500
Adaptive,122,0,0.00520833333333333,"100,000",Prohibit all,1:1 match,Disclose > $500
Adaptive,122,1,6.6e-4,"100,000",Prohibit all,1:1 match,Disclose > $500
Adaptive,122,2,0.03927,"100,000",Prohibit all,1:1 match,Disclose > $500
Adaptive,122,3,0.00163,"100,000",Prohibit all,1:1 match,Disclose > $500
Adaptive,122,4,0.00193,"100,000",Prohibit all,1:1 match,Disclose > $500
Adaptive,122,5,7.4e-4,"100,000",Prohibit all,1:1 match,Disclose > $500
Adaptive,122,6,1.8e-4,"100,000",Prohibit all,1:1 match,Disclose > $500
Adaptive,122,7,0,"100,000",Prohibit all,1:1 match,Disclose > $500
Adaptive,122,8,0,"100,000",Prohibit all,1:1 match,Disclose > $500
Adaptive,122,9,1.3e-4,"100,000",Prohibit all,1:1 match,Disclose > $500
Adaptive,122,10,3.7e-4,"100,000",Prohibit all,1:1 match,Disclose > $500
Adaptive,123,0,0.00520833333333333,"$1,000,000",Prohibit all,1:1 match,Disclose > $500
Adaptive,123,1,0.04361,"$1,000,000",Prohibit all,1:1 match,Disclose > $500
Adaptive,123,2,0.24268,"$1,000,000",Prohibit all,1:1 match,Disclose > $500
Adaptive,123,3,0.01453,"$1,000,000",Prohibit all,1:1 match,Disclose > $500
Adaptive,123,4,0.00912,"$1,000,000",Prohibit all,1:1 match,Disclose > $500
Adaptive,123,5,0.01287,"$1,000,000",Prohibit all,1:1 match,Disclose > $500
Adaptive,123,6,0.00264,"$1,000,000",Prohibit all,1:1 match,Disclose > $500
Adaptive,123,7,1.1e-4,"$1,000,000",Prohibit all,1:1 match,Disclose > $500
Adaptive,123,8,8e-5,"$1,000,000",Prohibit all,1:1 match,Disclose > $500
Adaptive,123,9,7e-5,"$1,000,000",Prohibit all,1:1 match,Disclose > $500
Adaptive,123,10,9e-5,"$1,000,000",Prohibit all,1:1 match,Disclose > $500
Adaptive,124,0,0.00520833333333333,"$10,000",Prohibit all,1:1 match,Disclose > $500
Adaptive,124,1,7e-4,"$10,000",Prohibit all,1:1 match,Disclose > $500
Adaptive,124,2,0.02216,"$10,000",Prohibit all,1:1 match,Disclose > $500
Adaptive,124,3,0.00652,"$10,000",Prohibit all,1:1 match,Disclose > $500
Adaptive,124,4,0.01592,"$10,000",Prohibit all,1:1 match,Disclose > $500
Adaptive,124,5,0.01205,"$10,000",Prohibit all,1:1 match,Disclose > $500
Adaptive,124,6,0.00324,"$10,000",Prohibit all,1:1 match,Disclose > $500
Adaptive,124,7,2.5e-4,"$10,000",Prohibit all,1:1 match,Disclose > $500
Adaptive,124,8,1.9e-4,"$10,000",Prohibit all,1:1 match,Disclose > $500
Adaptive,124,9,7.1e-4,"$10,000",Prohibit all,1:1 match,Disclose > $500
Adaptive,124,10,7.3e-4,"$10,000",Prohibit all,1:1 match,Disclose > $500
Adaptive,125,0,0.00520833333333333,No limits,"Prohibit candidate;
 allow PAC",1:1 match,Disclose > $500
Adaptive,125,1,0.00129,No limits,"Prohibit candidate;
 allow PAC",1:1 match,Disclose > $500
Adaptive,125,2,0.01135,No limits,"Prohibit candidate;
 allow PAC",1:1 match,Disclose > $500
Adaptive,125,3,0.00245,No limits,"Prohibit candidate;
 allow PAC",1:1 match,Disclose > $500
Adaptive,125,4,0.00167,No limits,"Prohibit candidate;
 allow PAC",1:1 match,Disclose > $500
Adaptive,125,5,3.7e-4,No limits,"Prohibit candidate;
 allow PAC",1:1 match,Disclose > $500
Adaptive,125,6,2e-5,No limits,"Prohibit candidate;
 allow PAC",1:1 match,Disclose > $500
Adaptive,125,7,0,No limits,"Prohibit candidate;
 allow PAC",1:1 match,Disclose > $500
Adaptive,125,8,0,No limits,"Prohibit candidate;
 allow PAC",1:1 match,Disclose > $500
Adaptive,125,9,0,No limits,"Prohibit candidate;
 allow PAC",1:1 match,Disclose > $500
Adaptive,125,10,0,No limits,"Prohibit candidate;
 allow PAC",1:1 match,Disclose > $500
Adaptive,126,0,0.00520833333333333,"100,000","Prohibit candidate;
 allow PAC",1:1 match,Disclose > $500
Adaptive,126,1,8.7e-4,"100,000","Prohibit candidate;
 allow PAC",1:1 match,Disclose > $500
Adaptive,126,2,0.01204,"100,000","Prohibit candidate;
 allow PAC",1:1 match,Disclose > $500
Adaptive,126,3,0.00265,"100,000","Prohibit candidate;
 allow PAC",1:1 match,Disclose > $500
Adaptive,126,4,0.00174,"100,000","Prohibit candidate;
 allow PAC",1:1 match,Disclose > $500
Adaptive,126,5,2.8e-4,"100,000","Prohibit candidate;
 allow PAC",1:1 match,Disclose > $500
Adaptive,126,6,2e-5,"100,000","Prohibit candidate;
 allow PAC",1:1 match,Disclose > $500
Adaptive,126,7,0,"100,000","Prohibit candidate;
 allow PAC",1:1 match,Disclose > $500
Adaptive,126,8,0,"100,000","Prohibit candidate;
 allow PAC",1:1 match,Disclose > $500
Adaptive,126,9,0,"100,000","Prohibit candidate;
 allow PAC",1:1 match,Disclose > $500
Adaptive,126,10,0,"100,000","Prohibit candidate;
 allow PAC",1:1 match,Disclose > $500
Adaptive,127,0,0.00520833333333333,"$1,000,000","Prohibit candidate;
 allow PAC",1:1 match,Disclose > $500
Adaptive,127,1,0.05657,"$1,000,000","Prohibit candidate;
 allow PAC",1:1 match,Disclose > $500
Adaptive,127,2,0.07913,"$1,000,000","Prohibit candidate;
 allow PAC",1:1 match,Disclose > $500
Adaptive,127,3,0.02694,"$1,000,000","Prohibit candidate;
 allow PAC",1:1 match,Disclose > $500
Adaptive,127,4,0.00967,"$1,000,000","Prohibit candidate;
 allow PAC",1:1 match,Disclose > $500
Adaptive,127,5,0.00365,"$1,000,000","Prohibit candidate;
 allow PAC",1:1 match,Disclose > $500
Adaptive,127,6,6.7e-4,"$1,000,000","Prohibit candidate;
 allow PAC",1:1 match,Disclose > $500
Adaptive,127,7,0,"$1,000,000","Prohibit candidate;
 allow PAC",1:1 match,Disclose > $500
Adaptive,127,8,0,"$1,000,000","Prohibit candidate;
 allow PAC",1:1 match,Disclose > $500
Adaptive,127,9,0,"$1,000,000","Prohibit candidate;
 allow PAC",1:1 match,Disclose > $500
Adaptive,127,10,0,"$1,000,000","Prohibit candidate;
 allow PAC",1:1 match,Disclose > $500
Adaptive,128,0,0.00520833333333333,"$10,000","Prohibit candidate;
 allow PAC",1:1 match,Disclose > $500
Adaptive,128,1,9.9e-4,"$10,000","Prohibit candidate;
 allow PAC",1:1 match,Disclose > $500
Adaptive,128,2,0.00784,"$10,000","Prohibit candidate;
 allow PAC",1:1 match,Disclose > $500
Adaptive,128,3,0.01077,"$10,000","Prohibit candidate;
 allow PAC",1:1 match,Disclose > $500
Adaptive,128,4,0.014,"$10,000","Prohibit candidate;
 allow PAC",1:1 match,Disclose > $500
Adaptive,128,5,0.00293,"$10,000","Prohibit candidate;
 allow PAC",1:1 match,Disclose > $500
Adaptive,128,6,7.6e-4,"$10,000","Prohibit candidate;
 allow PAC",1:1 match,Disclose > $500
Adaptive,128,7,0,"$10,000","Prohibit candidate;
 allow PAC",1:1 match,Disclose > $500
Adaptive,128,8,1e-5,"$10,000","Prohibit candidate;
 allow PAC",1:1 match,Disclose > $500
Adaptive,128,9,2e-5,"$10,000","Prohibit candidate;
 allow PAC",1:1 match,Disclose > $500
Adaptive,128,10,2e-5,"$10,000","Prohibit candidate;
 allow PAC",1:1 match,Disclose > $500
Adaptive,129,0,0.00520833333333333,No limits,Allow all,1:1 match,Disclose > $500
Adaptive,129,1,0,No limits,Allow all,1:1 match,Disclose > $500
Adaptive,129,2,3e-5,No limits,Allow all,1:1 match,Disclose > $500
Adaptive,129,3,1e-5,No limits,Allow all,1:1 match,Disclose > $500
Adaptive,129,4,0,No limits,Allow all,1:1 match,Disclose > $500
Adaptive,129,5,2e-5,No limits,Allow all,1:1 match,Disclose > $500
Adaptive,129,6,0,No limits,Allow all,1:1 match,Disclose > $500
Adaptive,129,7,0,No limits,Allow all,1:1 match,Disclose > $500
Adaptive,129,8,0,No limits,Allow all,1:1 match,Disclose > $500
Adaptive,129,9,0,No limits,Allow all,1:1 match,Disclose > $500
Adaptive,129,10,0,No limits,Allow all,1:1 match,Disclose > $500
Adaptive,130,0,0.00520833333333333,"100,000",Allow all,1:1 match,Disclose > $500
Adaptive,130,1,0,"100,000",Allow all,1:1 match,Disclose > $500
Adaptive,130,2,2e-5,"100,000",Allow all,1:1 match,Disclose > $500
Adaptive,130,3,2e-5,"100,000",Allow all,1:1 match,Disclose > $500
Adaptive,130,4,0,"100,000",Allow all,1:1 match,Disclose > $500
Adaptive,130,5,0,"100,000",Allow all,1:1 match,Disclose > $500
Adaptive,130,6,0,"100,000",Allow all,1:1 match,Disclose > $500
Adaptive,130,7,0,"100,000",Allow all,1:1 match,Disclose > $500
Adaptive,130,8,0,"100,000",Allow all,1:1 match,Disclose > $500
Adaptive,130,9,0,"100,000",Allow all,1:1 match,Disclose > $500
Adaptive,130,10,0,"100,000",Allow all,1:1 match,Disclose > $500
Adaptive,131,0,0.00520833333333333,"$1,000,000",Allow all,1:1 match,Disclose > $500
Adaptive,131,1,1e-5,"$1,000,000",Allow all,1:1 match,Disclose > $500
Adaptive,131,2,7.9e-4,"$1,000,000",Allow all,1:1 match,Disclose > $500
Adaptive,131,3,4.3e-4,"$1,000,000",Allow all,1:1 match,Disclose > $500
Adaptive,131,4,1e-4,"$1,000,000",Allow all,1:1 match,Disclose > $500
Adaptive,131,5,2.1e-4,"$1,000,000",Allow all,1:1 match,Disclose > $500
Adaptive,131,6,3e-5,"$1,000,000",Allow all,1:1 match,Disclose > $500
Adaptive,131,7,0,"$1,000,000",Allow all,1:1 match,Disclose > $500
Adaptive,131,8,0,"$1,000,000",Allow all,1:1 match,Disclose > $500
Adaptive,131,9,0,"$1,000,000",Allow all,1:1 match,Disclose > $500
Adaptive,131,10,0,"$1,000,000",Allow all,1:1 match,Disclose > $500
Adaptive,132,0,0.00520833333333333,"$10,000",Allow all,1:1 match,Disclose > $500
Adaptive,132,1,0,"$10,000",Allow all,1:1 match,Disclose > $500
Adaptive,132,2,2e-5,"$10,000",Allow all,1:1 match,Disclose > $500
Adaptive,132,3,7e-5,"$10,000",Allow all,1:1 match,Disclose > $500
Adaptive,132,4,1e-4,"$10,000",Allow all,1:1 match,Disclose > $500
Adaptive,132,5,2.5e-4,"$10,000",Allow all,1:1 match,Disclose > $500
Adaptive,132,6,0,"$10,000",Allow all,1:1 match,Disclose > $500
Adaptive,132,7,0,"$10,000",Allow all,1:1 match,Disclose > $500
Adaptive,132,8,0,"$10,000",Allow all,1:1 match,Disclose > $500
Adaptive,132,9,0,"$10,000",Allow all,1:1 match,Disclose > $500
Adaptive,132,10,1e-5,"$10,000",Allow all,1:1 match,Disclose > $500
Adaptive,133,0,0.00520833333333333,No limits,Prohibit all,Maintain status quo,Disclose > $500
Adaptive,133,1,0,No limits,Prohibit all,Maintain status quo,Disclose > $500
Adaptive,133,2,4.5e-4,No limits,Prohibit all,Maintain status quo,Disclose > $500
Adaptive,133,3,3.9e-4,No limits,Prohibit all,Maintain status quo,Disclose > $500
Adaptive,133,4,0.00123,No limits,Prohibit all,Maintain status quo,Disclose > $500
Adaptive,133,5,1.5e-4,No limits,Prohibit all,Maintain status quo,Disclose > $500
Adaptive,133,6,3e-5,No limits,Prohibit all,Maintain status quo,Disclose > $500
Adaptive,133,7,0,No limits,Prohibit all,Maintain status quo,Disclose > $500
Adaptive,133,8,0,No limits,Prohibit all,Maintain status quo,Disclose > $500
Adaptive,133,9,0,No limits,Prohibit all,Maintain status quo,Disclose > $500
Adaptive,133,10,1e-5,No limits,Prohibit all,Maintain status quo,Disclose > $500
Adaptive,134,0,0.00520833333333333,"100,000",Prohibit all,Maintain status quo,Disclose > $500
Adaptive,134,1,3e-5,"100,000",Prohibit all,Maintain status quo,Disclose > $500
Adaptive,134,2,0.00132,"100,000",Prohibit all,Maintain status quo,Disclose > $500
Adaptive,134,3,0.00118,"100,000",Prohibit all,Maintain status quo,Disclose > $500
Adaptive,134,4,0.00224,"100,000",Prohibit all,Maintain status quo,Disclose > $500
Adaptive,134,5,1.6e-4,"100,000",Prohibit all,Maintain status quo,Disclose > $500
Adaptive,134,6,2.1e-4,"100,000",Prohibit all,Maintain status quo,Disclose > $500
Adaptive,134,7,8e-5,"100,000",Prohibit all,Maintain status quo,Disclose > $500
Adaptive,134,8,9e-5,"100,000",Prohibit all,Maintain status quo,Disclose > $500
Adaptive,134,9,2.6e-4,"100,000",Prohibit all,Maintain status quo,Disclose > $500
Adaptive,134,10,9.8e-4,"100,000",Prohibit all,Maintain status quo,Disclose > $500
Adaptive,135,0,0.00520833333333333,"$1,000,000",Prohibit all,Maintain status quo,Disclose > $500
Adaptive,135,1,5.7e-4,"$1,000,000",Prohibit all,Maintain status quo,Disclose > $500
Adaptive,135,2,0.00624,"$1,000,000",Prohibit all,Maintain status quo,Disclose > $500
Adaptive,135,3,0.00758,"$1,000,000",Prohibit all,Maintain status quo,Disclose > $500
Adaptive,135,4,0.00935,"$1,000,000",Prohibit all,Maintain status quo,Disclose > $500
Adaptive,135,5,0.0033,"$1,000,000",Prohibit all,Maintain status quo,Disclose > $500
Adaptive,135,6,0.00182,"$1,000,000",Prohibit all,Maintain status quo,Disclose > $500
Adaptive,135,7,3.7e-4,"$1,000,000",Prohibit all,Maintain status quo,Disclose > $500
Adaptive,135,8,1.3e-4,"$1,000,000",Prohibit all,Maintain status quo,Disclose > $500
Adaptive,135,9,2.7e-4,"$1,000,000",Prohibit all,Maintain status quo,Disclose > $500
Adaptive,135,10,2.9e-4,"$1,000,000",Prohibit all,Maintain status quo,Disclose > $500
Adaptive,136,0,0.00520833333333333,"$10,000",Prohibit all,Maintain status quo,Disclose > $500
Adaptive,136,1,3e-5,"$10,000",Prohibit all,Maintain status quo,Disclose > $500
Adaptive,136,2,5.1e-4,"$10,000",Prohibit all,Maintain status quo,Disclose > $500
Adaptive,136,3,0.00267,"$10,000",Prohibit all,Maintain status quo,Disclose > $500
Adaptive,136,4,0.01225,"$10,000",Prohibit all,Maintain status quo,Disclose > $500
Adaptive,136,5,0.00182,"$10,000",Prohibit all,Maintain status quo,Disclose > $500
Adaptive,136,6,0.00155,"$10,000",Prohibit all,Maintain status quo,Disclose > $500
Adaptive,136,7,3.3e-4,"$10,000",Prohibit all,Maintain status quo,Disclose > $500
Adaptive,136,8,4.3e-4,"$10,000",Prohibit all,Maintain status quo,Disclose > $500
Adaptive,136,9,0.00116,"$10,000",Prohibit all,Maintain status quo,Disclose > $500
Adaptive,136,10,0.00184,"$10,000",Prohibit all,Maintain status quo,Disclose > $500
Adaptive,137,0,0.00520833333333333,No limits,"Prohibit candidate;
 allow PAC",Maintain status quo,Disclose > $500
Adaptive,137,1,1e-5,No limits,"Prohibit candidate;
 allow PAC",Maintain status quo,Disclose > $500
Adaptive,137,2,2e-4,No limits,"Prohibit candidate;
 allow PAC",Maintain status quo,Disclose > $500
Adaptive,137,3,5.7e-4,No limits,"Prohibit candidate;
 allow PAC",Maintain status quo,Disclose > $500
Adaptive,137,4,0.00104,No limits,"Prohibit candidate;
 allow PAC",Maintain status quo,Disclose > $500
Adaptive,137,5,4e-5,No limits,"Prohibit candidate;
 allow PAC",Maintain status quo,Disclose > $500
Adaptive,137,6,0,No limits,"Prohibit candidate;
 allow PAC",Maintain status quo,Disclose > $500
Adaptive,137,7,0,No limits,"Prohibit candidate;
 allow PAC",Maintain status quo,Disclose > $500
Adaptive,137,8,0,No limits,"Prohibit candidate;
 allow PAC",Maintain status quo,Disclose > $500
Adaptive,137,9,0,No limits,"Prohibit candidate;
 allow PAC",Maintain status quo,Disclose > $500
Adaptive,137,10,0,No limits,"Prohibit candidate;
 allow PAC",Maintain status quo,Disclose > $500
Adaptive,138,0,0.00520833333333333,"100,000","Prohibit candidate;
 allow PAC",Maintain status quo,Disclose > $500
Adaptive,138,1,0,"100,000","Prohibit candidate;
 allow PAC",Maintain status quo,Disclose > $500
Adaptive,138,2,5.1e-4,"100,000","Prohibit candidate;
 allow PAC",Maintain status quo,Disclose > $500
Adaptive,138,3,0.00144,"100,000","Prohibit candidate;
 allow PAC",Maintain status quo,Disclose > $500
Adaptive,138,4,0.00173,"100,000","Prohibit candidate;
 allow PAC",Maintain status quo,Disclose > $500
Adaptive,138,5,4e-5,"100,000","Prohibit candidate;
 allow PAC",Maintain status quo,Disclose > $500
Adaptive,138,6,7e-5,"100,000","Prohibit candidate;
 allow PAC",Maintain status quo,Disclose > $500
Adaptive,138,7,0,"100,000","Prohibit candidate;
 allow PAC",Maintain status quo,Disclose > $500
Adaptive,138,8,0,"100,000","Prohibit candidate;
 allow PAC",Maintain status quo,Disclose > $500
Adaptive,138,9,1e-5,"100,000","Prohibit candidate;
 allow PAC",Maintain status quo,Disclose > $500
Adaptive,138,10,2e-5,"100,000","Prohibit candidate;
 allow PAC",Maintain status quo,Disclose > $500
Adaptive,139,0,0.00520833333333333,"$1,000,000","Prohibit candidate;
 allow PAC",Maintain status quo,Disclose > $500
Adaptive,139,1,8.3e-4,"$1,000,000","Prohibit candidate;
 allow PAC",Maintain status quo,Disclose > $500
Adaptive,139,2,0.00256,"$1,000,000","Prohibit candidate;
 allow PAC",Maintain status quo,Disclose > $500
Adaptive,139,3,0.01275,"$1,000,000","Prohibit candidate;
 allow PAC",Maintain status quo,Disclose > $500
Adaptive,139,4,0.00842,"$1,000,000","Prohibit candidate;
 allow PAC",Maintain status quo,Disclose > $500
Adaptive,139,5,7.1e-4,"$1,000,000","Prohibit candidate;
 allow PAC",Maintain status quo,Disclose > $500
Adaptive,139,6,4.8e-4,"$1,000,000","Prohibit candidate;
 allow PAC",Maintain status quo,Disclose > $500
Adaptive,139,7,3e-5,"$1,000,000","Prohibit candidate;
 allow PAC",Maintain status quo,Disclose > $500
Adaptive,139,8,0,"$1,000,000","Prohibit candidate;
 allow PAC",Maintain status quo,Disclose > $500
Adaptive,139,9,1e-5,"$1,000,000","Prohibit candidate;
 allow PAC",Maintain status quo,Disclose > $500
Adaptive,139,10,0,"$1,000,000","Prohibit candidate;
 allow PAC",Maintain status quo,Disclose > $500
Adaptive,140,0,0.00520833333333333,"$10,000","Prohibit candidate;
 allow PAC",Maintain status quo,Disclose > $500
Adaptive,140,1,2e-5,"$10,000","Prohibit candidate;
 allow PAC",Maintain status quo,Disclose > $500
Adaptive,140,2,2.1e-4,"$10,000","Prohibit candidate;
 allow PAC",Maintain status quo,Disclose > $500
Adaptive,140,3,0.00382,"$10,000","Prohibit candidate;
 allow PAC",Maintain status quo,Disclose > $500
Adaptive,140,4,0.00968,"$10,000","Prohibit candidate;
 allow PAC",Maintain status quo,Disclose > $500
Adaptive,140,5,3.9e-4,"$10,000","Prohibit candidate;
 allow PAC",Maintain status quo,Disclose > $500
Adaptive,140,6,4.4e-4,"$10,000","Prohibit candidate;
 allow PAC",Maintain status quo,Disclose > $500
Adaptive,140,7,0,"$10,000","Prohibit candidate;
 allow PAC",Maintain status quo,Disclose > $500
Adaptive,140,8,0,"$10,000","Prohibit candidate;
 allow PAC",Maintain status quo,Disclose > $500
Adaptive,140,9,4e-5,"$10,000","Prohibit candidate;
 allow PAC",Maintain status quo,Disclose > $500
Adaptive,140,10,5e-5,"$10,000","Prohibit candidate;
 allow PAC",Maintain status quo,Disclose > $500
Adaptive,141,0,0.00520833333333333,No limits,Allow all,Maintain status quo,Disclose > $500
Adaptive,141,1,0,No limits,Allow all,Maintain status quo,Disclose > $500
Adaptive,141,2,0,No limits,Allow all,Maintain status quo,Disclose > $500
Adaptive,141,3,0,No limits,Allow all,Maintain status quo,Disclose > $500
Adaptive,141,4,0,No limits,Allow all,Maintain status quo,Disclose > $500
Adaptive,141,5,0,No limits,Allow all,Maintain status quo,Disclose > $500
Adaptive,141,6,0,No limits,Allow all,Maintain status quo,Disclose > $500
Adaptive,141,7,0,No limits,Allow all,Maintain status quo,Disclose > $500
Adaptive,141,8,0,No limits,Allow all,Maintain status quo,Disclose > $500
Adaptive,141,9,0,No limits,Allow all,Maintain status quo,Disclose > $500
Adaptive,141,10,0,No limits,Allow all,Maintain status quo,Disclose > $500
Adaptive,142,0,0.00520833333333333,"100,000",Allow all,Maintain status quo,Disclose > $500
Adaptive,142,1,0,"100,000",Allow all,Maintain status quo,Disclose > $500
Adaptive,142,2,0,"100,000",Allow all,Maintain status quo,Disclose > $500
Adaptive,142,3,0,"100,000",Allow all,Maintain status quo,Disclose > $500
Adaptive,142,4,0,"100,000",Allow all,Maintain status quo,Disclose > $500
Adaptive,142,5,0,"100,000",Allow all,Maintain status quo,Disclose > $500
Adaptive,142,6,0,"100,000",Allow all,Maintain status quo,Disclose > $500
Adaptive,142,7,0,"100,000",Allow all,Maintain status quo,Disclose > $500
Adaptive,142,8,0,"100,000",Allow all,Maintain status quo,Disclose > $500
Adaptive,142,9,0,"100,000",Allow all,Maintain status quo,Disclose > $500
Adaptive,142,10,0,"100,000",Allow all,Maintain status quo,Disclose > $500
Adaptive,143,0,0.00520833333333333,"$1,000,000",Allow all,Maintain status quo,Disclose > $500
Adaptive,143,1,0,"$1,000,000",Allow all,Maintain status quo,Disclose > $500
Adaptive,143,2,0,"$1,000,000",Allow all,Maintain status quo,Disclose > $500
Adaptive,143,3,3e-5,"$1,000,000",Allow all,Maintain status quo,Disclose > $500
Adaptive,143,4,4e-5,"$1,000,000",Allow all,Maintain status quo,Disclose > $500
Adaptive,143,5,1e-5,"$1,000,000",Allow all,Maintain status quo,Disclose > $500
Adaptive,143,6,1e-5,"$1,000,000",Allow all,Maintain status quo,Disclose > $500
Adaptive,143,7,0,"$1,000,000",Allow all,Maintain status quo,Disclose > $500
Adaptive,143,8,0,"$1,000,000",Allow all,Maintain status quo,Disclose > $500
Adaptive,143,9,0,"$1,000,000",Allow all,Maintain status quo,Disclose > $500
Adaptive,143,10,0,"$1,000,000",Allow all,Maintain status quo,Disclose > $500
Adaptive,144,0,0.00520833333333333,"$10,000",Allow all,Maintain status quo,Disclose > $500
Adaptive,144,1,0,"$10,000",Allow all,Maintain status quo,Disclose > $500
Adaptive,144,2,0,"$10,000",Allow all,Maintain status quo,Disclose > $500
Adaptive,144,3,0,"$10,000",Allow all,Maintain status quo,Disclose > $500
Adaptive,144,4,0,"$10,000",Allow all,Maintain status quo,Disclose > $500
Adaptive,144,5,0,"$10,000",Allow all,Maintain status quo,Disclose > $500
Adaptive,144,6,0,"$10,000",Allow all,Maintain status quo,Disclose > $500
Adaptive,144,7,0,"$10,000",Allow all,Maintain status quo,Disclose > $500
Adaptive,144,8,0,"$10,000",Allow all,Maintain status quo,Disclose > $500
Adaptive,144,9,0,"$10,000",Allow all,Maintain status quo,Disclose > $500
Adaptive,144,10,0,"$10,000",Allow all,Maintain status quo,Disclose > $500
Adaptive,145,0,0.00520833333333333,No limits,Prohibit all,Prohibit all,Disclose all
Adaptive,145,1,2e-5,No limits,Prohibit all,Prohibit all,Disclose all
Adaptive,145,2,1.9e-4,No limits,Prohibit all,Prohibit all,Disclose all
Adaptive,145,3,6.3e-4,No limits,Prohibit all,Prohibit all,Disclose all
Adaptive,145,4,0.00347,No limits,Prohibit all,Prohibit all,Disclose all
Adaptive,145,5,0.01199,No limits,Prohibit all,Prohibit all,Disclose all
Adaptive,145,6,0.00182,No limits,Prohibit all,Prohibit all,Disclose all
Adaptive,145,7,0.00197,No limits,Prohibit all,Prohibit all,Disclose all
Adaptive,145,8,0.00169,No limits,Prohibit all,Prohibit all,Disclose all
Adaptive,145,9,0.00193,No limits,Prohibit all,Prohibit all,Disclose all
Adaptive,145,10,0.00168,No limits,Prohibit all,Prohibit all,Disclose all
Adaptive,146,0,0.00520833333333333,"100,000",Prohibit all,Prohibit all,Disclose all
Adaptive,146,1,8e-5,"100,000",Prohibit all,Prohibit all,Disclose all
Adaptive,146,2,2.4e-4,"100,000",Prohibit all,Prohibit all,Disclose all
Adaptive,146,3,0.0019,"100,000",Prohibit all,Prohibit all,Disclose all
Adaptive,146,4,0.00455,"100,000",Prohibit all,Prohibit all,Disclose all
Adaptive,146,5,0.00992,"100,000",Prohibit all,Prohibit all,Disclose all
Adaptive,146,6,0.02556,"100,000",Prohibit all,Prohibit all,Disclose all
Adaptive,146,7,0.06344,"100,000",Prohibit all,Prohibit all,Disclose all
Adaptive,146,8,0.07279,"100,000",Prohibit all,Prohibit all,Disclose all
Adaptive,146,9,0.09528,"100,000",Prohibit all,Prohibit all,Disclose all
Adaptive,146,10,0.21251,"100,000",Prohibit all,Prohibit all,Disclose all
Adaptive,147,0,0.00520833333333333,"$1,000,000",Prohibit all,Prohibit all,Disclose all
Adaptive,147,1,0.00669,"$1,000,000",Prohibit all,Prohibit all,Disclose all
Adaptive,147,2,0.00202,"$1,000,000",Prohibit all,Prohibit all,Disclose all
Adaptive,147,3,0.01555,"$1,000,000",Prohibit all,Prohibit all,Disclose all
Adaptive,147,4,0.02467,"$1,000,000",Prohibit all,Prohibit all,Disclose all
Adaptive,147,5,0.15897,"$1,000,000",Prohibit all,Prohibit all,Disclose all
Adaptive,147,6,0.2454,"$1,000,000",Prohibit all,Prohibit all,Disclose all
Adaptive,147,7,0.38774,"$1,000,000",Prohibit all,Prohibit all,Disclose all
Adaptive,147,8,0.20632,"$1,000,000",Prohibit all,Prohibit all,Disclose all
Adaptive,147,9,0.1637,"$1,000,000",Prohibit all,Prohibit all,Disclose all
Adaptive,147,10,0.07608,"$1,000,000",Prohibit all,Prohibit all,Disclose all
Adaptive,148,0,0.00520833333333333,"$10,000",Prohibit all,Prohibit all,Disclose all
Adaptive,148,1,1.1e-4,"$10,000",Prohibit all,Prohibit all,Disclose all
Adaptive,148,2,2.2e-4,"$10,000",Prohibit all,Prohibit all,Disclose all
Adaptive,148,3,0.00746,"$10,000",Prohibit all,Prohibit all,Disclose all
Adaptive,148,4,0.03385,"$10,000",Prohibit all,Prohibit all,Disclose all
Adaptive,148,5,0.09842,"$10,000",Prohibit all,Prohibit all,Disclose all
Adaptive,148,6,0.17944,"$10,000",Prohibit all,Prohibit all,Disclose all
Adaptive,148,7,0.32833,"$10,000",Prohibit all,Prohibit all,Disclose all
Adaptive,148,8,0.49518,"$10,000",Prohibit all,Prohibit all,Disclose all
Adaptive,148,9,0.40904,"$10,000",Prohibit all,Prohibit all,Disclose all
Adaptive,148,10,0.33828,"$10,000",Prohibit all,Prohibit all,Disclose all
Adaptive,149,0,0.00520833333333333,No limits,"Prohibit candidate;
 allow PAC",Prohibit all,Disclose all
Adaptive,149,1,1.2e-4,No limits,"Prohibit candidate;
 allow PAC",Prohibit all,Disclose all
Adaptive,149,2,6e-5,No limits,"Prohibit candidate;
 allow PAC",Prohibit all,Disclose all
Adaptive,149,3,0.00101,No limits,"Prohibit candidate;
 allow PAC",Prohibit all,Disclose all
Adaptive,149,4,0.00385,No limits,"Prohibit candidate;
 allow PAC",Prohibit all,Disclose all
Adaptive,149,5,0.00381,No limits,"Prohibit candidate;
 allow PAC",Prohibit all,Disclose all
Adaptive,149,6,7.6e-4,No limits,"Prohibit candidate;
 allow PAC",Prohibit all,Disclose all
Adaptive,149,7,2.9e-4,No limits,"Prohibit candidate;
 allow PAC",Prohibit all,Disclose all
Adaptive,149,8,1.5e-4,No limits,"Prohibit candidate;
 allow PAC",Prohibit all,Disclose all
Adaptive,149,9,2.2e-4,No limits,"Prohibit candidate;
 allow PAC",Prohibit all,Disclose all
Adaptive,149,10,1.1e-4,No limits,"Prohibit candidate;
 allow PAC",Prohibit all,Disclose all
Adaptive,150,0,0.00520833333333333,"100,000","Prohibit candidate;
 allow PAC",Prohibit all,Disclose all
Adaptive,150,1,6e-5,"100,000","Prohibit candidate;
 allow PAC",Prohibit all,Disclose all
Adaptive,150,2,1.3e-4,"100,000","Prohibit candidate;
 allow PAC",Prohibit all,Disclose all
Adaptive,150,3,0.00259,"100,000","Prohibit candidate;
 allow PAC",Prohibit all,Disclose all
Adaptive,150,4,0.00456,"100,000","Prohibit candidate;
 allow PAC",Prohibit all,Disclose all
Adaptive,150,5,0.0032,"100,000","Prohibit candidate;
 allow PAC",Prohibit all,Disclose all
Adaptive,150,6,0.00875,"100,000","Prohibit candidate;
 allow PAC",Prohibit all,Disclose all
Adaptive,150,7,0.00639,"100,000","Prohibit candidate;
 allow PAC",Prohibit all,Disclose all
Adaptive,150,8,0.00504,"100,000","Prohibit candidate;
 allow PAC",Prohibit all,Disclose all
Adaptive,150,9,0.00952,"100,000","Prohibit candidate;
 allow PAC",Prohibit all,Disclose all
Adaptive,150,10,0.01885,"100,000","Prohibit candidate;
 allow PAC",Prohibit all,Disclose all
Adaptive,151,0,0.00520833333333333,"$1,000,000","Prohibit candidate;
 allow PAC",Prohibit all,Disclose all
Adaptive,151,1,0.00976,"$1,000,000","Prohibit candidate;
 allow PAC",Prohibit all,Disclose all
Adaptive,151,2,0.00106,"$1,000,000","Prohibit candidate;
 allow PAC",Prohibit all,Disclose all
Adaptive,151,3,0.02219,"$1,000,000","Prohibit candidate;
 allow PAC",Prohibit all,Disclose all
Adaptive,151,4,0.02792,"$1,000,000","Prohibit candidate;
 allow PAC",Prohibit all,Disclose all
Adaptive,151,5,0.05278,"$1,000,000","Prohibit candidate;
 allow PAC",Prohibit all,Disclose all
Adaptive,151,6,0.09041,"$1,000,000","Prohibit candidate;
 allow PAC",Prohibit all,Disclose all
Adaptive,151,7,0.04117,"$1,000,000","Prohibit candidate;
 allow PAC",Prohibit all,Disclose all
Adaptive,151,8,0.01287,"$1,000,000","Prohibit candidate;
 allow PAC",Prohibit all,Disclose all
Adaptive,151,9,0.01521,"$1,000,000","Prohibit candidate;
 allow PAC",Prohibit all,Disclose all
Adaptive,151,10,0.00586,"$1,000,000","Prohibit candidate;
 allow PAC",Prohibit all,Disclose all
Adaptive,152,0,0.00520833333333333,"$10,000","Prohibit candidate;
 allow PAC",Prohibit all,Disclose all
Adaptive,152,1,2.4e-4,"$10,000","Prohibit candidate;
 allow PAC",Prohibit all,Disclose all
Adaptive,152,2,4e-5,"$10,000","Prohibit candidate;
 allow PAC",Prohibit all,Disclose all
Adaptive,152,3,0.00884,"$10,000","Prohibit candidate;
 allow PAC",Prohibit all,Disclose all
Adaptive,152,4,0.03268,"$10,000","Prohibit candidate;
 allow PAC",Prohibit all,Disclose all
Adaptive,152,5,0.02781,"$10,000","Prohibit candidate;
 allow PAC",Prohibit all,Disclose all
Adaptive,152,6,0.06811,"$10,000","Prohibit candidate;
 allow PAC",Prohibit all,Disclose all
Adaptive,152,7,0.03843,"$10,000","Prohibit candidate;
 allow PAC",Prohibit all,Disclose all
Adaptive,152,8,0.0343,"$10,000","Prohibit candidate;
 allow PAC",Prohibit all,Disclose all
Adaptive,152,9,0.04209,"$10,000","Prohibit candidate;
 allow PAC",Prohibit all,Disclose all
Adaptive,152,10,0.03131,"$10,000","Prohibit candidate;
 allow PAC",Prohibit all,Disclose all
Adaptive,153,0,0.00520833333333333,No limits,Allow all,Prohibit all,Disclose all
Adaptive,153,1,0,No limits,Allow all,Prohibit all,Disclose all
Adaptive,153,2,0,No limits,Allow all,Prohibit all,Disclose all
Adaptive,153,3,0,No limits,Allow all,Prohibit all,Disclose all
Adaptive,153,4,0,No limits,Allow all,Prohibit all,Disclose all
Adaptive,153,5,2e-5,No limits,Allow all,Prohibit all,Disclose all
Adaptive,153,6,0,No limits,Allow all,Prohibit all,Disclose all
Adaptive,153,7,0,No limits,Allow all,Prohibit all,Disclose all
Adaptive,153,8,0,No limits,Allow all,Prohibit all,Disclose all
Adaptive,153,9,0,No limits,Allow all,Prohibit all,Disclose all
Adaptive,153,10,0,No limits,Allow all,Prohibit all,Disclose all
Adaptive,154,0,0.00520833333333333,"100,000",Allow all,Prohibit all,Disclose all
Adaptive,154,1,0,"100,000",Allow all,Prohibit all,Disclose all
Adaptive,154,2,0,"100,000",Allow all,Prohibit all,Disclose all
Adaptive,154,3,2e-5,"100,000",Allow all,Prohibit all,Disclose all
Adaptive,154,4,1e-5,"100,000",Allow all,Prohibit all,Disclose all
Adaptive,154,5,6e-5,"100,000",Allow all,Prohibit all,Disclose all
Adaptive,154,6,6e-5,"100,000",Allow all,Prohibit all,Disclose all
Adaptive,154,7,5e-5,"100,000",Allow all,Prohibit all,Disclose all
Adaptive,154,8,7e-5,"100,000",Allow all,Prohibit all,Disclose all
Adaptive,154,9,5e-5,"100,000",Allow all,Prohibit all,Disclose all
Adaptive,154,10,9e-5,"100,000",Allow all,Prohibit all,Disclose all
Adaptive,155,0,0.00520833333333333,"$1,000,000",Allow all,Prohibit all,Disclose all
Adaptive,155,1,0,"$1,000,000",Allow all,Prohibit all,Disclose all
Adaptive,155,2,0,"$1,000,000",Allow all,Prohibit all,Disclose all
Adaptive,155,3,1.9e-4,"$1,000,000",Allow all,Prohibit all,Disclose all
Adaptive,155,4,1.1e-4,"$1,000,000",Allow all,Prohibit all,Disclose all
Adaptive,155,5,0.00178,"$1,000,000",Allow all,Prohibit all,Disclose all
Adaptive,155,6,0.0018,"$1,000,000",Allow all,Prohibit all,Disclose all
Adaptive,155,7,0.00119,"$1,000,000",Allow all,Prohibit all,Disclose all
Adaptive,155,8,5e-4,"$1,000,000",Allow all,Prohibit all,Disclose all
Adaptive,155,9,1.7e-4,"$1,000,000",Allow all,Prohibit all,Disclose all
Adaptive,155,10,3e-5,"$1,000,000",Allow all,Prohibit all,Disclose all
Adaptive,156,0,0.00520833333333333,"$10,000",Allow all,Prohibit all,Disclose all
Adaptive,156,1,0,"$10,000",Allow all,Prohibit all,Disclose all
Adaptive,156,2,0,"$10,000",Allow all,Prohibit all,Disclose all
Adaptive,156,3,3e-5,"$10,000",Allow all,Prohibit all,Disclose all
Adaptive,156,4,8e-5,"$10,000",Allow all,Prohibit all,Disclose all
Adaptive,156,5,7.9e-4,"$10,000",Allow all,Prohibit all,Disclose all
Adaptive,156,6,9e-4,"$10,000",Allow all,Prohibit all,Disclose all
Adaptive,156,7,9.6e-4,"$10,000",Allow all,Prohibit all,Disclose all
Adaptive,156,8,7.5e-4,"$10,000",Allow all,Prohibit all,Disclose all
Adaptive,156,9,4e-4,"$10,000",Allow all,Prohibit all,Disclose all
Adaptive,156,10,2.4e-4,"$10,000",Allow all,Prohibit all,Disclose all
Adaptive,157,0,0.00520833333333333,No limits,Prohibit all,5:1 match,Disclose all
Adaptive,157,1,6e-5,No limits,Prohibit all,5:1 match,Disclose all
Adaptive,157,2,0.00161,No limits,Prohibit all,5:1 match,Disclose all
Adaptive,157,3,0.00153,No limits,Prohibit all,5:1 match,Disclose all
Adaptive,157,4,4.1e-4,No limits,Prohibit all,5:1 match,Disclose all
Adaptive,157,5,0.00291,No limits,Prohibit all,5:1 match,Disclose all
Adaptive,157,6,7e-5,No limits,Prohibit all,5:1 match,Disclose all
Adaptive,157,7,3e-5,No limits,Prohibit all,5:1 match,Disclose all
Adaptive,157,8,2e-5,No limits,Prohibit all,5:1 match,Disclose all
Adaptive,157,9,1e-5,No limits,Prohibit all,5:1 match,Disclose all
Adaptive,157,10,2e-5,No limits,Prohibit all,5:1 match,Disclose all
Adaptive,158,0,0.00520833333333333,"100,000",Prohibit all,5:1 match,Disclose all
Adaptive,158,1,6e-5,"100,000",Prohibit all,5:1 match,Disclose all
Adaptive,158,2,0.00205,"100,000",Prohibit all,5:1 match,Disclose all
Adaptive,158,3,0.00286,"100,000",Prohibit all,5:1 match,Disclose all
Adaptive,158,4,3.8e-4,"100,000",Prohibit all,5:1 match,Disclose all
Adaptive,158,5,0.00221,"100,000",Prohibit all,5:1 match,Disclose all
Adaptive,158,6,0.00134,"100,000",Prohibit all,5:1 match,Disclose all
Adaptive,158,7,6.7e-4,"100,000",Prohibit all,5:1 match,Disclose all
Adaptive,158,8,6.7e-4,"100,000",Prohibit all,5:1 match,Disclose all
Adaptive,158,9,0.00102,"100,000",Prohibit all,5:1 match,Disclose all
Adaptive,158,10,0.00432,"100,000",Prohibit all,5:1 match,Disclose all
Adaptive,159,0,0.00520833333333333,"$1,000,000",Prohibit all,5:1 match,Disclose all
Adaptive,159,1,0.00483,"$1,000,000",Prohibit all,5:1 match,Disclose all
Adaptive,159,2,0.02333,"$1,000,000",Prohibit all,5:1 match,Disclose all
Adaptive,159,3,0.02673,"$1,000,000",Prohibit all,5:1 match,Disclose all
Adaptive,159,4,0.00238,"$1,000,000",Prohibit all,5:1 match,Disclose all
Adaptive,159,5,0.03048,"$1,000,000",Prohibit all,5:1 match,Disclose all
Adaptive,159,6,0.0121,"$1,000,000",Prohibit all,5:1 match,Disclose all
Adaptive,159,7,0.00293,"$1,000,000",Prohibit all,5:1 match,Disclose all
Adaptive,159,8,0.00158,"$1,000,000",Prohibit all,5:1 match,Disclose all
Adaptive,159,9,0.00168,"$1,000,000",Prohibit all,5:1 match,Disclose all
Adaptive,159,10,0.00128,"$1,000,000",Prohibit all,5:1 match,Disclose all
Adaptive,160,0,0.00520833333333333,"$10,000",Prohibit all,5:1 match,Disclose all
Adaptive,160,1,1.1e-4,"$10,000",Prohibit all,5:1 match,Disclose all
Adaptive,160,2,0.00147,"$10,000",Prohibit all,5:1 match,Disclose all
Adaptive,160,3,0.00973,"$10,000",Prohibit all,5:1 match,Disclose all
Adaptive,160,4,0.00264,"$10,000",Prohibit all,5:1 match,Disclose all
Adaptive,160,5,0.02075,"$10,000",Prohibit all,5:1 match,Disclose all
Adaptive,160,6,0.01067,"$10,000",Prohibit all,5:1 match,Disclose all
Adaptive,160,7,0.00325,"$10,000",Prohibit all,5:1 match,Disclose all
Adaptive,160,8,0.00524,"$10,000",Prohibit all,5:1 match,Disclose all
Adaptive,160,9,0.0052,"$10,000",Prohibit all,5:1 match,Disclose all
Adaptive,160,10,0.00758,"$10,000",Prohibit all,5:1 match,Disclose all
Adaptive,161,0,0.00520833333333333,No limits,"Prohibit candidate;
 allow PAC",5:1 match,Disclose all
Adaptive,161,1,7e-5,No limits,"Prohibit candidate;
 allow PAC",5:1 match,Disclose all
Adaptive,161,2,5.7e-4,No limits,"Prohibit candidate;
 allow PAC",5:1 match,Disclose all
Adaptive,161,3,0.00212,No limits,"Prohibit candidate;
 allow PAC",5:1 match,Disclose all
Adaptive,161,4,3.9e-4,No limits,"Prohibit candidate;
 allow PAC",5:1 match,Disclose all
Adaptive,161,5,9.2e-4,No limits,"Prohibit candidate;
 allow PAC",5:1 match,Disclose all
Adaptive,161,6,4e-5,No limits,"Prohibit candidate;
 allow PAC",5:1 match,Disclose all
Adaptive,161,7,0,No limits,"Prohibit candidate;
 allow PAC",5:1 match,Disclose all
Adaptive,161,8,0,No limits,"Prohibit candidate;
 allow PAC",5:1 match,Disclose all
Adaptive,161,9,0,No limits,"Prohibit candidate;
 allow PAC",5:1 match,Disclose all
Adaptive,161,10,0,No limits,"Prohibit candidate;
 allow PAC",5:1 match,Disclose all
Adaptive,162,0,0.00520833333333333,"100,000","Prohibit candidate;
 allow PAC",5:1 match,Disclose all
Adaptive,162,1,8e-5,"100,000","Prohibit candidate;
 allow PAC",5:1 match,Disclose all
Adaptive,162,2,7.1e-4,"100,000","Prohibit candidate;
 allow PAC",5:1 match,Disclose all
Adaptive,162,3,0.00384,"100,000","Prohibit candidate;
 allow PAC",5:1 match,Disclose all
Adaptive,162,4,4.5e-4,"100,000","Prohibit candidate;
 allow PAC",5:1 match,Disclose all
Adaptive,162,5,6.6e-4,"100,000","Prohibit candidate;
 allow PAC",5:1 match,Disclose all
Adaptive,162,6,4e-4,"100,000","Prohibit candidate;
 allow PAC",5:1 match,Disclose all
Adaptive,162,7,2e-5,"100,000","Prohibit candidate;
 allow PAC",5:1 match,Disclose all
Adaptive,162,8,1e-5,"100,000","Prohibit candidate;
 allow PAC",5:1 match,Disclose all
Adaptive,162,9,7e-5,"100,000","Prohibit candidate;
 allow PAC",5:1 match,Disclose all
Adaptive,162,10,2.9e-4,"100,000","Prohibit candidate;
 allow PAC",5:1 match,Disclose all
Adaptive,163,0,0.00520833333333333,"$1,000,000","Prohibit candidate;
 allow PAC",5:1 match,Disclose all
Adaptive,163,1,0.00598,"$1,000,000","Prohibit candidate;
 allow PAC",5:1 match,Disclose all
Adaptive,163,2,0.00696,"$1,000,000","Prohibit candidate;
 allow PAC",5:1 match,Disclose all
Adaptive,163,3,0.0391,"$1,000,000","Prohibit candidate;
 allow PAC",5:1 match,Disclose all
Adaptive,163,4,0.00299,"$1,000,000","Prohibit candidate;
 allow PAC",5:1 match,Disclose all
Adaptive,163,5,0.0098,"$1,000,000","Prohibit candidate;
 allow PAC",5:1 match,Disclose all
Adaptive,163,6,0.00403,"$1,000,000","Prohibit candidate;
 allow PAC",5:1 match,Disclose all
Adaptive,163,7,2.3e-4,"$1,000,000","Prohibit candidate;
 allow PAC",5:1 match,Disclose all
Adaptive,163,8,1.1e-4,"$1,000,000","Prohibit candidate;
 allow PAC",5:1 match,Disclose all
Adaptive,163,9,1.3e-4,"$1,000,000","Prohibit candidate;
 allow PAC",5:1 match,Disclose all
Adaptive,163,10,9e-5,"$1,000,000","Prohibit candidate;
 allow PAC",5:1 match,Disclose all
Adaptive,164,0,0.00520833333333333,"$10,000","Prohibit candidate;
 allow PAC",5:1 match,Disclose all
Adaptive,164,1,1.4e-4,"$10,000","Prohibit candidate;
 allow PAC",5:1 match,Disclose all
Adaptive,164,2,4.7e-4,"$10,000","Prohibit candidate;
 allow PAC",5:1 match,Disclose all
Adaptive,164,3,0.01237,"$10,000","Prohibit candidate;
 allow PAC",5:1 match,Disclose all
Adaptive,164,4,0.00233,"$10,000","Prohibit candidate;
 allow PAC",5:1 match,Disclose all
Adaptive,164,5,0.00612,"$10,000","Prohibit candidate;
 allow PAC",5:1 match,Disclose all
Adaptive,164,6,0.00367,"$10,000","Prohibit candidate;
 allow PAC",5:1 match,Disclose all
Adaptive,164,7,3e-4,"$10,000","Prohibit candidate;
 allow PAC",5:1 match,Disclose all
Adaptive,164,8,1.9e-4,"$10,000","Prohibit candidate;
 allow PAC",5:1 match,Disclose all
Adaptive,164,9,3.2e-4,"$10,000","Prohibit candidate;
 allow PAC",5:1 match,Disclose all
Adaptive,164,10,4.8e-4,"$10,000","Prohibit candidate;
 allow PAC",5:1 match,Disclose all
Adaptive,165,0,0.00520833333333333,No limits,Allow all,5:1 match,Disclose all
Adaptive,165,1,0,No limits,Allow all,5:1 match,Disclose all
Adaptive,165,2,0,No limits,Allow all,5:1 match,Disclose all
Adaptive,165,3,0,No limits,Allow all,5:1 match,Disclose all
Adaptive,165,4,0,No limits,Allow all,5:1 match,Disclose all
Adaptive,165,5,1e-5,No limits,Allow all,5:1 match,Disclose all
Adaptive,165,6,0,No limits,Allow all,5:1 match,Disclose all
Adaptive,165,7,0,No limits,Allow all,5:1 match,Disclose all
Adaptive,165,8,0,No limits,Allow all,5:1 match,Disclose all
Adaptive,165,9,0,No limits,Allow all,5:1 match,Disclose all
Adaptive,165,10,0,No limits,Allow all,5:1 match,Disclose all
Adaptive,166,0,0.00520833333333333,"100,000",Allow all,5:1 match,Disclose all
Adaptive,166,1,0,"100,000",Allow all,5:1 match,Disclose all
Adaptive,166,2,0,"100,000",Allow all,5:1 match,Disclose all
Adaptive,166,3,0,"100,000",Allow all,5:1 match,Disclose all
Adaptive,166,4,0,"100,000",Allow all,5:1 match,Disclose all
Adaptive,166,5,1e-5,"100,000",Allow all,5:1 match,Disclose all
Adaptive,166,6,0,"100,000",Allow all,5:1 match,Disclose all
Adaptive,166,7,0,"100,000",Allow all,5:1 match,Disclose all
Adaptive,166,8,0,"100,000",Allow all,5:1 match,Disclose all
Adaptive,166,9,0,"100,000",Allow all,5:1 match,Disclose all
Adaptive,166,10,1e-5,"100,000",Allow all,5:1 match,Disclose all
Adaptive,167,0,0.00520833333333333,"$1,000,000",Allow all,5:1 match,Disclose all
Adaptive,167,1,0,"$1,000,000",Allow all,5:1 match,Disclose all
Adaptive,167,2,8e-5,"$1,000,000",Allow all,5:1 match,Disclose all
Adaptive,167,3,4.2e-4,"$1,000,000",Allow all,5:1 match,Disclose all
Adaptive,167,4,3e-5,"$1,000,000",Allow all,5:1 match,Disclose all
Adaptive,167,5,6.3e-4,"$1,000,000",Allow all,5:1 match,Disclose all
Adaptive,167,6,4e-5,"$1,000,000",Allow all,5:1 match,Disclose all
Adaptive,167,7,2e-5,"$1,000,000",Allow all,5:1 match,Disclose all
Adaptive,167,8,0,"$1,000,000",Allow all,5:1 match,Disclose all
Adaptive,167,9,0,"$1,000,000",Allow all,5:1 match,Disclose all
Adaptive,167,10,0,"$1,000,000",Allow all,5:1 match,Disclose all
Adaptive,168,0,0.00520833333333333,"$10,000",Allow all,5:1 match,Disclose all
Adaptive,168,1,0,"$10,000",Allow all,5:1 match,Disclose all
Adaptive,168,2,0,"$10,000",Allow all,5:1 match,Disclose all
Adaptive,168,3,4e-5,"$10,000",Allow all,5:1 match,Disclose all
Adaptive,168,4,2e-5,"$10,000",Allow all,5:1 match,Disclose all
Adaptive,168,5,3e-4,"$10,000",Allow all,5:1 match,Disclose all
Adaptive,168,6,6e-5,"$10,000",Allow all,5:1 match,Disclose all
Adaptive,168,7,1e-5,"$10,000",Allow all,5:1 match,Disclose all
Adaptive,168,8,1e-5,"$10,000",Allow all,5:1 match,Disclose all
Adaptive,168,9,0,"$10,000",Allow all,5:1 match,Disclose all
Adaptive,168,10,0,"$10,000",Allow all,5:1 match,Disclose all
Adaptive,169,0,0.00520833333333333,No limits,Prohibit all,1:1 match,Disclose all
Adaptive,169,1,1.3e-4,No limits,Prohibit all,1:1 match,Disclose all
Adaptive,169,2,0.00327,No limits,Prohibit all,1:1 match,Disclose all
Adaptive,169,3,3.1e-4,No limits,Prohibit all,1:1 match,Disclose all
Adaptive,169,4,8.7e-4,No limits,Prohibit all,1:1 match,Disclose all
Adaptive,169,5,0.0049,No limits,Prohibit all,1:1 match,Disclose all
Adaptive,169,6,4.9e-4,No limits,Prohibit all,1:1 match,Disclose all
Adaptive,169,7,6e-5,No limits,Prohibit all,1:1 match,Disclose all
Adaptive,169,8,1.2e-4,No limits,Prohibit all,1:1 match,Disclose all
Adaptive,169,9,2.7e-4,No limits,Prohibit all,1:1 match,Disclose all
Adaptive,169,10,3.2e-4,No limits,Prohibit all,1:1 match,Disclose all
Adaptive,170,0,0.00520833333333333,"100,000",Prohibit all,1:1 match,Disclose all
Adaptive,170,1,1.1e-4,"100,000",Prohibit all,1:1 match,Disclose all
Adaptive,170,2,0.00365,"100,000",Prohibit all,1:1 match,Disclose all
Adaptive,170,3,6.5e-4,"100,000",Prohibit all,1:1 match,Disclose all
Adaptive,170,4,0.00126,"100,000",Prohibit all,1:1 match,Disclose all
Adaptive,170,5,0.00329,"100,000",Prohibit all,1:1 match,Disclose all
Adaptive,170,6,0.00362,"100,000",Prohibit all,1:1 match,Disclose all
Adaptive,170,7,0.00226,"100,000",Prohibit all,1:1 match,Disclose all
Adaptive,170,8,0.00573,"100,000",Prohibit all,1:1 match,Disclose all
Adaptive,170,9,0.01399,"100,000",Prohibit all,1:1 match,Disclose all
Adaptive,170,10,0.03635,"100,000",Prohibit all,1:1 match,Disclose all
Adaptive,171,0,0.00520833333333333,"$1,000,000",Prohibit all,1:1 match,Disclose all
Adaptive,171,1,0.00447,"$1,000,000",Prohibit all,1:1 match,Disclose all
Adaptive,171,2,0.0447,"$1,000,000",Prohibit all,1:1 match,Disclose all
Adaptive,171,3,0.00671,"$1,000,000",Prohibit all,1:1 match,Disclose all
Adaptive,171,4,0.007,"$1,000,000",Prohibit all,1:1 match,Disclose all
Adaptive,171,5,0.05464,"$1,000,000",Prohibit all,1:1 match,Disclose all
Adaptive,171,6,0.03652,"$1,000,000",Prohibit all,1:1 match,Disclose all
Adaptive,171,7,0.01414,"$1,000,000",Prohibit all,1:1 match,Disclose all
Adaptive,171,8,0.01414,"$1,000,000",Prohibit all,1:1 match,Disclose all
Adaptive,171,9,0.02156,"$1,000,000",Prohibit all,1:1 match,Disclose all
Adaptive,171,10,0.01113,"$1,000,000",Prohibit all,1:1 match,Disclose all
Adaptive,172,0,0.00520833333333333,"$10,000",Prohibit all,1:1 match,Disclose all
Adaptive,172,1,4e-5,"$10,000",Prohibit all,1:1 match,Disclose all
Adaptive,172,2,0.00273,"$10,000",Prohibit all,1:1 match,Disclose all
Adaptive,172,3,0.00275,"$10,000",Prohibit all,1:1 match,Disclose all
Adaptive,172,4,0.00955,"$10,000",Prohibit all,1:1 match,Disclose all
Adaptive,172,5,0.0392,"$10,000",Prohibit all,1:1 match,Disclose all
Adaptive,172,6,0.03219,"$10,000",Prohibit all,1:1 match,Disclose all
Adaptive,172,7,0.01519,"$10,000",Prohibit all,1:1 match,Disclose all
Adaptive,172,8,0.04435,"$10,000",Prohibit all,1:1 match,Disclose all
Adaptive,172,9,0.06807,"$10,000",Prohibit all,1:1 match,Disclose all
Adaptive,172,10,0.06425,"$10,000",Prohibit all,1:1 match,Disclose all
Adaptive,173,0,0.00520833333333333,No limits,"Prohibit candidate;
 allow PAC",1:1 match,Disclose all
Adaptive,173,1,1.4e-4,No limits,"Prohibit candidate;
 allow PAC",1:1 match,Disclose all
Adaptive,173,2,0.00124,No limits,"Prohibit candidate;
 allow PAC",1:1 match,Disclose all
Adaptive,173,3,7.3e-4,No limits,"Prohibit candidate;
 allow PAC",1:1 match,Disclose all
Adaptive,173,4,9.6e-4,No limits,"Prohibit candidate;
 allow PAC",1:1 match,Disclose all
Adaptive,173,5,0.00169,No limits,"Prohibit candidate;
 allow PAC",1:1 match,Disclose all
Adaptive,173,6,1.7e-4,No limits,"Prohibit candidate;
 allow PAC",1:1 match,Disclose all
Adaptive,173,7,3e-5,No limits,"Prohibit candidate;
 allow PAC",1:1 match,Disclose all
Adaptive,173,8,0,No limits,"Prohibit candidate;
 allow PAC",1:1 match,Disclose all
Adaptive,173,9,1e-5,No limits,"Prohibit candidate;
 allow PAC",1:1 match,Disclose all
Adaptive,173,10,3e-5,No limits,"Prohibit candidate;
 allow PAC",1:1 match,Disclose all
Adaptive,174,0,0.00520833333333333,"100,000","Prohibit candidate;
 allow PAC",1:1 match,Disclose all
Adaptive,174,1,9e-5,"100,000","Prohibit candidate;
 allow PAC",1:1 match,Disclose all
Adaptive,174,2,0.00147,"100,000","Prohibit candidate;
 allow PAC",1:1 match,Disclose all
Adaptive,174,3,0.00106,"100,000","Prohibit candidate;
 allow PAC",1:1 match,Disclose all
Adaptive,174,4,0.00143,"100,000","Prohibit candidate;
 allow PAC",1:1 match,Disclose all
Adaptive,174,5,0.00119,"100,000","Prohibit candidate;
 allow PAC",1:1 match,Disclose all
Adaptive,174,6,0.00132,"100,000","Prohibit candidate;
 allow PAC",1:1 match,Disclose all
Adaptive,174,7,2.5e-4,"100,000","Prohibit candidate;
 allow PAC",1:1 match,Disclose all
Adaptive,174,8,2.3e-4,"100,000","Prohibit candidate;
 allow PAC",1:1 match,Disclose all
Adaptive,174,9,9.4e-4,"100,000","Prohibit candidate;
 allow PAC",1:1 match,Disclose all
Adaptive,174,10,0.00262,"100,000","Prohibit candidate;
 allow PAC",1:1 match,Disclose all
Adaptive,175,0,0.00520833333333333,"$1,000,000","Prohibit candidate;
 allow PAC",1:1 match,Disclose all
Adaptive,175,1,0.00552,"$1,000,000","Prohibit candidate;
 allow PAC",1:1 match,Disclose all
Adaptive,175,2,0.01665,"$1,000,000","Prohibit candidate;
 allow PAC",1:1 match,Disclose all
Adaptive,175,3,0.01163,"$1,000,000","Prohibit candidate;
 allow PAC",1:1 match,Disclose all
Adaptive,175,4,0.00831,"$1,000,000","Prohibit candidate;
 allow PAC",1:1 match,Disclose all
Adaptive,175,5,0.01688,"$1,000,000","Prohibit candidate;
 allow PAC",1:1 match,Disclose all
Adaptive,175,6,0.01292,"$1,000,000","Prohibit candidate;
 allow PAC",1:1 match,Disclose all
Adaptive,175,7,0.00134,"$1,000,000","Prohibit candidate;
 allow PAC",1:1 match,Disclose all
Adaptive,175,8,6.2e-4,"$1,000,000","Prohibit candidate;
 allow PAC",1:1 match,Disclose all
Adaptive,175,9,0.00154,"$1,000,000","Prohibit candidate;
 allow PAC",1:1 match,Disclose all
Adaptive,175,10,6.3e-4,"$1,000,000","Prohibit candidate;
 allow PAC",1:1 match,Disclose all
Adaptive,176,0,0.00520833333333333,"$10,000","Prohibit candidate;
 allow PAC",1:1 match,Disclose all
Adaptive,176,1,1.4e-4,"$10,000","Prohibit candidate;
 allow PAC",1:1 match,Disclose all
Adaptive,176,2,0.00117,"$10,000","Prohibit candidate;
 allow PAC",1:1 match,Disclose all
Adaptive,176,3,0.00384,"$10,000","Prohibit candidate;
 allow PAC",1:1 match,Disclose all
Adaptive,176,4,0.00977,"$10,000","Prohibit candidate;
 allow PAC",1:1 match,Disclose all
Adaptive,176,5,0.01161,"$10,000","Prohibit candidate;
 allow PAC",1:1 match,Disclose all
Adaptive,176,6,0.01103,"$10,000","Prohibit candidate;
 allow PAC",1:1 match,Disclose all
Adaptive,176,7,0.00152,"$10,000","Prohibit candidate;
 allow PAC",1:1 match,Disclose all
Adaptive,176,8,0.00247,"$10,000","Prohibit candidate;
 allow PAC",1:1 match,Disclose all
Adaptive,176,9,0.00529,"$10,000","Prohibit candidate;
 allow PAC",1:1 match,Disclose all
Adaptive,176,10,0.00467,"$10,000","Prohibit candidate;
 allow PAC",1:1 match,Disclose all
Adaptive,177,0,0.00520833333333333,No limits,Allow all,1:1 match,Disclose all
Adaptive,177,1,0,No limits,Allow all,1:1 match,Disclose all
Adaptive,177,2,0,No limits,Allow all,1:1 match,Disclose all
Adaptive,177,3,0,No limits,Allow all,1:1 match,Disclose all
Adaptive,177,4,0,No limits,Allow all,1:1 match,Disclose all
Adaptive,177,5,1e-5,No limits,Allow all,1:1 match,Disclose all
Adaptive,177,6,0,No limits,Allow all,1:1 match,Disclose all
Adaptive,177,7,0,No limits,Allow all,1:1 match,Disclose all
Adaptive,177,8,0,No limits,Allow all,1:1 match,Disclose all
Adaptive,177,9,0,No limits,Allow all,1:1 match,Disclose all
Adaptive,177,10,0,No limits,Allow all,1:1 match,Disclose all
Adaptive,178,0,0.00520833333333333,"100,000",Allow all,1:1 match,Disclose all
Adaptive,178,1,0,"100,000",Allow all,1:1 match,Disclose all
Adaptive,178,2,0,"100,000",Allow all,1:1 match,Disclose all
Adaptive,178,3,0,"100,000",Allow all,1:1 match,Disclose all
Adaptive,178,4,0,"100,000",Allow all,1:1 match,Disclose all
Adaptive,178,5,2e-5,"100,000",Allow all,1:1 match,Disclose all
Adaptive,178,6,0,"100,000",Allow all,1:1 match,Disclose all
Adaptive,178,7,0,"100,000",Allow all,1:1 match,Disclose all
Adaptive,178,8,1e-5,"100,000",Allow all,1:1 match,Disclose all
Adaptive,178,9,2e-5,"100,000",Allow all,1:1 match,Disclose all
Adaptive,178,10,0,"100,000",Allow all,1:1 match,Disclose all
Adaptive,179,0,0.00520833333333333,"$1,000,000",Allow all,1:1 match,Disclose all
Adaptive,179,1,0,"$1,000,000",Allow all,1:1 match,Disclose all
Adaptive,179,2,1.1e-4,"$1,000,000",Allow all,1:1 match,Disclose all
Adaptive,179,3,9e-5,"$1,000,000",Allow all,1:1 match,Disclose all
Adaptive,179,4,2e-5,"$1,000,000",Allow all,1:1 match,Disclose all
Adaptive,179,5,9.2e-4,"$1,000,000",Allow all,1:1 match,Disclose all
Adaptive,179,6,1.8e-4,"$1,000,000",Allow all,1:1 match,Disclose all
Adaptive,179,7,4e-5,"$1,000,000",Allow all,1:1 match,Disclose all
Adaptive,179,8,0,"$1,000,000",Allow all,1:1 match,Disclose all
Adaptive,179,9,4e-5,"$1,000,000",Allow all,1:1 match,Disclose all
Adaptive,179,10,0,"$1,000,000",Allow all,1:1 match,Disclose all
Adaptive,180,0,0.00520833333333333,"$10,000",Allow all,1:1 match,Disclose all
Adaptive,180,1,0,"$10,000",Allow all,1:1 match,Disclose all
Adaptive,180,2,0,"$10,000",Allow all,1:1 match,Disclose all
Adaptive,180,3,1e-5,"$10,000",Allow all,1:1 match,Disclose all
Adaptive,180,4,5e-5,"$10,000",Allow all,1:1 match,Disclose all
Adaptive,180,5,5.4e-4,"$10,000",Allow all,1:1 match,Disclose all
Adaptive,180,6,2.5e-4,"$10,000",Allow all,1:1 match,Disclose all
Adaptive,180,7,5e-5,"$10,000",Allow all,1:1 match,Disclose all
Adaptive,180,8,9e-5,"$10,000",Allow all,1:1 match,Disclose all
Adaptive,180,9,7e-5,"$10,000",Allow all,1:1 match,Disclose all
Adaptive,180,10,4e-5,"$10,000",Allow all,1:1 match,Disclose all
Adaptive,181,0,0.00520833333333333,No limits,Prohibit all,Maintain status quo,Disclose all
Adaptive,181,1,0,No limits,Prohibit all,Maintain status quo,Disclose all
Adaptive,181,2,3e-5,No limits,Prohibit all,Maintain status quo,Disclose all
Adaptive,181,3,6e-5,No limits,Prohibit all,Maintain status quo,Disclose all
Adaptive,181,4,5.1e-4,No limits,Prohibit all,Maintain status quo,Disclose all
Adaptive,181,5,4.8e-4,No limits,Prohibit all,Maintain status quo,Disclose all
Adaptive,181,6,1.2e-4,No limits,Prohibit all,Maintain status quo,Disclose all
Adaptive,181,7,1.6e-4,No limits,Prohibit all,Maintain status quo,Disclose all
Adaptive,181,8,1.4e-4,No limits,Prohibit all,Maintain status quo,Disclose all
Adaptive,181,9,2e-4,No limits,Prohibit all,Maintain status quo,Disclose all
Adaptive,181,10,2.9e-4,No limits,Prohibit all,Maintain status quo,Disclose all
Adaptive,182,0,0.00520833333333333,"100,000",Prohibit all,Maintain status quo,Disclose all
Adaptive,182,1,0,"100,000",Prohibit all,Maintain status quo,Disclose all
Adaptive,182,2,8e-5,"100,000",Prohibit all,Maintain status quo,Disclose all
Adaptive,182,3,3e-4,"100,000",Prohibit all,Maintain status quo,Disclose all
Adaptive,182,4,9.4e-4,"100,000",Prohibit all,Maintain status quo,Disclose all
Adaptive,182,5,5.1e-4,"100,000",Prohibit all,Maintain status quo,Disclose all
Adaptive,182,6,0.00226,"100,000",Prohibit all,Maintain status quo,Disclose all
Adaptive,182,7,0.00332,"100,000",Prohibit all,Maintain status quo,Disclose all
Adaptive,182,8,0.0072,"100,000",Prohibit all,Maintain status quo,Disclose all
Adaptive,182,9,0.01535,"100,000",Prohibit all,Maintain status quo,Disclose all
Adaptive,182,10,0.04013,"100,000",Prohibit all,Maintain status quo,Disclose all
Adaptive,183,0,0.00520833333333333,"$1,000,000",Prohibit all,Maintain status quo,Disclose all
Adaptive,183,1,5e-5,"$1,000,000",Prohibit all,Maintain status quo,Disclose all
Adaptive,183,2,9.6e-4,"$1,000,000",Prohibit all,Maintain status quo,Disclose all
Adaptive,183,3,0.00287,"$1,000,000",Prohibit all,Maintain status quo,Disclose all
Adaptive,183,4,0.00619,"$1,000,000",Prohibit all,Maintain status quo,Disclose all
Adaptive,183,5,0.01056,"$1,000,000",Prohibit all,Maintain status quo,Disclose all
Adaptive,183,6,0.02291,"$1,000,000",Prohibit all,Maintain status quo,Disclose all
Adaptive,183,7,0.02119,"$1,000,000",Prohibit all,Maintain status quo,Disclose all
Adaptive,183,8,0.0196,"$1,000,000",Prohibit all,Maintain status quo,Disclose all
Adaptive,183,9,0.02654,"$1,000,000",Prohibit all,Maintain status quo,Disclose all
Adaptive,183,10,0.01682,"$1,000,000",Prohibit all,Maintain status quo,Disclose all
Adaptive,184,0,0.00520833333333333,"$10,000",Prohibit all,Maintain status quo,Disclose all
Adaptive,184,1,0,"$10,000",Prohibit all,Maintain status quo,Disclose all
Adaptive,184,2,3e-5,"$10,000",Prohibit all,Maintain status quo,Disclose all
Adaptive,184,3,8.7e-4,"$10,000",Prohibit all,Maintain status quo,Disclose all
Adaptive,184,4,0.00566,"$10,000",Prohibit all,Maintain status quo,Disclose all
Adaptive,184,5,0.00419,"$10,000",Prohibit all,Maintain status quo,Disclose all
Adaptive,184,6,0.01467,"$10,000",Prohibit all,Maintain status quo,Disclose all
Adaptive,184,7,0.0151,"$10,000",Prohibit all,Maintain status quo,Disclose all
Adaptive,184,8,0.04091,"$10,000",Prohibit all,Maintain status quo,Disclose all
Adaptive,184,9,0.05605,"$10,000",Prohibit all,Maintain status quo,Disclose all
Adaptive,184,10,0.06557,"$10,000",Prohibit all,Maintain status quo,Disclose all
Adaptive,185,0,0.00520833333333333,No limits,"Prohibit candidate;
 allow PAC",Maintain status quo,Disclose all
Adaptive,185,1,0,No limits,"Prohibit candidate;
 allow PAC",Maintain status quo,Disclose all
Adaptive,185,2,2e-5,No limits,"Prohibit candidate;
 allow PAC",Maintain status quo,Disclose all
Adaptive,185,3,1.2e-4,No limits,"Prohibit candidate;
 allow PAC",Maintain status quo,Disclose all
Adaptive,185,4,5.8e-4,No limits,"Prohibit candidate;
 allow PAC",Maintain status quo,Disclose all
Adaptive,185,5,2.4e-4,No limits,"Prohibit candidate;
 allow PAC",Maintain status quo,Disclose all
Adaptive,185,6,4e-5,No limits,"Prohibit candidate;
 allow PAC",Maintain status quo,Disclose all
Adaptive,185,7,0,No limits,"Prohibit candidate;
 allow PAC",Maintain status quo,Disclose all
Adaptive,185,8,0,No limits,"Prohibit candidate;
 allow PAC",Maintain status quo,Disclose all
Adaptive,185,9,4e-5,No limits,"Prohibit candidate;
 allow PAC",Maintain status quo,Disclose all
Adaptive,185,10,1e-5,No limits,"Prohibit candidate;
 allow PAC",Maintain status quo,Disclose all
Adaptive,186,0,0.00520833333333333,"100,000","Prohibit candidate;
 allow PAC",Maintain status quo,Disclose all
Adaptive,186,1,0,"100,000","Prohibit candidate;
 allow PAC",Maintain status quo,Disclose all
Adaptive,186,2,1e-5,"100,000","Prohibit candidate;
 allow PAC",Maintain status quo,Disclose all
Adaptive,186,3,4e-4,"100,000","Prohibit candidate;
 allow PAC",Maintain status quo,Disclose all
Adaptive,186,4,8.9e-4,"100,000","Prohibit candidate;
 allow PAC",Maintain status quo,Disclose all
Adaptive,186,5,1.5e-4,"100,000","Prohibit candidate;
 allow PAC",Maintain status quo,Disclose all
Adaptive,186,6,7.1e-4,"100,000","Prohibit candidate;
 allow PAC",Maintain status quo,Disclose all
Adaptive,186,7,3e-4,"100,000","Prohibit candidate;
 allow PAC",Maintain status quo,Disclose all
Adaptive,186,8,3.4e-4,"100,000","Prohibit candidate;
 allow PAC",Maintain status quo,Disclose all
Adaptive,186,9,0.00122,"100,000","Prohibit candidate;
 allow PAC",Maintain status quo,Disclose all
Adaptive,186,10,0.00294,"100,000","Prohibit candidate;
 allow PAC",Maintain status quo,Disclose all
Adaptive,187,0,0.00520833333333333,"$1,000,000","Prohibit candidate;
 allow PAC",Maintain status quo,Disclose all
Adaptive,187,1,1e-4,"$1,000,000","Prohibit candidate;
 allow PAC",Maintain status quo,Disclose all
Adaptive,187,2,6.1e-4,"$1,000,000","Prohibit candidate;
 allow PAC",Maintain status quo,Disclose all
Adaptive,187,3,0.0044,"$1,000,000","Prohibit candidate;
 allow PAC",Maintain status quo,Disclose all
Adaptive,187,4,0.00626,"$1,000,000","Prohibit candidate;
 allow PAC",Maintain status quo,Disclose all
Adaptive,187,5,0.00332,"$1,000,000","Prohibit candidate;
 allow PAC",Maintain status quo,Disclose all
Adaptive,187,6,0.0076,"$1,000,000","Prohibit candidate;
 allow PAC",Maintain status quo,Disclose all
Adaptive,187,7,0.00185,"$1,000,000","Prohibit candidate;
 allow PAC",Maintain status quo,Disclose all
Adaptive,187,8,0.00104,"$1,000,000","Prohibit candidate;
 allow PAC",Maintain status quo,Disclose all
Adaptive,187,9,0.00209,"$1,000,000","Prohibit candidate;
 allow PAC",Maintain status quo,Disclose all
Adaptive,187,10,0.00106,"$1,000,000","Prohibit candidate;
 allow PAC",Maintain status quo,Disclose all
Adaptive,188,0,0.00520833333333333,"$10,000","Prohibit candidate;
 allow PAC",Maintain status quo,Disclose all
Adaptive,188,1,0,"$10,000","Prohibit candidate;
 allow PAC",Maintain status quo,Disclose all
Adaptive,188,2,3e-5,"$10,000","Prohibit candidate;
 allow PAC",Maintain status quo,Disclose all
Adaptive,188,3,0.00103,"$10,000","Prohibit candidate;
 allow PAC",Maintain status quo,Disclose all
Adaptive,188,4,0.00514,"$10,000","Prohibit candidate;
 allow PAC",Maintain status quo,Disclose all
Adaptive,188,5,0.00119,"$10,000","Prohibit candidate;
 allow PAC",Maintain status quo,Disclose all
Adaptive,188,6,0.00443,"$10,000","Prohibit candidate;
 allow PAC",Maintain status quo,Disclose all
Adaptive,188,7,0.0016,"$10,000","Prohibit candidate;
 allow PAC",Maintain status quo,Disclose all
Adaptive,188,8,0.00219,"$10,000","Prohibit candidate;
 allow PAC",Maintain status quo,Disclose all
Adaptive,188,9,0.00488,"$10,000","Prohibit candidate;
 allow PAC",Maintain status quo,Disclose all
Adaptive,188,10,0.00548,"$10,000","Prohibit candidate;
 allow PAC",Maintain status quo,Disclose all
Adaptive,189,0,0.00520833333333333,No limits,Allow all,Maintain status quo,Disclose all
Adaptive,189,1,0,No limits,Allow all,Maintain status quo,Disclose all
Adaptive,189,2,0,No limits,Allow all,Maintain status quo,Disclose all
Adaptive,189,3,0,No limits,Allow all,Maintain status quo,Disclose all
Adaptive,189,4,0,No limits,Allow all,Maintain status quo,Disclose all
Adaptive,189,5,0,No limits,Allow all,Maintain status quo,Disclose all
Adaptive,189,6,0,No limits,Allow all,Maintain status quo,Disclose all
Adaptive,189,7,0,No limits,Allow all,Maintain status quo,Disclose all
Adaptive,189,8,0,No limits,Allow all,Maintain status quo,Disclose all
Adaptive,189,9,0,No limits,Allow all,Maintain status quo,Disclose all
Adaptive,189,10,0,No limits,Allow all,Maintain status quo,Disclose all
Adaptive,190,0,0.00520833333333333,"100,000",Allow all,Maintain status quo,Disclose all
Adaptive,190,1,0,"100,000",Allow all,Maintain status quo,Disclose all
Adaptive,190,2,0,"100,000",Allow all,Maintain status quo,Disclose all
Adaptive,190,3,0,"100,000",Allow all,Maintain status quo,Disclose all
Adaptive,190,4,0,"100,000",Allow all,Maintain status quo,Disclose all
Adaptive,190,5,0,"100,000",Allow all,Maintain status quo,Disclose all
Adaptive,190,6,0,"100,000",Allow all,Maintain status quo,Disclose all
Adaptive,190,7,0,"100,000",Allow all,Maintain status quo,Disclose all
Adaptive,190,8,0,"100,000",Allow all,Maintain status quo,Disclose all
Adaptive,190,9,0,"100,000",Allow all,Maintain status quo,Disclose all
Adaptive,190,10,0,"100,000",Allow all,Maintain status quo,Disclose all
Adaptive,191,0,0.00520833333333333,"$1,000,000",Allow all,Maintain status quo,Disclose all
Adaptive,191,1,0,"$1,000,000",Allow all,Maintain status quo,Disclose all
Adaptive,191,2,0,"$1,000,000",Allow all,Maintain status quo,Disclose all
Adaptive,191,3,0,"$1,000,000",Allow all,Maintain status quo,Disclose all
Adaptive,191,4,2e-5,"$1,000,000",Allow all,Maintain status quo,Disclose all
Adaptive,191,5,5e-5,"$1,000,000",Allow all,Maintain status quo,Disclose all
Adaptive,191,6,6e-5,"$1,000,000",Allow all,Maintain status quo,Disclose all
Adaptive,191,7,3e-5,"$1,000,000",Allow all,Maintain status quo,Disclose all
Adaptive,191,8,1e-5,"$1,000,000",Allow all,Maintain status quo,Disclose all
Adaptive,191,9,3e-5,"$1,000,000",Allow all,Maintain status quo,Disclose all
Adaptive,191,10,0,"$1,000,000",Allow all,Maintain status quo,Disclose all
Adaptive,192,0,0.00520833333333333,"$10,000",Allow all,Maintain status quo,Disclose all
Adaptive,192,1,0,"$10,000",Allow all,Maintain status quo,Disclose all
Adaptive,192,2,0,"$10,000",Allow all,Maintain status quo,Disclose all
Adaptive,192,3,0,"$10,000",Allow all,Maintain status quo,Disclose all
Adaptive,192,4,0,"$10,000",Allow all,Maintain status quo,Disclose all
Adaptive,192,5,0,"$10,000",Allow all,Maintain status quo,Disclose all
Adaptive,192,6,3e-5,"$10,000",Allow all,Maintain status quo,Disclose all
Adaptive,192,7,3e-5,"$10,000",Allow all,Maintain status quo,Disclose all
Adaptive,192,8,2e-5,"$10,000",Allow all,Maintain status quo,Disclose all
Adaptive,192,9,7e-5,"$10,000",Allow all,Maintain status quo,Disclose all
Adaptive,192,10,0,"$10,000",Allow all,Maintain status quo,Disclose all
Static,1,0,0.00520833333333333,No limits,Prohibit all,Prohibit all,Disclose > $200
Static,1,1,0.00198,No limits,Prohibit all,Prohibit all,Disclose > $200
Static,1,2,3e-4,No limits,Prohibit all,Prohibit all,Disclose > $200
Static,1,3,0,No limits,Prohibit all,Prohibit all,Disclose > $200
Static,1,4,0,No limits,Prohibit all,Prohibit all,Disclose > $200
Static,1,5,0,No limits,Prohibit all,Prohibit all,Disclose > $200
Static,1,6,0,No limits,Prohibit all,Prohibit all,Disclose > $200
Static,1,7,0,No limits,Prohibit all,Prohibit all,Disclose > $200
Static,1,8,0,No limits,Prohibit all,Prohibit all,Disclose > $200
Static,1,9,0,No limits,Prohibit all,Prohibit all,Disclose > $200
Static,1,10,0,No limits,Prohibit all,Prohibit all,Disclose > $200
Static,2,0,0.00520833333333333,"100,000",Prohibit all,Prohibit all,Disclose > $200
Static,2,1,0.042,"100,000",Prohibit all,Prohibit all,Disclose > $200
Static,2,2,0.04157,"100,000",Prohibit all,Prohibit all,Disclose > $200
Static,2,3,0.01318,"100,000",Prohibit all,Prohibit all,Disclose > $200
Static,2,4,0.01229,"100,000",Prohibit all,Prohibit all,Disclose > $200
Static,2,5,0.00833,"100,000",Prohibit all,Prohibit all,Disclose > $200
Static,2,6,0.00468,"100,000",Prohibit all,Prohibit all,Disclose > $200
Static,2,7,0.01545,"100,000",Prohibit all,Prohibit all,Disclose > $200
Static,2,8,0.00344,"100,000",Prohibit all,Prohibit all,Disclose > $200
Static,2,9,0.0012,"100,000",Prohibit all,Prohibit all,Disclose > $200
Static,2,10,0.00384,"100,000",Prohibit all,Prohibit all,Disclose > $200
Static,3,0,0.00520833333333333,"$1,000,000",Prohibit all,Prohibit all,Disclose > $200
Static,3,1,0.01504,"$1,000,000",Prohibit all,Prohibit all,Disclose > $200
Static,3,2,0.0557,"$1,000,000",Prohibit all,Prohibit all,Disclose > $200
Static,3,3,0.04361,"$1,000,000",Prohibit all,Prohibit all,Disclose > $200
Static,3,4,0.00787,"$1,000,000",Prohibit all,Prohibit all,Disclose > $200
Static,3,5,0.00438,"$1,000,000",Prohibit all,Prohibit all,Disclose > $200
Static,3,6,0.0017,"$1,000,000",Prohibit all,Prohibit all,Disclose > $200
Static,3,7,0.00711,"$1,000,000",Prohibit all,Prohibit all,Disclose > $200
Static,3,8,0.00128,"$1,000,000",Prohibit all,Prohibit all,Disclose > $200
Static,3,9,4.9e-4,"$1,000,000",Prohibit all,Prohibit all,Disclose > $200
Static,3,10,0.00182,"$1,000,000",Prohibit all,Prohibit all,Disclose > $200
Static,4,0,0.00520833333333333,"$10,000",Prohibit all,Prohibit all,Disclose > $200
Static,4,1,0.14278,"$10,000",Prohibit all,Prohibit all,Disclose > $200
Static,4,2,0.27426,"$10,000",Prohibit all,Prohibit all,Disclose > $200
Static,4,3,0.24587,"$10,000",Prohibit all,Prohibit all,Disclose > $200
Static,4,4,0.12581,"$10,000",Prohibit all,Prohibit all,Disclose > $200
Static,4,5,0.05137,"$10,000",Prohibit all,Prohibit all,Disclose > $200
Static,4,6,0.06083,"$10,000",Prohibit all,Prohibit all,Disclose > $200
Static,4,7,0.07785,"$10,000",Prohibit all,Prohibit all,Disclose > $200
Static,4,8,0.02797,"$10,000",Prohibit all,Prohibit all,Disclose > $200
Static,4,9,0.0245,"$10,000",Prohibit all,Prohibit all,Disclose > $200
Static,4,10,0.0661,"$10,000",Prohibit all,Prohibit all,Disclose > $200
Static,5,0,0.00520833333333333,No limits,"Prohibit candidate;
 allow PAC",Prohibit all,Disclose > $200
Static,5,1,2.2e-4,No limits,"Prohibit candidate;
 allow PAC",Prohibit all,Disclose > $200
Static,5,2,0,No limits,"Prohibit candidate;
 allow PAC",Prohibit all,Disclose > $200
Static,5,3,0,No limits,"Prohibit candidate;
 allow PAC",Prohibit all,Disclose > $200
Static,5,4,0,No limits,"Prohibit candidate;
 allow PAC",Prohibit all,Disclose > $200
Static,5,5,0,No limits,"Prohibit candidate;
 allow PAC",Prohibit all,Disclose > $200
Static,5,6,0,No limits,"Prohibit candidate;
 allow PAC",Prohibit all,Disclose > $200
Static,5,7,0,No limits,"Prohibit candidate;
 allow PAC",Prohibit all,Disclose > $200
Static,5,8,0,No limits,"Prohibit candidate;
 allow PAC",Prohibit all,Disclose > $200
Static,5,9,0,No limits,"Prohibit candidate;
 allow PAC",Prohibit all,Disclose > $200
Static,5,10,0,No limits,"Prohibit candidate;
 allow PAC",Prohibit all,Disclose > $200
Static,6,0,0.00520833333333333,"100,000","Prohibit candidate;
 allow PAC",Prohibit all,Disclose > $200
Static,6,1,0.00308,"100,000","Prohibit candidate;
 allow PAC",Prohibit all,Disclose > $200
Static,6,2,4.9e-4,"100,000","Prohibit candidate;
 allow PAC",Prohibit all,Disclose > $200
Static,6,3,1.1e-4,"100,000","Prohibit candidate;
 allow PAC",Prohibit all,Disclose > $200
Static,6,4,1e-5,"100,000","Prohibit candidate;
 allow PAC",Prohibit all,Disclose > $200
Static,6,5,1e-5,"100,000","Prohibit candidate;
 allow PAC",Prohibit all,Disclose > $200
Static,6,6,3e-5,"100,000","Prohibit candidate;
 allow PAC",Prohibit all,Disclose > $200
Static,6,7,0,"100,000","Prohibit candidate;
 allow PAC",Prohibit all,Disclose > $200
Static,6,8,0,"100,000","Prohibit candidate;
 allow PAC",Prohibit all,Disclose > $200
Static,6,9,0,"100,000","Prohibit candidate;
 allow PAC",Prohibit all,Disclose > $200
Static,6,10,0,"100,000","Prohibit candidate;
 allow PAC",Prohibit all,Disclose > $200
Static,7,0,0.00520833333333333,"$1,000,000","Prohibit candidate;
 allow PAC",Prohibit all,Disclose > $200
Static,7,1,0.00101,"$1,000,000","Prohibit candidate;
 allow PAC",Prohibit all,Disclose > $200
Static,7,2,6.5e-4,"$1,000,000","Prohibit candidate;
 allow PAC",Prohibit all,Disclose > $200
Static,7,3,5.7e-4,"$1,000,000","Prohibit candidate;
 allow PAC",Prohibit all,Disclose > $200
Static,7,4,4e-5,"$1,000,000","Prohibit candidate;
 allow PAC",Prohibit all,Disclose > $200
Static,7,5,1e-5,"$1,000,000","Prohibit candidate;
 allow PAC",Prohibit all,Disclose > $200
Static,7,6,1e-5,"$1,000,000","Prohibit candidate;
 allow PAC",Prohibit all,Disclose > $200
Static,7,7,1e-5,"$1,000,000","Prohibit candidate;
 allow PAC",Prohibit all,Disclose > $200
Static,7,8,0,"$1,000,000","Prohibit candidate;
 allow PAC",Prohibit all,Disclose > $200
Static,7,9,0,"$1,000,000","Prohibit candidate;
 allow PAC",Prohibit all,Disclose > $200
Static,7,10,0,"$1,000,000","Prohibit candidate;
 allow PAC",Prohibit all,Disclose > $200
Static,8,0,0.00520833333333333,"$10,000","Prohibit candidate;
 allow PAC",Prohibit all,Disclose > $200
Static,8,1,0.01101,"$10,000","Prohibit candidate;
 allow PAC",Prohibit all,Disclose > $200
Static,8,2,0.00296,"$10,000","Prohibit candidate;
 allow PAC",Prohibit all,Disclose > $200
Static,8,3,0.00231,"$10,000","Prohibit candidate;
 allow PAC",Prohibit all,Disclose > $200
Static,8,4,2.9e-4,"$10,000","Prohibit candidate;
 allow PAC",Prohibit all,Disclose > $200
Static,8,5,8e-5,"$10,000","Prohibit candidate;
 allow PAC",Prohibit all,Disclose > $200
Static,8,6,2.1e-4,"$10,000","Prohibit candidate;
 allow PAC",Prohibit all,Disclose > $200
Static,8,7,7e-5,"$10,000","Prohibit candidate;
 allow PAC",Prohibit all,Disclose > $200
Static,8,8,0,"$10,000","Prohibit candidate;
 allow PAC",Prohibit all,Disclose > $200
Static,8,9,0,"$10,000","Prohibit candidate;
 allow PAC",Prohibit all,Disclose > $200
Static,8,10,1e-5,"$10,000","Prohibit candidate;
 allow PAC",Prohibit all,Disclose > $200
Static,9,0,0.00520833333333333,No limits,Allow all,Prohibit all,Disclose > $200
Static,9,1,3.6e-4,No limits,Allow all,Prohibit all,Disclose > $200
Static,9,2,0,No limits,Allow all,Prohibit all,Disclose > $200
Static,9,3,0,No limits,Allow all,Prohibit all,Disclose > $200
Static,9,4,0,No limits,Allow all,Prohibit all,Disclose > $200
Static,9,5,0,No limits,Allow all,Prohibit all,Disclose > $200
Static,9,6,0,No limits,Allow all,Prohibit all,Disclose > $200
Static,9,7,0,No limits,Allow all,Prohibit all,Disclose > $200
Static,9,8,0,No limits,Allow all,Prohibit all,Disclose > $200
Static,9,9,0,No limits,Allow all,Prohibit all,Disclose > $200
Static,9,10,0,No limits,Allow all,Prohibit all,Disclose > $200
Static,10,0,0.00520833333333333,"100,000",Allow all,Prohibit all,Disclose > $200
Static,10,1,0.0061,"100,000",Allow all,Prohibit all,Disclose > $200
Static,10,2,1e-5,"100,000",Allow all,Prohibit all,Disclose > $200
Static,10,3,0,"100,000",Allow all,Prohibit all,Disclose > $200
Static,10,4,0,"100,000",Allow all,Prohibit all,Disclose > $200
Static,10,5,0,"100,000",Allow all,Prohibit all,Disclose > $200
Static,10,6,1e-5,"100,000",Allow all,Prohibit all,Disclose > $200
Static,10,7,0,"100,000",Allow all,Prohibit all,Disclose > $200
Static,10,8,0,"100,000",Allow all,Prohibit all,Disclose > $200
Static,10,9,0,"100,000",Allow all,Prohibit all,Disclose > $200
Static,10,10,0,"100,000",Allow all,Prohibit all,Disclose > $200
Static,11,0,0.00520833333333333,"$1,000,000",Allow all,Prohibit all,Disclose > $200
Static,11,1,0.00174,"$1,000,000",Allow all,Prohibit all,Disclose > $200
Static,11,2,2e-5,"$1,000,000",Allow all,Prohibit all,Disclose > $200
Static,11,3,0,"$1,000,000",Allow all,Prohibit all,Disclose > $200
Static,11,4,0,"$1,000,000",Allow all,Prohibit all,Disclose > $200
Static,11,5,0,"$1,000,000",Allow all,Prohibit all,Disclose > $200
Static,11,6,0,"$1,000,000",Allow all,Prohibit all,Disclose > $200
Static,11,7,0,"$1,000,000",Allow all,Prohibit all,Disclose > $200
Static,11,8,0,"$1,000,000",Allow all,Prohibit all,Disclose > $200
Static,11,9,0,"$1,000,000",Allow all,Prohibit all,Disclose > $200
Static,11,10,0,"$1,000,000",Allow all,Prohibit all,Disclose > $200
Static,12,0,0.00520833333333333,"$10,000",Allow all,Prohibit all,Disclose > $200
Static,12,1,0.01865,"$10,000",Allow all,Prohibit all,Disclose > $200
Static,12,2,4e-5,"$10,000",Allow all,Prohibit all,Disclose > $200
Static,12,3,0,"$10,000",Allow all,Prohibit all,Disclose > $200
Static,12,4,1e-5,"$10,000",Allow all,Prohibit all,Disclose > $200
Static,12,5,0,"$10,000",Allow all,Prohibit all,Disclose > $200
Static,12,6,0,"$10,000",Allow all,Prohibit all,Disclose > $200
Static,12,7,0,"$10,000",Allow all,Prohibit all,Disclose > $200
Static,12,8,0,"$10,000",Allow all,Prohibit all,Disclose > $200
Static,12,9,0,"$10,000",Allow all,Prohibit all,Disclose > $200
Static,12,10,0,"$10,000",Allow all,Prohibit all,Disclose > $200
Static,13,0,0.00520833333333333,No limits,Prohibit all,5:1 match,Disclose > $200
Static,13,1,6e-5,No limits,Prohibit all,5:1 match,Disclose > $200
Static,13,2,3e-5,No limits,Prohibit all,5:1 match,Disclose > $200
Static,13,3,0,No limits,Prohibit all,5:1 match,Disclose > $200
Static,13,4,0,No limits,Prohibit all,5:1 match,Disclose > $200
Static,13,5,0,No limits,Prohibit all,5:1 match,Disclose > $200
Static,13,6,0,No limits,Prohibit all,5:1 match,Disclose > $200
Static,13,7,0,No limits,Prohibit all,5:1 match,Disclose > $200
Static,13,8,0,No limits,Prohibit all,5:1 match,Disclose > $200
Static,13,9,0,No limits,Prohibit all,5:1 match,Disclose > $200
Static,13,10,0,No limits,Prohibit all,5:1 match,Disclose > $200
Static,14,0,0.00520833333333333,"100,000",Prohibit all,5:1 match,Disclose > $200
Static,14,1,9.2e-4,"100,000",Prohibit all,5:1 match,Disclose > $200
Static,14,2,0.00189,"100,000",Prohibit all,5:1 match,Disclose > $200
Static,14,3,7.5e-4,"100,000",Prohibit all,5:1 match,Disclose > $200
Static,14,4,4.8e-4,"100,000",Prohibit all,5:1 match,Disclose > $200
Static,14,5,7.4e-4,"100,000",Prohibit all,5:1 match,Disclose > $200
Static,14,6,3.1e-4,"100,000",Prohibit all,5:1 match,Disclose > $200
Static,14,7,0.00125,"100,000",Prohibit all,5:1 match,Disclose > $200
Static,14,8,8.6e-4,"100,000",Prohibit all,5:1 match,Disclose > $200
Static,14,9,2e-4,"100,000",Prohibit all,5:1 match,Disclose > $200
Static,14,10,6.4e-4,"100,000",Prohibit all,5:1 match,Disclose > $200
Static,15,0,0.00520833333333333,"$1,000,000",Prohibit all,5:1 match,Disclose > $200
Static,15,1,3.9e-4,"$1,000,000",Prohibit all,5:1 match,Disclose > $200
Static,15,2,0.00272,"$1,000,000",Prohibit all,5:1 match,Disclose > $200
Static,15,3,0.00175,"$1,000,000",Prohibit all,5:1 match,Disclose > $200
Static,15,4,3.6e-4,"$1,000,000",Prohibit all,5:1 match,Disclose > $200
Static,15,5,4.4e-4,"$1,000,000",Prohibit all,5:1 match,Disclose > $200
Static,15,6,1.1e-4,"$1,000,000",Prohibit all,5:1 match,Disclose > $200
Static,15,7,5.5e-4,"$1,000,000",Prohibit all,5:1 match,Disclose > $200
Static,15,8,3.5e-4,"$1,000,000",Prohibit all,5:1 match,Disclose > $200
Static,15,9,8e-5,"$1,000,000",Prohibit all,5:1 match,Disclose > $200
Static,15,10,3.8e-4,"$1,000,000",Prohibit all,5:1 match,Disclose > $200
Static,16,0,0.00520833333333333,"$10,000",Prohibit all,5:1 match,Disclose > $200
Static,16,1,0.00386,"$10,000",Prohibit all,5:1 match,Disclose > $200
Static,16,2,0.01218,"$10,000",Prohibit all,5:1 match,Disclose > $200
Static,16,3,0.01108,"$10,000",Prohibit all,5:1 match,Disclose > $200
Static,16,4,0.00451,"$10,000",Prohibit all,5:1 match,Disclose > $200
Static,16,5,0.00366,"$10,000",Prohibit all,5:1 match,Disclose > $200
Static,16,6,0.00398,"$10,000",Prohibit all,5:1 match,Disclose > $200
Static,16,7,0.00572,"$10,000",Prohibit all,5:1 match,Disclose > $200
Static,16,8,0.00575,"$10,000",Prohibit all,5:1 match,Disclose > $200
Static,16,9,0.00251,"$10,000",Prohibit all,5:1 match,Disclose > $200
Static,16,10,0.01031,"$10,000",Prohibit all,5:1 match,Disclose > $200
Static,17,0,0.00520833333333333,No limits,"Prohibit candidate;
 allow PAC",5:1 match,Disclose > $200
Static,17,1,0,No limits,"Prohibit candidate;
 allow PAC",5:1 match,Disclose > $200
Static,17,2,0,No limits,"Prohibit candidate;
 allow PAC",5:1 match,Disclose > $200
Static,17,3,0,No limits,"Prohibit candidate;
 allow PAC",5:1 match,Disclose > $200
Static,17,4,0,No limits,"Prohibit candidate;
 allow PAC",5:1 match,Disclose > $200
Static,17,5,0,No limits,"Prohibit candidate;
 allow PAC",5:1 match,Disclose > $200
Static,17,6,0,No limits,"Prohibit candidate;
 allow PAC",5:1 match,Disclose > $200
Static,17,7,0,No limits,"Prohibit candidate;
 allow PAC",5:1 match,Disclose > $200
Static,17,8,0,No limits,"Prohibit candidate;
 allow PAC",5:1 match,Disclose > $200
Static,17,9,0,No limits,"Prohibit candidate;
 allow PAC",5:1 match,Disclose > $200
Static,17,10,0,No limits,"Prohibit candidate;
 allow PAC",5:1 match,Disclose > $200
Static,18,0,0.00520833333333333,"100,000","Prohibit candidate;
 allow PAC",5:1 match,Disclose > $200
Static,18,1,4e-5,"100,000","Prohibit candidate;
 allow PAC",5:1 match,Disclose > $200
Static,18,2,1e-5,"100,000","Prohibit candidate;
 allow PAC",5:1 match,Disclose > $200
Static,18,3,0,"100,000","Prohibit candidate;
 allow PAC",5:1 match,Disclose > $200
Static,18,4,0,"100,000","Prohibit candidate;
 allow PAC",5:1 match,Disclose > $200
Static,18,5,0,"100,000","Prohibit candidate;
 allow PAC",5:1 match,Disclose > $200
Static,18,6,0,"100,000","Prohibit candidate;
 allow PAC",5:1 match,Disclose > $200
Static,18,7,0,"100,000","Prohibit candidate;
 allow PAC",5:1 match,Disclose > $200
Static,18,8,0,"100,000","Prohibit candidate;
 allow PAC",5:1 match,Disclose > $200
Static,18,9,0,"100,000","Prohibit candidate;
 allow PAC",5:1 match,Disclose > $200
Static,18,10,0,"100,000","Prohibit candidate;
 allow PAC",5:1 match,Disclose > $200
Static,19,0,0.00520833333333333,"$1,000,000","Prohibit candidate;
 allow PAC",5:1 match,Disclose > $200
Static,19,1,0,"$1,000,000","Prohibit candidate;
 allow PAC",5:1 match,Disclose > $200
Static,19,2,1e-5,"$1,000,000","Prohibit candidate;
 allow PAC",5:1 match,Disclose > $200
Static,19,3,6e-5,"$1,000,000","Prohibit candidate;
 allow PAC",5:1 match,Disclose > $200
Static,19,4,1e-5,"$1,000,000","Prohibit candidate;
 allow PAC",5:1 match,Disclose > $200
Static,19,5,0,"$1,000,000","Prohibit candidate;
 allow PAC",5:1 match,Disclose > $200
Static,19,6,0,"$1,000,000","Prohibit candidate;
 allow PAC",5:1 match,Disclose > $200
Static,19,7,0,"$1,000,000","Prohibit candidate;
 allow PAC",5:1 match,Disclose > $200
Static,19,8,0,"$1,000,000","Prohibit candidate;
 allow PAC",5:1 match,Disclose > $200
Static,19,9,0,"$1,000,000","Prohibit candidate;
 allow PAC",5:1 match,Disclose > $200
Static,19,10,0,"$1,000,000","Prohibit candidate;
 allow PAC",5:1 match,Disclose > $200
Static,20,0,0.00520833333333333,"$10,000","Prohibit candidate;
 allow PAC",5:1 match,Disclose > $200
Static,20,1,1.9e-4,"$10,000","Prohibit candidate;
 allow PAC",5:1 match,Disclose > $200
Static,20,2,1.5e-4,"$10,000","Prohibit candidate;
 allow PAC",5:1 match,Disclose > $200
Static,20,3,1e-4,"$10,000","Prohibit candidate;
 allow PAC",5:1 match,Disclose > $200
Static,20,4,2e-5,"$10,000","Prohibit candidate;
 allow PAC",5:1 match,Disclose > $200
Static,20,5,2e-5,"$10,000","Prohibit candidate;
 allow PAC",5:1 match,Disclose > $200
Static,20,6,0,"$10,000","Prohibit candidate;
 allow PAC",5:1 match,Disclose > $200
Static,20,7,0,"$10,000","Prohibit candidate;
 allow PAC",5:1 match,Disclose > $200
Static,20,8,0,"$10,000","Prohibit candidate;
 allow PAC",5:1 match,Disclose > $200
Static,20,9,0,"$10,000","Prohibit candidate;
 allow PAC",5:1 match,Disclose > $200
Static,20,10,0,"$10,000","Prohibit candidate;
 allow PAC",5:1 match,Disclose > $200
Static,21,0,0.00520833333333333,No limits,Allow all,5:1 match,Disclose > $200
Static,21,1,1e-5,No limits,Allow all,5:1 match,Disclose > $200
Static,21,2,0,No limits,Allow all,5:1 match,Disclose > $200
Static,21,3,0,No limits,Allow all,5:1 match,Disclose > $200
Static,21,4,0,No limits,Allow all,5:1 match,Disclose > $200
Static,21,5,0,No limits,Allow all,5:1 match,Disclose > $200
Static,21,6,0,No limits,Allow all,5:1 match,Disclose > $200
Static,21,7,0,No limits,Allow all,5:1 match,Disclose > $200
Static,21,8,0,No limits,Allow all,5:1 match,Disclose > $200
Static,21,9,0,No limits,Allow all,5:1 match,Disclose > $200
Static,21,10,0,No limits,Allow all,5:1 match,Disclose > $200
Static,22,0,0.00520833333333333,"100,000",Allow all,5:1 match,Disclose > $200
Static,22,1,1.4e-4,"100,000",Allow all,5:1 match,Disclose > $200
Static,22,2,0,"100,000",Allow all,5:1 match,Disclose > $200
Static,22,3,0,"100,000",Allow all,5:1 match,Disclose > $200
Static,22,4,0,"100,000",Allow all,5:1 match,Disclose > $200
Static,22,5,0,"100,000",Allow all,5:1 match,Disclose > $200
Static,22,6,0,"100,000",Allow all,5:1 match,Disclose > $200
Static,22,7,0,"100,000",Allow all,5:1 match,Disclose > $200
Static,22,8,0,"100,000",Allow all,5:1 match,Disclose > $200
Static,22,9,0,"100,000",Allow all,5:1 match,Disclose > $200
Static,22,10,0,"100,000",Allow all,5:1 match,Disclose > $200
Static,23,0,0.00520833333333333,"$1,000,000",Allow all,5:1 match,Disclose > $200
Static,23,1,6e-5,"$1,000,000",Allow all,5:1 match,Disclose > $200
Static,23,2,0,"$1,000,000",Allow all,5:1 match,Disclose > $200
Static,23,3,0,"$1,000,000",Allow all,5:1 match,Disclose > $200
Static,23,4,0,"$1,000,000",Allow all,5:1 match,Disclose > $200
Static,23,5,0,"$1,000,000",Allow all,5:1 match,Disclose > $200
Static,23,6,0,"$1,000,000",Allow all,5:1 match,Disclose > $200
Static,23,7,0,"$1,000,000",Allow all,5:1 match,Disclose > $200
Static,23,8,0,"$1,000,000",Allow all,5:1 match,Disclose > $200
Static,23,9,0,"$1,000,000",Allow all,5:1 match,Disclose > $200
Static,23,10,0,"$1,000,000",Allow all,5:1 match,Disclose > $200
Static,24,0,0.00520833333333333,"$10,000",Allow all,5:1 match,Disclose > $200
Static,24,1,5.1e-4,"$10,000",Allow all,5:1 match,Disclose > $200
Static,24,2,1e-5,"$10,000",Allow all,5:1 match,Disclose > $200
Static,24,3,1e-5,"$10,000",Allow all,5:1 match,Disclose > $200
Static,24,4,0,"$10,000",Allow all,5:1 match,Disclose > $200
Static,24,5,0,"$10,000",Allow all,5:1 match,Disclose > $200
Static,24,6,0,"$10,000",Allow all,5:1 match,Disclose > $200
Static,24,7,0,"$10,000",Allow all,5:1 match,Disclose > $200
Static,24,8,0,"$10,000",Allow all,5:1 match,Disclose > $200
Static,24,9,0,"$10,000",Allow all,5:1 match,Disclose > $200
Static,24,10,0,"$10,000",Allow all,5:1 match,Disclose > $200
Static,25,0,0.00520833333333333,No limits,Prohibit all,1:1 match,Disclose > $200
Static,25,1,0.00143,No limits,Prohibit all,1:1 match,Disclose > $200
Static,25,2,1.2e-4,No limits,Prohibit all,1:1 match,Disclose > $200
Static,25,3,0,No limits,Prohibit all,1:1 match,Disclose > $200
Static,25,4,0,No limits,Prohibit all,1:1 match,Disclose > $200
Static,25,5,0,No limits,Prohibit all,1:1 match,Disclose > $200
Static,25,6,0,No limits,Prohibit all,1:1 match,Disclose > $200
Static,25,7,0,No limits,Prohibit all,1:1 match,Disclose > $200
Static,25,8,0,No limits,Prohibit all,1:1 match,Disclose > $200
Static,25,9,0,No limits,Prohibit all,1:1 match,Disclose > $200
Static,25,10,0,No limits,Prohibit all,1:1 match,Disclose > $200
Static,26,0,0.00520833333333333,"100,000",Prohibit all,1:1 match,Disclose > $200
Static,26,1,0.03039,"100,000",Prohibit all,1:1 match,Disclose > $200
Static,26,2,0.01377,"100,000",Prohibit all,1:1 match,Disclose > $200
Static,26,3,0.00168,"100,000",Prohibit all,1:1 match,Disclose > $200
Static,26,4,0.0083,"100,000",Prohibit all,1:1 match,Disclose > $200
Static,26,5,0.01352,"100,000",Prohibit all,1:1 match,Disclose > $200
Static,26,6,0.01154,"100,000",Prohibit all,1:1 match,Disclose > $200
Static,26,7,0.01571,"100,000",Prohibit all,1:1 match,Disclose > $200
Static,26,8,0.01136,"100,000",Prohibit all,1:1 match,Disclose > $200
Static,26,9,0.00271,"100,000",Prohibit all,1:1 match,Disclose > $200
Static,26,10,0.0059,"100,000",Prohibit all,1:1 match,Disclose > $200
Static,27,0,0.00520833333333333,"$1,000,000",Prohibit all,1:1 match,Disclose > $200
Static,27,1,0.00788,"$1,000,000",Prohibit all,1:1 match,Disclose > $200
Static,27,2,0.01632,"$1,000,000",Prohibit all,1:1 match,Disclose > $200
Static,27,3,0.00533,"$1,000,000",Prohibit all,1:1 match,Disclose > $200
Static,27,4,0.0049,"$1,000,000",Prohibit all,1:1 match,Disclose > $200
Static,27,5,0.0071,"$1,000,000",Prohibit all,1:1 match,Disclose > $200
Static,27,6,0.00436,"$1,000,000",Prohibit all,1:1 match,Disclose > $200
Static,27,7,0.00625,"$1,000,000",Prohibit all,1:1 match,Disclose > $200
Static,27,8,0.00374,"$1,000,000",Prohibit all,1:1 match,Disclose > $200
Static,27,9,0.00124,"$1,000,000",Prohibit all,1:1 match,Disclose > $200
Static,27,10,0.00243,"$1,000,000",Prohibit all,1:1 match,Disclose > $200
Static,28,0,0.00520833333333333,"$10,000",Prohibit all,1:1 match,Disclose > $200
Static,28,1,0.1069,"$10,000",Prohibit all,1:1 match,Disclose > $200
Static,28,2,0.09211,"$10,000",Prohibit all,1:1 match,Disclose > $200
Static,28,3,0.03339,"$10,000",Prohibit all,1:1 match,Disclose > $200
Static,28,4,0.09779,"$10,000",Prohibit all,1:1 match,Disclose > $200
Static,28,5,0.08503,"$10,000",Prohibit all,1:1 match,Disclose > $200
Static,28,6,0.15817,"$10,000",Prohibit all,1:1 match,Disclose > $200
Static,28,7,0.07114,"$10,000",Prohibit all,1:1 match,Disclose > $200
Static,28,8,0.08472,"$10,000",Prohibit all,1:1 match,Disclose > $200
Static,28,9,0.04848,"$10,000",Prohibit all,1:1 match,Disclose > $200
Static,28,10,0.09893,"$10,000",Prohibit all,1:1 match,Disclose > $200
Static,29,0,0.00520833333333333,No limits,"Prohibit candidate;
 allow PAC",1:1 match,Disclose > $200
Static,29,1,2.9e-4,No limits,"Prohibit candidate;
 allow PAC",1:1 match,Disclose > $200
Static,29,2,0,No limits,"Prohibit candidate;
 allow PAC",1:1 match,Disclose > $200
Static,29,3,0,No limits,"Prohibit candidate;
 allow PAC",1:1 match,Disclose > $200
Static,29,4,0,No limits,"Prohibit candidate;
 allow PAC",1:1 match,Disclose > $200
Static,29,5,0,No limits,"Prohibit candidate;
 allow PAC",1:1 match,Disclose > $200
Static,29,6,0,No limits,"Prohibit candidate;
 allow PAC",1:1 match,Disclose > $200
Static,29,7,0,No limits,"Prohibit candidate;
 allow PAC",1:1 match,Disclose > $200
Static,29,8,0,No limits,"Prohibit candidate;
 allow PAC",1:1 match,Disclose > $200
Static,29,9,0,No limits,"Prohibit candidate;
 allow PAC",1:1 match,Disclose > $200
Static,29,10,0,No limits,"Prohibit candidate;
 allow PAC",1:1 match,Disclose > $200
Static,30,0,0.00520833333333333,"100,000","Prohibit candidate;
 allow PAC",1:1 match,Disclose > $200
Static,30,1,0.00304,"100,000","Prohibit candidate;
 allow PAC",1:1 match,Disclose > $200
Static,30,2,2.7e-4,"100,000","Prohibit candidate;
 allow PAC",1:1 match,Disclose > $200
Static,30,3,2e-5,"100,000","Prohibit candidate;
 allow PAC",1:1 match,Disclose > $200
Static,30,4,3e-5,"100,000","Prohibit candidate;
 allow PAC",1:1 match,Disclose > $200
Static,30,5,7e-5,"100,000","Prohibit candidate;
 allow PAC",1:1 match,Disclose > $200
Static,30,6,4e-5,"100,000","Prohibit candidate;
 allow PAC",1:1 match,Disclose > $200
Static,30,7,1e-5,"100,000","Prohibit candidate;
 allow PAC",1:1 match,Disclose > $200
Static,30,8,0,"100,000","Prohibit candidate;
 allow PAC",1:1 match,Disclose > $200
Static,30,9,0,"100,000","Prohibit candidate;
 allow PAC",1:1 match,Disclose > $200
Static,30,10,0,"100,000","Prohibit candidate;
 allow PAC",1:1 match,Disclose > $200
Static,31,0,0.00520833333333333,"$1,000,000","Prohibit candidate;
 allow PAC",1:1 match,Disclose > $200
Static,31,1,7.5e-4,"$1,000,000","Prohibit candidate;
 allow PAC",1:1 match,Disclose > $200
Static,31,2,3.2e-4,"$1,000,000","Prohibit candidate;
 allow PAC",1:1 match,Disclose > $200
Static,31,3,8e-5,"$1,000,000","Prohibit candidate;
 allow PAC",1:1 match,Disclose > $200
Static,31,4,4e-5,"$1,000,000","Prohibit candidate;
 allow PAC",1:1 match,Disclose > $200
Static,31,5,2e-5,"$1,000,000","Prohibit candidate;
 allow PAC",1:1 match,Disclose > $200
Static,31,6,1e-5,"$1,000,000","Prohibit candidate;
 allow PAC",1:1 match,Disclose > $200
Static,31,7,2e-5,"$1,000,000","Prohibit candidate;
 allow PAC",1:1 match,Disclose > $200
Static,31,8,0,"$1,000,000","Prohibit candidate;
 allow PAC",1:1 match,Disclose > $200
Static,31,9,0,"$1,000,000","Prohibit candidate;
 allow PAC",1:1 match,Disclose > $200
Static,31,10,0,"$1,000,000","Prohibit candidate;
 allow PAC",1:1 match,Disclose > $200
Static,32,0,0.00520833333333333,"$10,000","Prohibit candidate;
 allow PAC",1:1 match,Disclose > $200
Static,32,1,0.01101,"$10,000","Prohibit candidate;
 allow PAC",1:1 match,Disclose > $200
Static,32,2,0.00126,"$10,000","Prohibit candidate;
 allow PAC",1:1 match,Disclose > $200
Static,32,3,5.4e-4,"$10,000","Prohibit candidate;
 allow PAC",1:1 match,Disclose > $200
Static,32,4,2.8e-4,"$10,000","Prohibit candidate;
 allow PAC",1:1 match,Disclose > $200
Static,32,5,3.3e-4,"$10,000","Prohibit candidate;
 allow PAC",1:1 match,Disclose > $200
Static,32,6,6.9e-4,"$10,000","Prohibit candidate;
 allow PAC",1:1 match,Disclose > $200
Static,32,7,6e-5,"$10,000","Prohibit candidate;
 allow PAC",1:1 match,Disclose > $200
Static,32,8,0,"$10,000","Prohibit candidate;
 allow PAC",1:1 match,Disclose > $200
Static,32,9,0,"$10,000","Prohibit candidate;
 allow PAC",1:1 match,Disclose > $200
Static,32,10,0,"$10,000","Prohibit candidate;
 allow PAC",1:1 match,Disclose > $200
Static,33,0,0.00520833333333333,No limits,Allow all,1:1 match,Disclose > $200
Static,33,1,3.3e-4,No limits,Allow all,1:1 match,Disclose > $200
Static,33,2,0,No limits,Allow all,1:1 match,Disclose > $200
Static,33,3,0,No limits,Allow all,1:1 match,Disclose > $200
Static,33,4,0,No limits,Allow all,1:1 match,Disclose > $200
Static,33,5,0,No limits,Allow all,1:1 match,Disclose > $200
Static,33,6,0,No limits,Allow all,1:1 match,Disclose > $200
Static,33,7,0,No limits,Allow all,1:1 match,Disclose > $200
Static,33,8,0,No limits,Allow all,1:1 match,Disclose > $200
Static,33,9,0,No limits,Allow all,1:1 match,Disclose > $200
Static,33,10,0,No limits,Allow all,1:1 match,Disclose > $200
Static,34,0,0.00520833333333333,"100,000",Allow all,1:1 match,Disclose > $200
Static,34,1,0.00628,"100,000",Allow all,1:1 match,Disclose > $200
Static,34,2,0,"100,000",Allow all,1:1 match,Disclose > $200
Static,34,3,0,"100,000",Allow all,1:1 match,Disclose > $200
Static,34,4,1e-5,"100,000",Allow all,1:1 match,Disclose > $200
Static,34,5,0,"100,000",Allow all,1:1 match,Disclose > $200
Static,34,6,1e-5,"100,000",Allow all,1:1 match,Disclose > $200
Static,34,7,0,"100,000",Allow all,1:1 match,Disclose > $200
Static,34,8,0,"100,000",Allow all,1:1 match,Disclose > $200
Static,34,9,0,"100,000",Allow all,1:1 match,Disclose > $200
Static,34,10,0,"100,000",Allow all,1:1 match,Disclose > $200
Static,35,0,0.00520833333333333,"$1,000,000",Allow all,1:1 match,Disclose > $200
Static,35,1,0.00121,"$1,000,000",Allow all,1:1 match,Disclose > $200
Static,35,2,0,"$1,000,000",Allow all,1:1 match,Disclose > $200
Static,35,3,0,"$1,000,000",Allow all,1:1 match,Disclose > $200
Static,35,4,0,"$1,000,000",Allow all,1:1 match,Disclose > $200
Static,35,5,0,"$1,000,000",Allow all,1:1 match,Disclose > $200
Static,35,6,0,"$1,000,000",Allow all,1:1 match,Disclose > $200
Static,35,7,0,"$1,000,000",Allow all,1:1 match,Disclose > $200
Static,35,8,0,"$1,000,000",Allow all,1:1 match,Disclose > $200
Static,35,9,0,"$1,000,000",Allow all,1:1 match,Disclose > $200
Static,35,10,0,"$1,000,000",Allow all,1:1 match,Disclose > $200
Static,36,0,0.00520833333333333,"$10,000",Allow all,1:1 match,Disclose > $200
Static,36,1,0.01828,"$10,000",Allow all,1:1 match,Disclose > $200
Static,36,2,1e-5,"$10,000",Allow all,1:1 match,Disclose > $200
Static,36,3,0,"$10,000",Allow all,1:1 match,Disclose > $200
Static,36,4,0,"$10,000",Allow all,1:1 match,Disclose > $200
Static,36,5,1e-5,"$10,000",Allow all,1:1 match,Disclose > $200
Static,36,6,0,"$10,000",Allow all,1:1 match,Disclose > $200
Static,36,7,0,"$10,000",Allow all,1:1 match,Disclose > $200
Static,36,8,0,"$10,000",Allow all,1:1 match,Disclose > $200
Static,36,9,0,"$10,000",Allow all,1:1 match,Disclose > $200
Static,36,10,0,"$10,000",Allow all,1:1 match,Disclose > $200
Static,37,0,0.00520833333333333,No limits,Prohibit all,Maintain status quo,Disclose > $200
Static,37,1,0.00103,No limits,Prohibit all,Maintain status quo,Disclose > $200
Static,37,2,1e-5,No limits,Prohibit all,Maintain status quo,Disclose > $200
Static,37,3,0,No limits,Prohibit all,Maintain status quo,Disclose > $200
Static,37,4,0,No limits,Prohibit all,Maintain status quo,Disclose > $200
Static,37,5,0,No limits,Prohibit all,Maintain status quo,Disclose > $200
Static,37,6,0,No limits,Prohibit all,Maintain status quo,Disclose > $200
Static,37,7,0,No limits,Prohibit all,Maintain status quo,Disclose > $200
Static,37,8,0,No limits,Prohibit all,Maintain status quo,Disclose > $200
Static,37,9,0,No limits,Prohibit all,Maintain status quo,Disclose > $200
Static,37,10,0,No limits,Prohibit all,Maintain status quo,Disclose > $200
Static,38,0,0.00520833333333333,"100,000",Prohibit all,Maintain status quo,Disclose > $200
Static,38,1,0.02441,"100,000",Prohibit all,Maintain status quo,Disclose > $200
Static,38,2,0.00314,"100,000",Prohibit all,Maintain status quo,Disclose > $200
Static,38,3,8.4e-4,"100,000",Prohibit all,Maintain status quo,Disclose > $200
Static,38,4,0.00204,"100,000",Prohibit all,Maintain status quo,Disclose > $200
Static,38,5,0.00126,"100,000",Prohibit all,Maintain status quo,Disclose > $200
Static,38,6,8e-4,"100,000",Prohibit all,Maintain status quo,Disclose > $200
Static,38,7,0.00651,"100,000",Prohibit all,Maintain status quo,Disclose > $200
Static,38,8,0.00274,"100,000",Prohibit all,Maintain status quo,Disclose > $200
Static,38,9,6.1e-4,"100,000",Prohibit all,Maintain status quo,Disclose > $200
Static,38,10,0.00145,"100,000",Prohibit all,Maintain status quo,Disclose > $200
Static,39,0,0.00520833333333333,"$1,000,000",Prohibit all,Maintain status quo,Disclose > $200
Static,39,1,0.00713,"$1,000,000",Prohibit all,Maintain status quo,Disclose > $200
Static,39,2,0.00428,"$1,000,000",Prohibit all,Maintain status quo,Disclose > $200
Static,39,3,0.00247,"$1,000,000",Prohibit all,Maintain status quo,Disclose > $200
Static,39,4,0.00093000000000000005,"$1,000,000",Prohibit all,Maintain status quo,Disclose > $200
Static,39,5,5.6e-4,"$1,000,000",Prohibit all,Maintain status quo,Disclose > $200
Static,39,6,4.2e-4,"$1,000,000",Prohibit all,Maintain status quo,Disclose > $200
Static,39,7,0.00216,"$1,000,000",Prohibit all,Maintain status quo,Disclose > $200
Static,39,8,7.6e-4,"$1,000,000",Prohibit all,Maintain status quo,Disclose > $200
Static,39,9,1.9e-4,"$1,000,000",Prohibit all,Maintain status quo,Disclose > $200
Static,39,10,7.1e-4,"$1,000,000",Prohibit all,Maintain status quo,Disclose > $200
Static,40,0,0.00520833333333333,"$10,000",Prohibit all,Maintain status quo,Disclose > $200
Static,40,1,0.09047,"$10,000",Prohibit all,Maintain status quo,Disclose > $200
Static,40,2,0.02251,"$10,000",Prohibit all,Maintain status quo,Disclose > $200
Static,40,3,0.01482,"$10,000",Prohibit all,Maintain status quo,Disclose > $200
Static,40,4,0.01602,"$10,000",Prohibit all,Maintain status quo,Disclose > $200
Static,40,5,0.00665,"$10,000",Prohibit all,Maintain status quo,Disclose > $200
Static,40,6,0.01172,"$10,000",Prohibit all,Maintain status quo,Disclose > $200
Static,40,7,0.02865,"$10,000",Prohibit all,Maintain status quo,Disclose > $200
Static,40,8,0.02054,"$10,000",Prohibit all,Maintain status quo,Disclose > $200
Static,40,9,0.01016,"$10,000",Prohibit all,Maintain status quo,Disclose > $200
Static,40,10,0.02492,"$10,000",Prohibit all,Maintain status quo,Disclose > $200
Static,41,0,0.00520833333333333,No limits,"Prohibit candidate;
 allow PAC",Maintain status quo,Disclose > $200
Static,41,1,8e-5,No limits,"Prohibit candidate;
 allow PAC",Maintain status quo,Disclose > $200
Static,41,2,1e-5,No limits,"Prohibit candidate;
 allow PAC",Maintain status quo,Disclose > $200
Static,41,3,0,No limits,"Prohibit candidate;
 allow PAC",Maintain status quo,Disclose > $200
Static,41,4,0,No limits,"Prohibit candidate;
 allow PAC",Maintain status quo,Disclose > $200
Static,41,5,0,No limits,"Prohibit candidate;
 allow PAC",Maintain status quo,Disclose > $200
Static,41,6,0,No limits,"Prohibit candidate;
 allow PAC",Maintain status quo,Disclose > $200
Static,41,7,0,No limits,"Prohibit candidate;
 allow PAC",Maintain status quo,Disclose > $200
Static,41,8,0,No limits,"Prohibit candidate;
 allow PAC",Maintain status quo,Disclose > $200
Static,41,9,0,No limits,"Prohibit candidate;
 allow PAC",Maintain status quo,Disclose > $200
Static,41,10,0,No limits,"Prohibit candidate;
 allow PAC",Maintain status quo,Disclose > $200
Static,42,0,0.00520833333333333,"100,000","Prohibit candidate;
 allow PAC",Maintain status quo,Disclose > $200
Static,42,1,0.00167,"100,000","Prohibit candidate;
 allow PAC",Maintain status quo,Disclose > $200
Static,42,2,6e-5,"100,000","Prohibit candidate;
 allow PAC",Maintain status quo,Disclose > $200
Static,42,3,1e-5,"100,000","Prohibit candidate;
 allow PAC",Maintain status quo,Disclose > $200
Static,42,4,0,"100,000","Prohibit candidate;
 allow PAC",Maintain status quo,Disclose > $200
Static,42,5,0,"100,000","Prohibit candidate;
 allow PAC",Maintain status quo,Disclose > $200
Static,42,6,0,"100,000","Prohibit candidate;
 allow PAC",Maintain status quo,Disclose > $200
Static,42,7,1e-5,"100,000","Prohibit candidate;
 allow PAC",Maintain status quo,Disclose > $200
Static,42,8,0,"100,000","Prohibit candidate;
 allow PAC",Maintain status quo,Disclose > $200
Static,42,9,0,"100,000","Prohibit candidate;
 allow PAC",Maintain status quo,Disclose > $200
Static,42,10,0,"100,000","Prohibit candidate;
 allow PAC",Maintain status quo,Disclose > $200
Static,43,0,0.00520833333333333,"$1,000,000","Prohibit candidate;
 allow PAC",Maintain status quo,Disclose > $200
Static,43,1,4.4e-4,"$1,000,000","Prohibit candidate;
 allow PAC",Maintain status quo,Disclose > $200
Static,43,2,8e-5,"$1,000,000","Prohibit candidate;
 allow PAC",Maintain status quo,Disclose > $200
Static,43,3,3e-5,"$1,000,000","Prohibit candidate;
 allow PAC",Maintain status quo,Disclose > $200
Static,43,4,0,"$1,000,000","Prohibit candidate;
 allow PAC",Maintain status quo,Disclose > $200
Static,43,5,0,"$1,000,000","Prohibit candidate;
 allow PAC",Maintain status quo,Disclose > $200
Static,43,6,0,"$1,000,000","Prohibit candidate;
 allow PAC",Maintain status quo,Disclose > $200
Static,43,7,1e-5,"$1,000,000","Prohibit candidate;
 allow PAC",Maintain status quo,Disclose > $200
Static,43,8,0,"$1,000,000","Prohibit candidate;
 allow PAC",Maintain status quo,Disclose > $200
Static,43,9,0,"$1,000,000","Prohibit candidate;
 allow PAC",Maintain status quo,Disclose > $200
Static,43,10,0,"$1,000,000","Prohibit candidate;
 allow PAC",Maintain status quo,Disclose > $200
Static,44,0,0.00520833333333333,"$10,000","Prohibit candidate;
 allow PAC",Maintain status quo,Disclose > $200
Static,44,1,0.00614,"$10,000","Prohibit candidate;
 allow PAC",Maintain status quo,Disclose > $200
Static,44,2,2e-4,"$10,000","Prohibit candidate;
 allow PAC",Maintain status quo,Disclose > $200
Static,44,3,2.1e-4,"$10,000","Prohibit candidate;
 allow PAC",Maintain status quo,Disclose > $200
Static,44,4,5e-5,"$10,000","Prohibit candidate;
 allow PAC",Maintain status quo,Disclose > $200
Static,44,5,1e-5,"$10,000","Prohibit candidate;
 allow PAC",Maintain status quo,Disclose > $200
Static,44,6,6e-5,"$10,000","Prohibit candidate;
 allow PAC",Maintain status quo,Disclose > $200
Static,44,7,1e-5,"$10,000","Prohibit candidate;
 allow PAC",Maintain status quo,Disclose > $200
Static,44,8,0,"$10,000","Prohibit candidate;
 allow PAC",Maintain status quo,Disclose > $200
Static,44,9,0,"$10,000","Prohibit candidate;
 allow PAC",Maintain status quo,Disclose > $200
Static,44,10,0,"$10,000","Prohibit candidate;
 allow PAC",Maintain status quo,Disclose > $200
Static,45,0,0.00520833333333333,No limits,Allow all,Maintain status quo,Disclose > $200
Static,45,1,2.7e-4,No limits,Allow all,Maintain status quo,Disclose > $200
Static,45,2,0,No limits,Allow all,Maintain status quo,Disclose > $200
Static,45,3,0,No limits,Allow all,Maintain status quo,Disclose > $200
Static,45,4,0,No limits,Allow all,Maintain status quo,Disclose > $200
Static,45,5,0,No limits,Allow all,Maintain status quo,Disclose > $200
Static,45,6,0,No limits,Allow all,Maintain status quo,Disclose > $200
Static,45,7,0,No limits,Allow all,Maintain status quo,Disclose > $200
Static,45,8,0,No limits,Allow all,Maintain status quo,Disclose > $200
Static,45,9,0,No limits,Allow all,Maintain status quo,Disclose > $200
Static,45,10,0,No limits,Allow all,Maintain status quo,Disclose > $200
Static,46,0,0.00520833333333333,"100,000",Allow all,Maintain status quo,Disclose > $200
Static,46,1,0.00465,"100,000",Allow all,Maintain status quo,Disclose > $200
Static,46,2,0,"100,000",Allow all,Maintain status quo,Disclose > $200
Static,46,3,0,"100,000",Allow all,Maintain status quo,Disclose > $200
Static,46,4,0,"100,000",Allow all,Maintain status quo,Disclose > $200
Static,46,5,0,"100,000",Allow all,Maintain status quo,Disclose > $200
Static,46,6,0,"100,000",Allow all,Maintain status quo,Disclose > $200
Static,46,7,0,"100,000",Allow all,Maintain status quo,Disclose > $200
Static,46,8,0,"100,000",Allow all,Maintain status quo,Disclose > $200
Static,46,9,0,"100,000",Allow all,Maintain status quo,Disclose > $200
Static,46,10,0,"100,000",Allow all,Maintain status quo,Disclose > $200
Static,47,0,0.00520833333333333,"$1,000,000",Allow all,Maintain status quo,Disclose > $200
Static,47,1,0.00108,"$1,000,000",Allow all,Maintain status quo,Disclose > $200
Static,47,2,1e-5,"$1,000,000",Allow all,Maintain status quo,Disclose > $200
Static,47,3,0,"$1,000,000",Allow all,Maintain status quo,Disclose > $200
Static,47,4,0,"$1,000,000",Allow all,Maintain status quo,Disclose > $200
Static,47,5,0,"$1,000,000",Allow all,Maintain status quo,Disclose > $200
Static,47,6,0,"$1,000,000",Allow all,Maintain status quo,Disclose > $200
Static,47,7,0,"$1,000,000",Allow all,Maintain status quo,Disclose > $200
Static,47,8,0,"$1,000,000",Allow all,Maintain status quo,Disclose > $200
Static,47,9,0,"$1,000,000",Allow all,Maintain status quo,Disclose > $200
Static,47,10,0,"$1,000,000",Allow all,Maintain status quo,Disclose > $200
Static,48,0,0.00520833333333333,"$10,000",Allow all,Maintain status quo,Disclose > $200
Static,48,1,0.01526,"$10,000",Allow all,Maintain status quo,Disclose > $200
Static,48,2,0,"$10,000",Allow all,Maintain status quo,Disclose > $200
Static,48,3,0,"$10,000",Allow all,Maintain status quo,Disclose > $200
Static,48,4,0,"$10,000",Allow all,Maintain status quo,Disclose > $200
Static,48,5,0,"$10,000",Allow all,Maintain status quo,Disclose > $200
Static,48,6,0,"$10,000",Allow all,Maintain status quo,Disclose > $200
Static,48,7,0,"$10,000",Allow all,Maintain status quo,Disclose > $200
Static,48,8,0,"$10,000",Allow all,Maintain status quo,Disclose > $200
Static,48,9,0,"$10,000",Allow all,Maintain status quo,Disclose > $200
Static,48,10,0,"$10,000",Allow all,Maintain status quo,Disclose > $200
Static,49,0,0.00520833333333333,No limits,Prohibit all,Prohibit all,Eliminate
Static,49,1,0,No limits,Prohibit all,Prohibit all,Eliminate
Static,49,2,0,No limits,Prohibit all,Prohibit all,Eliminate
Static,49,3,0,No limits,Prohibit all,Prohibit all,Eliminate
Static,49,4,0,No limits,Prohibit all,Prohibit all,Eliminate
Static,49,5,0,No limits,Prohibit all,Prohibit all,Eliminate
Static,49,6,0,No limits,Prohibit all,Prohibit all,Eliminate
Static,49,7,0,No limits,Prohibit all,Prohibit all,Eliminate
Static,49,8,0,No limits,Prohibit all,Prohibit all,Eliminate
Static,49,9,0,No limits,Prohibit all,Prohibit all,Eliminate
Static,49,10,0,No limits,Prohibit all,Prohibit all,Eliminate
Static,50,0,0.00520833333333333,"100,000",Prohibit all,Prohibit all,Eliminate
Static,50,1,0,"100,000",Prohibit all,Prohibit all,Eliminate
Static,50,2,0,"100,000",Prohibit all,Prohibit all,Eliminate
Static,50,3,0,"100,000",Prohibit all,Prohibit all,Eliminate
Static,50,4,0,"100,000",Prohibit all,Prohibit all,Eliminate
Static,50,5,0,"100,000",Prohibit all,Prohibit all,Eliminate
Static,50,6,0,"100,000",Prohibit all,Prohibit all,Eliminate
Static,50,7,0,"100,000",Prohibit all,Prohibit all,Eliminate
Static,50,8,0,"100,000",Prohibit all,Prohibit all,Eliminate
Static,50,9,0,"100,000",Prohibit all,Prohibit all,Eliminate
Static,50,10,0,"100,000",Prohibit all,Prohibit all,Eliminate
Static,51,0,0.00520833333333333,"$1,000,000",Prohibit all,Prohibit all,Eliminate
Static,51,1,0,"$1,000,000",Prohibit all,Prohibit all,Eliminate
Static,51,2,0,"$1,000,000",Prohibit all,Prohibit all,Eliminate
Static,51,3,0,"$1,000,000",Prohibit all,Prohibit all,Eliminate
Static,51,4,0,"$1,000,000",Prohibit all,Prohibit all,Eliminate
Static,51,5,0,"$1,000,000",Prohibit all,Prohibit all,Eliminate
Static,51,6,0,"$1,000,000",Prohibit all,Prohibit all,Eliminate
Static,51,7,0,"$1,000,000",Prohibit all,Prohibit all,Eliminate
Static,51,8,0,"$1,000,000",Prohibit all,Prohibit all,Eliminate
Static,51,9,0,"$1,000,000",Prohibit all,Prohibit all,Eliminate
Static,51,10,0,"$1,000,000",Prohibit all,Prohibit all,Eliminate
Static,52,0,0.00520833333333333,"$10,000",Prohibit all,Prohibit all,Eliminate
Static,52,1,1e-5,"$10,000",Prohibit all,Prohibit all,Eliminate
Static,52,2,0,"$10,000",Prohibit all,Prohibit all,Eliminate
Static,52,3,0,"$10,000",Prohibit all,Prohibit all,Eliminate
Static,52,4,0,"$10,000",Prohibit all,Prohibit all,Eliminate
Static,52,5,0,"$10,000",Prohibit all,Prohibit all,Eliminate
Static,52,6,0,"$10,000",Prohibit all,Prohibit all,Eliminate
Static,52,7,0,"$10,000",Prohibit all,Prohibit all,Eliminate
Static,52,8,0,"$10,000",Prohibit all,Prohibit all,Eliminate
Static,52,9,0,"$10,000",Prohibit all,Prohibit all,Eliminate
Static,52,10,0,"$10,000",Prohibit all,Prohibit all,Eliminate
Static,53,0,0.00520833333333333,No limits,"Prohibit candidate;
 allow PAC",Prohibit all,Eliminate
Static,53,1,0,No limits,"Prohibit candidate;
 allow PAC",Prohibit all,Eliminate
Static,53,2,0,No limits,"Prohibit candidate;
 allow PAC",Prohibit all,Eliminate
Static,53,3,0,No limits,"Prohibit candidate;
 allow PAC",Prohibit all,Eliminate
Static,53,4,0,No limits,"Prohibit candidate;
 allow PAC",Prohibit all,Eliminate
Static,53,5,0,No limits,"Prohibit candidate;
 allow PAC",Prohibit all,Eliminate
Static,53,6,0,No limits,"Prohibit candidate;
 allow PAC",Prohibit all,Eliminate
Static,53,7,0,No limits,"Prohibit candidate;
 allow PAC",Prohibit all,Eliminate
Static,53,8,0,No limits,"Prohibit candidate;
 allow PAC",Prohibit all,Eliminate
Static,53,9,0,No limits,"Prohibit candidate;
 allow PAC",Prohibit all,Eliminate
Static,53,10,0,No limits,"Prohibit candidate;
 allow PAC",Prohibit all,Eliminate
Static,54,0,0.00520833333333333,"100,000","Prohibit candidate;
 allow PAC",Prohibit all,Eliminate
Static,54,1,0,"100,000","Prohibit candidate;
 allow PAC",Prohibit all,Eliminate
Static,54,2,0,"100,000","Prohibit candidate;
 allow PAC",Prohibit all,Eliminate
Static,54,3,0,"100,000","Prohibit candidate;
 allow PAC",Prohibit all,Eliminate
Static,54,4,0,"100,000","Prohibit candidate;
 allow PAC",Prohibit all,Eliminate
Static,54,5,0,"100,000","Prohibit candidate;
 allow PAC",Prohibit all,Eliminate
Static,54,6,0,"100,000","Prohibit candidate;
 allow PAC",Prohibit all,Eliminate
Static,54,7,0,"100,000","Prohibit candidate;
 allow PAC",Prohibit all,Eliminate
Static,54,8,0,"100,000","Prohibit candidate;
 allow PAC",Prohibit all,Eliminate
Static,54,9,0,"100,000","Prohibit candidate;
 allow PAC",Prohibit all,Eliminate
Static,54,10,0,"100,000","Prohibit candidate;
 allow PAC",Prohibit all,Eliminate
Static,55,0,0.00520833333333333,"$1,000,000","Prohibit candidate;
 allow PAC",Prohibit all,Eliminate
Static,55,1,0,"$1,000,000","Prohibit candidate;
 allow PAC",Prohibit all,Eliminate
Static,55,2,0,"$1,000,000","Prohibit candidate;
 allow PAC",Prohibit all,Eliminate
Static,55,3,0,"$1,000,000","Prohibit candidate;
 allow PAC",Prohibit all,Eliminate
Static,55,4,0,"$1,000,000","Prohibit candidate;
 allow PAC",Prohibit all,Eliminate
Static,55,5,0,"$1,000,000","Prohibit candidate;
 allow PAC",Prohibit all,Eliminate
Static,55,6,0,"$1,000,000","Prohibit candidate;
 allow PAC",Prohibit all,Eliminate
Static,55,7,0,"$1,000,000","Prohibit candidate;
 allow PAC",Prohibit all,Eliminate
Static,55,8,0,"$1,000,000","Prohibit candidate;
 allow PAC",Prohibit all,Eliminate
Static,55,9,0,"$1,000,000","Prohibit candidate;
 allow PAC",Prohibit all,Eliminate
Static,55,10,0,"$1,000,000","Prohibit candidate;
 allow PAC",Prohibit all,Eliminate
Static,56,0,0.00520833333333333,"$10,000","Prohibit candidate;
 allow PAC",Prohibit all,Eliminate
Static,56,1,0,"$10,000","Prohibit candidate;
 allow PAC",Prohibit all,Eliminate
Static,56,2,0,"$10,000","Prohibit candidate;
 allow PAC",Prohibit all,Eliminate
Static,56,3,0,"$10,000","Prohibit candidate;
 allow PAC",Prohibit all,Eliminate
Static,56,4,0,"$10,000","Prohibit candidate;
 allow PAC",Prohibit all,Eliminate
Static,56,5,0,"$10,000","Prohibit candidate;
 allow PAC",Prohibit all,Eliminate
Static,56,6,0,"$10,000","Prohibit candidate;
 allow PAC",Prohibit all,Eliminate
Static,56,7,0,"$10,000","Prohibit candidate;
 allow PAC",Prohibit all,Eliminate
Static,56,8,0,"$10,000","Prohibit candidate;
 allow PAC",Prohibit all,Eliminate
Static,56,9,0,"$10,000","Prohibit candidate;
 allow PAC",Prohibit all,Eliminate
Static,56,10,0,"$10,000","Prohibit candidate;
 allow PAC",Prohibit all,Eliminate
Static,57,0,0.00520833333333333,No limits,Allow all,Prohibit all,Eliminate
Static,57,1,0,No limits,Allow all,Prohibit all,Eliminate
Static,57,2,0,No limits,Allow all,Prohibit all,Eliminate
Static,57,3,0,No limits,Allow all,Prohibit all,Eliminate
Static,57,4,0,No limits,Allow all,Prohibit all,Eliminate
Static,57,5,0,No limits,Allow all,Prohibit all,Eliminate
Static,57,6,0,No limits,Allow all,Prohibit all,Eliminate
Static,57,7,0,No limits,Allow all,Prohibit all,Eliminate
Static,57,8,0,No limits,Allow all,Prohibit all,Eliminate
Static,57,9,0,No limits,Allow all,Prohibit all,Eliminate
Static,57,10,0,No limits,Allow all,Prohibit all,Eliminate
Static,58,0,0.00520833333333333,"100,000",Allow all,Prohibit all,Eliminate
Static,58,1,0,"100,000",Allow all,Prohibit all,Eliminate
Static,58,2,0,"100,000",Allow all,Prohibit all,Eliminate
Static,58,3,0,"100,000",Allow all,Prohibit all,Eliminate
Static,58,4,0,"100,000",Allow all,Prohibit all,Eliminate
Static,58,5,0,"100,000",Allow all,Prohibit all,Eliminate
Static,58,6,0,"100,000",Allow all,Prohibit all,Eliminate
Static,58,7,0,"100,000",Allow all,Prohibit all,Eliminate
Static,58,8,0,"100,000",Allow all,Prohibit all,Eliminate
Static,58,9,0,"100,000",Allow all,Prohibit all,Eliminate
Static,58,10,0,"100,000",Allow all,Prohibit all,Eliminate
Static,59,0,0.00520833333333333,"$1,000,000",Allow all,Prohibit all,Eliminate
Static,59,1,0,"$1,000,000",Allow all,Prohibit all,Eliminate
Static,59,2,0,"$1,000,000",Allow all,Prohibit all,Eliminate
Static,59,3,0,"$1,000,000",Allow all,Prohibit all,Eliminate
Static,59,4,0,"$1,000,000",Allow all,Prohibit all,Eliminate
Static,59,5,0,"$1,000,000",Allow all,Prohibit all,Eliminate
Static,59,6,0,"$1,000,000",Allow all,Prohibit all,Eliminate
Static,59,7,0,"$1,000,000",Allow all,Prohibit all,Eliminate
Static,59,8,0,"$1,000,000",Allow all,Prohibit all,Eliminate
Static,59,9,0,"$1,000,000",Allow all,Prohibit all,Eliminate
Static,59,10,0,"$1,000,000",Allow all,Prohibit all,Eliminate
Static,60,0,0.00520833333333333,"$10,000",Allow all,Prohibit all,Eliminate
Static,60,1,0,"$10,000",Allow all,Prohibit all,Eliminate
Static,60,2,0,"$10,000",Allow all,Prohibit all,Eliminate
Static,60,3,0,"$10,000",Allow all,Prohibit all,Eliminate
Static,60,4,0,"$10,000",Allow all,Prohibit all,Eliminate
Static,60,5,0,"$10,000",Allow all,Prohibit all,Eliminate
Static,60,6,0,"$10,000",Allow all,Prohibit all,Eliminate
Static,60,7,0,"$10,000",Allow all,Prohibit all,Eliminate
Static,60,8,0,"$10,000",Allow all,Prohibit all,Eliminate
Static,60,9,0,"$10,000",Allow all,Prohibit all,Eliminate
Static,60,10,0,"$10,000",Allow all,Prohibit all,Eliminate
Static,61,0,0.00520833333333333,No limits,Prohibit all,5:1 match,Eliminate
Static,61,1,0,No limits,Prohibit all,5:1 match,Eliminate
Static,61,2,0,No limits,Prohibit all,5:1 match,Eliminate
Static,61,3,0,No limits,Prohibit all,5:1 match,Eliminate
Static,61,4,0,No limits,Prohibit all,5:1 match,Eliminate
Static,61,5,0,No limits,Prohibit all,5:1 match,Eliminate
Static,61,6,0,No limits,Prohibit all,5:1 match,Eliminate
Static,61,7,0,No limits,Prohibit all,5:1 match,Eliminate
Static,61,8,0,No limits,Prohibit all,5:1 match,Eliminate
Static,61,9,0,No limits,Prohibit all,5:1 match,Eliminate
Static,61,10,0,No limits,Prohibit all,5:1 match,Eliminate
Static,62,0,0.00520833333333333,"100,000",Prohibit all,5:1 match,Eliminate
Static,62,1,0,"100,000",Prohibit all,5:1 match,Eliminate
Static,62,2,0,"100,000",Prohibit all,5:1 match,Eliminate
Static,62,3,0,"100,000",Prohibit all,5:1 match,Eliminate
Static,62,4,0,"100,000",Prohibit all,5:1 match,Eliminate
Static,62,5,0,"100,000",Prohibit all,5:1 match,Eliminate
Static,62,6,0,"100,000",Prohibit all,5:1 match,Eliminate
Static,62,7,0,"100,000",Prohibit all,5:1 match,Eliminate
Static,62,8,0,"100,000",Prohibit all,5:1 match,Eliminate
Static,62,9,0,"100,000",Prohibit all,5:1 match,Eliminate
Static,62,10,0,"100,000",Prohibit all,5:1 match,Eliminate
Static,63,0,0.00520833333333333,"$1,000,000",Prohibit all,5:1 match,Eliminate
Static,63,1,0,"$1,000,000",Prohibit all,5:1 match,Eliminate
Static,63,2,0,"$1,000,000",Prohibit all,5:1 match,Eliminate
Static,63,3,0,"$1,000,000",Prohibit all,5:1 match,Eliminate
Static,63,4,0,"$1,000,000",Prohibit all,5:1 match,Eliminate
Static,63,5,0,"$1,000,000",Prohibit all,5:1 match,Eliminate
Static,63,6,0,"$1,000,000",Prohibit all,5:1 match,Eliminate
Static,63,7,0,"$1,000,000",Prohibit all,5:1 match,Eliminate
Static,63,8,0,"$1,000,000",Prohibit all,5:1 match,Eliminate
Static,63,9,0,"$1,000,000",Prohibit all,5:1 match,Eliminate
Static,63,10,0,"$1,000,000",Prohibit all,5:1 match,Eliminate
Static,64,0,0.00520833333333333,"$10,000",Prohibit all,5:1 match,Eliminate
Static,64,1,0,"$10,000",Prohibit all,5:1 match,Eliminate
Static,64,2,0,"$10,000",Prohibit all,5:1 match,Eliminate
Static,64,3,0,"$10,000",Prohibit all,5:1 match,Eliminate
Static,64,4,0,"$10,000",Prohibit all,5:1 match,Eliminate
Static,64,5,0,"$10,000",Prohibit all,5:1 match,Eliminate
Static,64,6,0,"$10,000",Prohibit all,5:1 match,Eliminate
Static,64,7,0,"$10,000",Prohibit all,5:1 match,Eliminate
Static,64,8,0,"$10,000",Prohibit all,5:1 match,Eliminate
Static,64,9,0,"$10,000",Prohibit all,5:1 match,Eliminate
Static,64,10,0,"$10,000",Prohibit all,5:1 match,Eliminate
Static,65,0,0.00520833333333333,No limits,"Prohibit candidate;
 allow PAC",5:1 match,Eliminate
Static,65,1,0,No limits,"Prohibit candidate;
 allow PAC",5:1 match,Eliminate
Static,65,2,0,No limits,"Prohibit candidate;
 allow PAC",5:1 match,Eliminate
Static,65,3,0,No limits,"Prohibit candidate;
 allow PAC",5:1 match,Eliminate
Static,65,4,0,No limits,"Prohibit candidate;
 allow PAC",5:1 match,Eliminate
Static,65,5,0,No limits,"Prohibit candidate;
 allow PAC",5:1 match,Eliminate
Static,65,6,0,No limits,"Prohibit candidate;
 allow PAC",5:1 match,Eliminate
Static,65,7,0,No limits,"Prohibit candidate;
 allow PAC",5:1 match,Eliminate
Static,65,8,0,No limits,"Prohibit candidate;
 allow PAC",5:1 match,Eliminate
Static,65,9,0,No limits,"Prohibit candidate;
 allow PAC",5:1 match,Eliminate
Static,65,10,0,No limits,"Prohibit candidate;
 allow PAC",5:1 match,Eliminate
Static,66,0,0.00520833333333333,"100,000","Prohibit candidate;
 allow PAC",5:1 match,Eliminate
Static,66,1,0,"100,000","Prohibit candidate;
 allow PAC",5:1 match,Eliminate
Static,66,2,0,"100,000","Prohibit candidate;
 allow PAC",5:1 match,Eliminate
Static,66,3,0,"100,000","Prohibit candidate;
 allow PAC",5:1 match,Eliminate
Static,66,4,0,"100,000","Prohibit candidate;
 allow PAC",5:1 match,Eliminate
Static,66,5,0,"100,000","Prohibit candidate;
 allow PAC",5:1 match,Eliminate
Static,66,6,0,"100,000","Prohibit candidate;
 allow PAC",5:1 match,Eliminate
Static,66,7,0,"100,000","Prohibit candidate;
 allow PAC",5:1 match,Eliminate
Static,66,8,0,"100,000","Prohibit candidate;
 allow PAC",5:1 match,Eliminate
Static,66,9,0,"100,000","Prohibit candidate;
 allow PAC",5:1 match,Eliminate
Static,66,10,0,"100,000","Prohibit candidate;
 allow PAC",5:1 match,Eliminate
Static,67,0,0.00520833333333333,"$1,000,000","Prohibit candidate;
 allow PAC",5:1 match,Eliminate
Static,67,1,0,"$1,000,000","Prohibit candidate;
 allow PAC",5:1 match,Eliminate
Static,67,2,0,"$1,000,000","Prohibit candidate;
 allow PAC",5:1 match,Eliminate
Static,67,3,0,"$1,000,000","Prohibit candidate;
 allow PAC",5:1 match,Eliminate
Static,67,4,0,"$1,000,000","Prohibit candidate;
 allow PAC",5:1 match,Eliminate
Static,67,5,0,"$1,000,000","Prohibit candidate;
 allow PAC",5:1 match,Eliminate
Static,67,6,0,"$1,000,000","Prohibit candidate;
 allow PAC",5:1 match,Eliminate
Static,67,7,0,"$1,000,000","Prohibit candidate;
 allow PAC",5:1 match,Eliminate
Static,67,8,0,"$1,000,000","Prohibit candidate;
 allow PAC",5:1 match,Eliminate
Static,67,9,0,"$1,000,000","Prohibit candidate;
 allow PAC",5:1 match,Eliminate
Static,67,10,0,"$1,000,000","Prohibit candidate;
 allow PAC",5:1 match,Eliminate
Static,68,0,0.00520833333333333,"$10,000","Prohibit candidate;
 allow PAC",5:1 match,Eliminate
Static,68,1,0,"$10,000","Prohibit candidate;
 allow PAC",5:1 match,Eliminate
Static,68,2,0,"$10,000","Prohibit candidate;
 allow PAC",5:1 match,Eliminate
Static,68,3,0,"$10,000","Prohibit candidate;
 allow PAC",5:1 match,Eliminate
Static,68,4,0,"$10,000","Prohibit candidate;
 allow PAC",5:1 match,Eliminate
Static,68,5,0,"$10,000","Prohibit candidate;
 allow PAC",5:1 match,Eliminate
Static,68,6,0,"$10,000","Prohibit candidate;
 allow PAC",5:1 match,Eliminate
Static,68,7,0,"$10,000","Prohibit candidate;
 allow PAC",5:1 match,Eliminate
Static,68,8,0,"$10,000","Prohibit candidate;
 allow PAC",5:1 match,Eliminate
Static,68,9,0,"$10,000","Prohibit candidate;
 allow PAC",5:1 match,Eliminate
Static,68,10,0,"$10,000","Prohibit candidate;
 allow PAC",5:1 match,Eliminate
Static,69,0,0.00520833333333333,No limits,Allow all,5:1 match,Eliminate
Static,69,1,0,No limits,Allow all,5:1 match,Eliminate
Static,69,2,0,No limits,Allow all,5:1 match,Eliminate
Static,69,3,0,No limits,Allow all,5:1 match,Eliminate
Static,69,4,0,No limits,Allow all,5:1 match,Eliminate
Static,69,5,0,No limits,Allow all,5:1 match,Eliminate
Static,69,6,0,No limits,Allow all,5:1 match,Eliminate
Static,69,7,0,No limits,Allow all,5:1 match,Eliminate
Static,69,8,0,No limits,Allow all,5:1 match,Eliminate
Static,69,9,0,No limits,Allow all,5:1 match,Eliminate
Static,69,10,0,No limits,Allow all,5:1 match,Eliminate
Static,70,0,0.00520833333333333,"100,000",Allow all,5:1 match,Eliminate
Static,70,1,0,"100,000",Allow all,5:1 match,Eliminate
Static,70,2,0,"100,000",Allow all,5:1 match,Eliminate
Static,70,3,0,"100,000",Allow all,5:1 match,Eliminate
Static,70,4,0,"100,000",Allow all,5:1 match,Eliminate
Static,70,5,0,"100,000",Allow all,5:1 match,Eliminate
Static,70,6,0,"100,000",Allow all,5:1 match,Eliminate
Static,70,7,0,"100,000",Allow all,5:1 match,Eliminate
Static,70,8,0,"100,000",Allow all,5:1 match,Eliminate
Static,70,9,0,"100,000",Allow all,5:1 match,Eliminate
Static,70,10,0,"100,000",Allow all,5:1 match,Eliminate
Static,71,0,0.00520833333333333,"$1,000,000",Allow all,5:1 match,Eliminate
Static,71,1,0,"$1,000,000",Allow all,5:1 match,Eliminate
Static,71,2,0,"$1,000,000",Allow all,5:1 match,Eliminate
Static,71,3,0,"$1,000,000",Allow all,5:1 match,Eliminate
Static,71,4,0,"$1,000,000",Allow all,5:1 match,Eliminate
Static,71,5,0,"$1,000,000",Allow all,5:1 match,Eliminate
Static,71,6,0,"$1,000,000",Allow all,5:1 match,Eliminate
Static,71,7,0,"$1,000,000",Allow all,5:1 match,Eliminate
Static,71,8,0,"$1,000,000",Allow all,5:1 match,Eliminate
Static,71,9,0,"$1,000,000",Allow all,5:1 match,Eliminate
Static,71,10,0,"$1,000,000",Allow all,5:1 match,Eliminate
Static,72,0,0.00520833333333333,"$10,000",Allow all,5:1 match,Eliminate
Static,72,1,0,"$10,000",Allow all,5:1 match,Eliminate
Static,72,2,0,"$10,000",Allow all,5:1 match,Eliminate
Static,72,3,0,"$10,000",Allow all,5:1 match,Eliminate
Static,72,4,0,"$10,000",Allow all,5:1 match,Eliminate
Static,72,5,0,"$10,000",Allow all,5:1 match,Eliminate
Static,72,6,0,"$10,000",Allow all,5:1 match,Eliminate
Static,72,7,0,"$10,000",Allow all,5:1 match,Eliminate
Static,72,8,0,"$10,000",Allow all,5:1 match,Eliminate
Static,72,9,0,"$10,000",Allow all,5:1 match,Eliminate
Static,72,10,0,"$10,000",Allow all,5:1 match,Eliminate
Static,73,0,0.00520833333333333,No limits,Prohibit all,1:1 match,Eliminate
Static,73,1,0,No limits,Prohibit all,1:1 match,Eliminate
Static,73,2,0,No limits,Prohibit all,1:1 match,Eliminate
Static,73,3,0,No limits,Prohibit all,1:1 match,Eliminate
Static,73,4,0,No limits,Prohibit all,1:1 match,Eliminate
Static,73,5,0,No limits,Prohibit all,1:1 match,Eliminate
Static,73,6,0,No limits,Prohibit all,1:1 match,Eliminate
Static,73,7,0,No limits,Prohibit all,1:1 match,Eliminate
Static,73,8,0,No limits,Prohibit all,1:1 match,Eliminate
Static,73,9,0,No limits,Prohibit all,1:1 match,Eliminate
Static,73,10,0,No limits,Prohibit all,1:1 match,Eliminate
Static,74,0,0.00520833333333333,"100,000",Prohibit all,1:1 match,Eliminate
Static,74,1,0,"100,000",Prohibit all,1:1 match,Eliminate
Static,74,2,0,"100,000",Prohibit all,1:1 match,Eliminate
Static,74,3,0,"100,000",Prohibit all,1:1 match,Eliminate
Static,74,4,0,"100,000",Prohibit all,1:1 match,Eliminate
Static,74,5,0,"100,000",Prohibit all,1:1 match,Eliminate
Static,74,6,0,"100,000",Prohibit all,1:1 match,Eliminate
Static,74,7,0,"100,000",Prohibit all,1:1 match,Eliminate
Static,74,8,0,"100,000",Prohibit all,1:1 match,Eliminate
Static,74,9,0,"100,000",Prohibit all,1:1 match,Eliminate
Static,74,10,0,"100,000",Prohibit all,1:1 match,Eliminate
Static,75,0,0.00520833333333333,"$1,000,000",Prohibit all,1:1 match,Eliminate
Static,75,1,0,"$1,000,000",Prohibit all,1:1 match,Eliminate
Static,75,2,0,"$1,000,000",Prohibit all,1:1 match,Eliminate
Static,75,3,0,"$1,000,000",Prohibit all,1:1 match,Eliminate
Static,75,4,0,"$1,000,000",Prohibit all,1:1 match,Eliminate
Static,75,5,0,"$1,000,000",Prohibit all,1:1 match,Eliminate
Static,75,6,0,"$1,000,000",Prohibit all,1:1 match,Eliminate
Static,75,7,0,"$1,000,000",Prohibit all,1:1 match,Eliminate
Static,75,8,0,"$1,000,000",Prohibit all,1:1 match,Eliminate
Static,75,9,0,"$1,000,000",Prohibit all,1:1 match,Eliminate
Static,75,10,0,"$1,000,000",Prohibit all,1:1 match,Eliminate
Static,76,0,0.00520833333333333,"$10,000",Prohibit all,1:1 match,Eliminate
Static,76,1,0,"$10,000",Prohibit all,1:1 match,Eliminate
Static,76,2,0,"$10,000",Prohibit all,1:1 match,Eliminate
Static,76,3,0,"$10,000",Prohibit all,1:1 match,Eliminate
Static,76,4,0,"$10,000",Prohibit all,1:1 match,Eliminate
Static,76,5,0,"$10,000",Prohibit all,1:1 match,Eliminate
Static,76,6,0,"$10,000",Prohibit all,1:1 match,Eliminate
Static,76,7,0,"$10,000",Prohibit all,1:1 match,Eliminate
Static,76,8,0,"$10,000",Prohibit all,1:1 match,Eliminate
Static,76,9,0,"$10,000",Prohibit all,1:1 match,Eliminate
Static,76,10,0,"$10,000",Prohibit all,1:1 match,Eliminate
Static,77,0,0.00520833333333333,No limits,"Prohibit candidate;
 allow PAC",1:1 match,Eliminate
Static,77,1,0,No limits,"Prohibit candidate;
 allow PAC",1:1 match,Eliminate
Static,77,2,0,No limits,"Prohibit candidate;
 allow PAC",1:1 match,Eliminate
Static,77,3,0,No limits,"Prohibit candidate;
 allow PAC",1:1 match,Eliminate
Static,77,4,0,No limits,"Prohibit candidate;
 allow PAC",1:1 match,Eliminate
Static,77,5,0,No limits,"Prohibit candidate;
 allow PAC",1:1 match,Eliminate
Static,77,6,0,No limits,"Prohibit candidate;
 allow PAC",1:1 match,Eliminate
Static,77,7,0,No limits,"Prohibit candidate;
 allow PAC",1:1 match,Eliminate
Static,77,8,0,No limits,"Prohibit candidate;
 allow PAC",1:1 match,Eliminate
Static,77,9,0,No limits,"Prohibit candidate;
 allow PAC",1:1 match,Eliminate
Static,77,10,0,No limits,"Prohibit candidate;
 allow PAC",1:1 match,Eliminate
Static,78,0,0.00520833333333333,"100,000","Prohibit candidate;
 allow PAC",1:1 match,Eliminate
Static,78,1,0,"100,000","Prohibit candidate;
 allow PAC",1:1 match,Eliminate
Static,78,2,0,"100,000","Prohibit candidate;
 allow PAC",1:1 match,Eliminate
Static,78,3,0,"100,000","Prohibit candidate;
 allow PAC",1:1 match,Eliminate
Static,78,4,0,"100,000","Prohibit candidate;
 allow PAC",1:1 match,Eliminate
Static,78,5,0,"100,000","Prohibit candidate;
 allow PAC",1:1 match,Eliminate
Static,78,6,0,"100,000","Prohibit candidate;
 allow PAC",1:1 match,Eliminate
Static,78,7,0,"100,000","Prohibit candidate;
 allow PAC",1:1 match,Eliminate
Static,78,8,0,"100,000","Prohibit candidate;
 allow PAC",1:1 match,Eliminate
Static,78,9,0,"100,000","Prohibit candidate;
 allow PAC",1:1 match,Eliminate
Static,78,10,0,"100,000","Prohibit candidate;
 allow PAC",1:1 match,Eliminate
Static,79,0,0.00520833333333333,"$1,000,000","Prohibit candidate;
 allow PAC",1:1 match,Eliminate
Static,79,1,0,"$1,000,000","Prohibit candidate;
 allow PAC",1:1 match,Eliminate
Static,79,2,0,"$1,000,000","Prohibit candidate;
 allow PAC",1:1 match,Eliminate
Static,79,3,0,"$1,000,000","Prohibit candidate;
 allow PAC",1:1 match,Eliminate
Static,79,4,0,"$1,000,000","Prohibit candidate;
 allow PAC",1:1 match,Eliminate
Static,79,5,0,"$1,000,000","Prohibit candidate;
 allow PAC",1:1 match,Eliminate
Static,79,6,0,"$1,000,000","Prohibit candidate;
 allow PAC",1:1 match,Eliminate
Static,79,7,0,"$1,000,000","Prohibit candidate;
 allow PAC",1:1 match,Eliminate
Static,79,8,0,"$1,000,000","Prohibit candidate;
 allow PAC",1:1 match,Eliminate
Static,79,9,0,"$1,000,000","Prohibit candidate;
 allow PAC",1:1 match,Eliminate
Static,79,10,0,"$1,000,000","Prohibit candidate;
 allow PAC",1:1 match,Eliminate
Static,80,0,0.00520833333333333,"$10,000","Prohibit candidate;
 allow PAC",1:1 match,Eliminate
Static,80,1,0,"$10,000","Prohibit candidate;
 allow PAC",1:1 match,Eliminate
Static,80,2,0,"$10,000","Prohibit candidate;
 allow PAC",1:1 match,Eliminate
Static,80,3,0,"$10,000","Prohibit candidate;
 allow PAC",1:1 match,Eliminate
Static,80,4,0,"$10,000","Prohibit candidate;
 allow PAC",1:1 match,Eliminate
Static,80,5,0,"$10,000","Prohibit candidate;
 allow PAC",1:1 match,Eliminate
Static,80,6,0,"$10,000","Prohibit candidate;
 allow PAC",1:1 match,Eliminate
Static,80,7,0,"$10,000","Prohibit candidate;
 allow PAC",1:1 match,Eliminate
Static,80,8,0,"$10,000","Prohibit candidate;
 allow PAC",1:1 match,Eliminate
Static,80,9,0,"$10,000","Prohibit candidate;
 allow PAC",1:1 match,Eliminate
Static,80,10,0,"$10,000","Prohibit candidate;
 allow PAC",1:1 match,Eliminate
Static,81,0,0.00520833333333333,No limits,Allow all,1:1 match,Eliminate
Static,81,1,0,No limits,Allow all,1:1 match,Eliminate
Static,81,2,0,No limits,Allow all,1:1 match,Eliminate
Static,81,3,0,No limits,Allow all,1:1 match,Eliminate
Static,81,4,0,No limits,Allow all,1:1 match,Eliminate
Static,81,5,0,No limits,Allow all,1:1 match,Eliminate
Static,81,6,0,No limits,Allow all,1:1 match,Eliminate
Static,81,7,0,No limits,Allow all,1:1 match,Eliminate
Static,81,8,0,No limits,Allow all,1:1 match,Eliminate
Static,81,9,0,No limits,Allow all,1:1 match,Eliminate
Static,81,10,0,No limits,Allow all,1:1 match,Eliminate
Static,82,0,0.00520833333333333,"100,000",Allow all,1:1 match,Eliminate
Static,82,1,0,"100,000",Allow all,1:1 match,Eliminate
Static,82,2,0,"100,000",Allow all,1:1 match,Eliminate
Static,82,3,0,"100,000",Allow all,1:1 match,Eliminate
Static,82,4,0,"100,000",Allow all,1:1 match,Eliminate
Static,82,5,0,"100,000",Allow all,1:1 match,Eliminate
Static,82,6,0,"100,000",Allow all,1:1 match,Eliminate
Static,82,7,0,"100,000",Allow all,1:1 match,Eliminate
Static,82,8,0,"100,000",Allow all,1:1 match,Eliminate
Static,82,9,0,"100,000",Allow all,1:1 match,Eliminate
Static,82,10,0,"100,000",Allow all,1:1 match,Eliminate
Static,83,0,0.00520833333333333,"$1,000,000",Allow all,1:1 match,Eliminate
Static,83,1,0,"$1,000,000",Allow all,1:1 match,Eliminate
Static,83,2,0,"$1,000,000",Allow all,1:1 match,Eliminate
Static,83,3,0,"$1,000,000",Allow all,1:1 match,Eliminate
Static,83,4,0,"$1,000,000",Allow all,1:1 match,Eliminate
Static,83,5,0,"$1,000,000",Allow all,1:1 match,Eliminate
Static,83,6,0,"$1,000,000",Allow all,1:1 match,Eliminate
Static,83,7,0,"$1,000,000",Allow all,1:1 match,Eliminate
Static,83,8,0,"$1,000,000",Allow all,1:1 match,Eliminate
Static,83,9,0,"$1,000,000",Allow all,1:1 match,Eliminate
Static,83,10,0,"$1,000,000",Allow all,1:1 match,Eliminate
Static,84,0,0.00520833333333333,"$10,000",Allow all,1:1 match,Eliminate
Static,84,1,0,"$10,000",Allow all,1:1 match,Eliminate
Static,84,2,0,"$10,000",Allow all,1:1 match,Eliminate
Static,84,3,0,"$10,000",Allow all,1:1 match,Eliminate
Static,84,4,0,"$10,000",Allow all,1:1 match,Eliminate
Static,84,5,0,"$10,000",Allow all,1:1 match,Eliminate
Static,84,6,0,"$10,000",Allow all,1:1 match,Eliminate
Static,84,7,0,"$10,000",Allow all,1:1 match,Eliminate
Static,84,8,0,"$10,000",Allow all,1:1 match,Eliminate
Static,84,9,0,"$10,000",Allow all,1:1 match,Eliminate
Static,84,10,0,"$10,000",Allow all,1:1 match,Eliminate
Static,85,0,0.00520833333333333,No limits,Prohibit all,Maintain status quo,Eliminate
Static,85,1,0,No limits,Prohibit all,Maintain status quo,Eliminate
Static,85,2,0,No limits,Prohibit all,Maintain status quo,Eliminate
Static,85,3,0,No limits,Prohibit all,Maintain status quo,Eliminate
Static,85,4,0,No limits,Prohibit all,Maintain status quo,Eliminate
Static,85,5,0,No limits,Prohibit all,Maintain status quo,Eliminate
Static,85,6,0,No limits,Prohibit all,Maintain status quo,Eliminate
Static,85,7,0,No limits,Prohibit all,Maintain status quo,Eliminate
Static,85,8,0,No limits,Prohibit all,Maintain status quo,Eliminate
Static,85,9,0,No limits,Prohibit all,Maintain status quo,Eliminate
Static,85,10,0,No limits,Prohibit all,Maintain status quo,Eliminate
Static,86,0,0.00520833333333333,"100,000",Prohibit all,Maintain status quo,Eliminate
Static,86,1,0,"100,000",Prohibit all,Maintain status quo,Eliminate
Static,86,2,0,"100,000",Prohibit all,Maintain status quo,Eliminate
Static,86,3,0,"100,000",Prohibit all,Maintain status quo,Eliminate
Static,86,4,0,"100,000",Prohibit all,Maintain status quo,Eliminate
Static,86,5,0,"100,000",Prohibit all,Maintain status quo,Eliminate
Static,86,6,0,"100,000",Prohibit all,Maintain status quo,Eliminate
Static,86,7,0,"100,000",Prohibit all,Maintain status quo,Eliminate
Static,86,8,0,"100,000",Prohibit all,Maintain status quo,Eliminate
Static,86,9,0,"100,000",Prohibit all,Maintain status quo,Eliminate
Static,86,10,0,"100,000",Prohibit all,Maintain status quo,Eliminate
Static,87,0,0.00520833333333333,"$1,000,000",Prohibit all,Maintain status quo,Eliminate
Static,87,1,0,"$1,000,000",Prohibit all,Maintain status quo,Eliminate
Static,87,2,0,"$1,000,000",Prohibit all,Maintain status quo,Eliminate
Static,87,3,0,"$1,000,000",Prohibit all,Maintain status quo,Eliminate
Static,87,4,0,"$1,000,000",Prohibit all,Maintain status quo,Eliminate
Static,87,5,0,"$1,000,000",Prohibit all,Maintain status quo,Eliminate
Static,87,6,0,"$1,000,000",Prohibit all,Maintain status quo,Eliminate
Static,87,7,0,"$1,000,000",Prohibit all,Maintain status quo,Eliminate
Static,87,8,0,"$1,000,000",Prohibit all,Maintain status quo,Eliminate
Static,87,9,0,"$1,000,000",Prohibit all,Maintain status quo,Eliminate
Static,87,10,0,"$1,000,000",Prohibit all,Maintain status quo,Eliminate
Static,88,0,0.00520833333333333,"$10,000",Prohibit all,Maintain status quo,Eliminate
Static,88,1,0,"$10,000",Prohibit all,Maintain status quo,Eliminate
Static,88,2,0,"$10,000",Prohibit all,Maintain status quo,Eliminate
Static,88,3,0,"$10,000",Prohibit all,Maintain status quo,Eliminate
Static,88,4,0,"$10,000",Prohibit all,Maintain status quo,Eliminate
Static,88,5,0,"$10,000",Prohibit all,Maintain status quo,Eliminate
Static,88,6,0,"$10,000",Prohibit all,Maintain status quo,Eliminate
Static,88,7,0,"$10,000",Prohibit all,Maintain status quo,Eliminate
Static,88,8,0,"$10,000",Prohibit all,Maintain status quo,Eliminate
Static,88,9,0,"$10,000",Prohibit all,Maintain status quo,Eliminate
Static,88,10,0,"$10,000",Prohibit all,Maintain status quo,Eliminate
Static,89,0,0.00520833333333333,No limits,"Prohibit candidate;
 allow PAC",Maintain status quo,Eliminate
Static,89,1,0,No limits,"Prohibit candidate;
 allow PAC",Maintain status quo,Eliminate
Static,89,2,0,No limits,"Prohibit candidate;
 allow PAC",Maintain status quo,Eliminate
Static,89,3,0,No limits,"Prohibit candidate;
 allow PAC",Maintain status quo,Eliminate
Static,89,4,0,No limits,"Prohibit candidate;
 allow PAC",Maintain status quo,Eliminate
Static,89,5,0,No limits,"Prohibit candidate;
 allow PAC",Maintain status quo,Eliminate
Static,89,6,0,No limits,"Prohibit candidate;
 allow PAC",Maintain status quo,Eliminate
Static,89,7,0,No limits,"Prohibit candidate;
 allow PAC",Maintain status quo,Eliminate
Static,89,8,0,No limits,"Prohibit candidate;
 allow PAC",Maintain status quo,Eliminate
Static,89,9,0,No limits,"Prohibit candidate;
 allow PAC",Maintain status quo,Eliminate
Static,89,10,0,No limits,"Prohibit candidate;
 allow PAC",Maintain status quo,Eliminate
Static,90,0,0.00520833333333333,"100,000","Prohibit candidate;
 allow PAC",Maintain status quo,Eliminate
Static,90,1,0,"100,000","Prohibit candidate;
 allow PAC",Maintain status quo,Eliminate
Static,90,2,0,"100,000","Prohibit candidate;
 allow PAC",Maintain status quo,Eliminate
Static,90,3,0,"100,000","Prohibit candidate;
 allow PAC",Maintain status quo,Eliminate
Static,90,4,0,"100,000","Prohibit candidate;
 allow PAC",Maintain status quo,Eliminate
Static,90,5,0,"100,000","Prohibit candidate;
 allow PAC",Maintain status quo,Eliminate
Static,90,6,0,"100,000","Prohibit candidate;
 allow PAC",Maintain status quo,Eliminate
Static,90,7,0,"100,000","Prohibit candidate;
 allow PAC",Maintain status quo,Eliminate
Static,90,8,0,"100,000","Prohibit candidate;
 allow PAC",Maintain status quo,Eliminate
Static,90,9,0,"100,000","Prohibit candidate;
 allow PAC",Maintain status quo,Eliminate
Static,90,10,0,"100,000","Prohibit candidate;
 allow PAC",Maintain status quo,Eliminate
Static,91,0,0.00520833333333333,"$1,000,000","Prohibit candidate;
 allow PAC",Maintain status quo,Eliminate
Static,91,1,0,"$1,000,000","Prohibit candidate;
 allow PAC",Maintain status quo,Eliminate
Static,91,2,0,"$1,000,000","Prohibit candidate;
 allow PAC",Maintain status quo,Eliminate
Static,91,3,0,"$1,000,000","Prohibit candidate;
 allow PAC",Maintain status quo,Eliminate
Static,91,4,0,"$1,000,000","Prohibit candidate;
 allow PAC",Maintain status quo,Eliminate
Static,91,5,0,"$1,000,000","Prohibit candidate;
 allow PAC",Maintain status quo,Eliminate
Static,91,6,0,"$1,000,000","Prohibit candidate;
 allow PAC",Maintain status quo,Eliminate
Static,91,7,0,"$1,000,000","Prohibit candidate;
 allow PAC",Maintain status quo,Eliminate
Static,91,8,0,"$1,000,000","Prohibit candidate;
 allow PAC",Maintain status quo,Eliminate
Static,91,9,0,"$1,000,000","Prohibit candidate;
 allow PAC",Maintain status quo,Eliminate
Static,91,10,0,"$1,000,000","Prohibit candidate;
 allow PAC",Maintain status quo,Eliminate
Static,92,0,0.00520833333333333,"$10,000","Prohibit candidate;
 allow PAC",Maintain status quo,Eliminate
Static,92,1,0,"$10,000","Prohibit candidate;
 allow PAC",Maintain status quo,Eliminate
Static,92,2,0,"$10,000","Prohibit candidate;
 allow PAC",Maintain status quo,Eliminate
Static,92,3,0,"$10,000","Prohibit candidate;
 allow PAC",Maintain status quo,Eliminate
Static,92,4,0,"$10,000","Prohibit candidate;
 allow PAC",Maintain status quo,Eliminate
Static,92,5,0,"$10,000","Prohibit candidate;
 allow PAC",Maintain status quo,Eliminate
Static,92,6,0,"$10,000","Prohibit candidate;
 allow PAC",Maintain status quo,Eliminate
Static,92,7,0,"$10,000","Prohibit candidate;
 allow PAC",Maintain status quo,Eliminate
Static,92,8,0,"$10,000","Prohibit candidate;
 allow PAC",Maintain status quo,Eliminate
Static,92,9,0,"$10,000","Prohibit candidate;
 allow PAC",Maintain status quo,Eliminate
Static,92,10,0,"$10,000","Prohibit candidate;
 allow PAC",Maintain status quo,Eliminate
Static,93,0,0.00520833333333333,No limits,Allow all,Maintain status quo,Eliminate
Static,93,1,0,No limits,Allow all,Maintain status quo,Eliminate
Static,93,2,0,No limits,Allow all,Maintain status quo,Eliminate
Static,93,3,0,No limits,Allow all,Maintain status quo,Eliminate
Static,93,4,0,No limits,Allow all,Maintain status quo,Eliminate
Static,93,5,0,No limits,Allow all,Maintain status quo,Eliminate
Static,93,6,0,No limits,Allow all,Maintain status quo,Eliminate
Static,93,7,0,No limits,Allow all,Maintain status quo,Eliminate
Static,93,8,0,No limits,Allow all,Maintain status quo,Eliminate
Static,93,9,0,No limits,Allow all,Maintain status quo,Eliminate
Static,93,10,0,No limits,Allow all,Maintain status quo,Eliminate
Static,94,0,0.00520833333333333,"100,000",Allow all,Maintain status quo,Eliminate
Static,94,1,0,"100,000",Allow all,Maintain status quo,Eliminate
Static,94,2,0,"100,000",Allow all,Maintain status quo,Eliminate
Static,94,3,0,"100,000",Allow all,Maintain status quo,Eliminate
Static,94,4,0,"100,000",Allow all,Maintain status quo,Eliminate
Static,94,5,0,"100,000",Allow all,Maintain status quo,Eliminate
Static,94,6,0,"100,000",Allow all,Maintain status quo,Eliminate
Static,94,7,0,"100,000",Allow all,Maintain status quo,Eliminate
Static,94,8,0,"100,000",Allow all,Maintain status quo,Eliminate
Static,94,9,0,"100,000",Allow all,Maintain status quo,Eliminate
Static,94,10,0,"100,000",Allow all,Maintain status quo,Eliminate
Static,95,0,0.00520833333333333,"$1,000,000",Allow all,Maintain status quo,Eliminate
Static,95,1,0,"$1,000,000",Allow all,Maintain status quo,Eliminate
Static,95,2,0,"$1,000,000",Allow all,Maintain status quo,Eliminate
Static,95,3,0,"$1,000,000",Allow all,Maintain status quo,Eliminate
Static,95,4,0,"$1,000,000",Allow all,Maintain status quo,Eliminate
Static,95,5,0,"$1,000,000",Allow all,Maintain status quo,Eliminate
Static,95,6,0,"$1,000,000",Allow all,Maintain status quo,Eliminate
Static,95,7,0,"$1,000,000",Allow all,Maintain status quo,Eliminate
Static,95,8,0,"$1,000,000",Allow all,Maintain status quo,Eliminate
Static,95,9,0,"$1,000,000",Allow all,Maintain status quo,Eliminate
Static,95,10,0,"$1,000,000",Allow all,Maintain status quo,Eliminate
Static,96,0,0.00520833333333333,"$10,000",Allow all,Maintain status quo,Eliminate
Static,96,1,0,"$10,000",Allow all,Maintain status quo,Eliminate
Static,96,2,0,"$10,000",Allow all,Maintain status quo,Eliminate
Static,96,3,0,"$10,000",Allow all,Maintain status quo,Eliminate
Static,96,4,0,"$10,000",Allow all,Maintain status quo,Eliminate
Static,96,5,0,"$10,000",Allow all,Maintain status quo,Eliminate
Static,96,6,0,"$10,000",Allow all,Maintain status quo,Eliminate
Static,96,7,0,"$10,000",Allow all,Maintain status quo,Eliminate
Static,96,8,0,"$10,000",Allow all,Maintain status quo,Eliminate
Static,96,9,0,"$10,000",Allow all,Maintain status quo,Eliminate
Static,96,10,0,"$10,000",Allow all,Maintain status quo,Eliminate
Static,97,0,0.00520833333333333,No limits,Prohibit all,Prohibit all,Disclose > $500
Static,97,1,7.4e-4,No limits,Prohibit all,Prohibit all,Disclose > $500
Static,97,2,1.8e-4,No limits,Prohibit all,Prohibit all,Disclose > $500
Static,97,3,1e-5,No limits,Prohibit all,Prohibit all,Disclose > $500
Static,97,4,0,No limits,Prohibit all,Prohibit all,Disclose > $500
Static,97,5,0,No limits,Prohibit all,Prohibit all,Disclose > $500
Static,97,6,0,No limits,Prohibit all,Prohibit all,Disclose > $500
Static,97,7,0,No limits,Prohibit all,Prohibit all,Disclose > $500
Static,97,8,0,No limits,Prohibit all,Prohibit all,Disclose > $500
Static,97,9,0,No limits,Prohibit all,Prohibit all,Disclose > $500
Static,97,10,0,No limits,Prohibit all,Prohibit all,Disclose > $500
Static,98,0,0.00520833333333333,"100,000",Prohibit all,Prohibit all,Disclose > $500
Static,98,1,0.01485,"100,000",Prohibit all,Prohibit all,Disclose > $500
Static,98,2,0.02144,"100,000",Prohibit all,Prohibit all,Disclose > $500
Static,98,3,0.01443,"100,000",Prohibit all,Prohibit all,Disclose > $500
Static,98,4,0.01052,"100,000",Prohibit all,Prohibit all,Disclose > $500
Static,98,5,0.00724,"100,000",Prohibit all,Prohibit all,Disclose > $500
Static,98,6,0.00612,"100,000",Prohibit all,Prohibit all,Disclose > $500
Static,98,7,0.01752,"100,000",Prohibit all,Prohibit all,Disclose > $500
Static,98,8,0.00777,"100,000",Prohibit all,Prohibit all,Disclose > $500
Static,98,9,0.00766,"100,000",Prohibit all,Prohibit all,Disclose > $500
Static,98,10,0.00806,"100,000",Prohibit all,Prohibit all,Disclose > $500
Static,99,0,0.00520833333333333,"$1,000,000",Prohibit all,Prohibit all,Disclose > $500
Static,99,1,0.00809,"$1,000,000",Prohibit all,Prohibit all,Disclose > $500
Static,99,2,0.02875,"$1,000,000",Prohibit all,Prohibit all,Disclose > $500
Static,99,3,0.05006,"$1,000,000",Prohibit all,Prohibit all,Disclose > $500
Static,99,4,0.00621,"$1,000,000",Prohibit all,Prohibit all,Disclose > $500
Static,99,5,0.00352,"$1,000,000",Prohibit all,Prohibit all,Disclose > $500
Static,99,6,0.00239,"$1,000,000",Prohibit all,Prohibit all,Disclose > $500
Static,99,7,0.00748,"$1,000,000",Prohibit all,Prohibit all,Disclose > $500
Static,99,8,0.00295,"$1,000,000",Prohibit all,Prohibit all,Disclose > $500
Static,99,9,0.00322,"$1,000,000",Prohibit all,Prohibit all,Disclose > $500
Static,99,10,0.00466,"$1,000,000",Prohibit all,Prohibit all,Disclose > $500
Static,100,0,0.00520833333333333,"$10,000",Prohibit all,Prohibit all,Disclose > $500
Static,100,1,0.07194,"$10,000",Prohibit all,Prohibit all,Disclose > $500
Static,100,2,0.17888,"$10,000",Prohibit all,Prohibit all,Disclose > $500
Static,100,3,0.3165,"$10,000",Prohibit all,Prohibit all,Disclose > $500
Static,100,4,0.11556,"$10,000",Prohibit all,Prohibit all,Disclose > $500
Static,100,5,0.04544,"$10,000",Prohibit all,Prohibit all,Disclose > $500
Static,100,6,0.08738,"$10,000",Prohibit all,Prohibit all,Disclose > $500
Static,100,7,0.09499,"$10,000",Prohibit all,Prohibit all,Disclose > $500
Static,100,8,0.06085,"$10,000",Prohibit all,Prohibit all,Disclose > $500
Static,100,9,0.12475,"$10,000",Prohibit all,Prohibit all,Disclose > $500
Static,100,10,0.13972,"$10,000",Prohibit all,Prohibit all,Disclose > $500
Static,101,0,0.00520833333333333,No limits,"Prohibit candidate;
 allow PAC",Prohibit all,Disclose > $500
Static,101,1,7e-5,No limits,"Prohibit candidate;
 allow PAC",Prohibit all,Disclose > $500
Static,101,2,0,No limits,"Prohibit candidate;
 allow PAC",Prohibit all,Disclose > $500
Static,101,3,0,No limits,"Prohibit candidate;
 allow PAC",Prohibit all,Disclose > $500
Static,101,4,0,No limits,"Prohibit candidate;
 allow PAC",Prohibit all,Disclose > $500
Static,101,5,0,No limits,"Prohibit candidate;
 allow PAC",Prohibit all,Disclose > $500
Static,101,6,0,No limits,"Prohibit candidate;
 allow PAC",Prohibit all,Disclose > $500
Static,101,7,0,No limits,"Prohibit candidate;
 allow PAC",Prohibit all,Disclose > $500
Static,101,8,0,No limits,"Prohibit candidate;
 allow PAC",Prohibit all,Disclose > $500
Static,101,9,0,No limits,"Prohibit candidate;
 allow PAC",Prohibit all,Disclose > $500
Static,101,10,0,No limits,"Prohibit candidate;
 allow PAC",Prohibit all,Disclose > $500
Static,102,0,0.00520833333333333,"100,000","Prohibit candidate;
 allow PAC",Prohibit all,Disclose > $500
Static,102,1,0.00112,"100,000","Prohibit candidate;
 allow PAC",Prohibit all,Disclose > $500
Static,102,2,2.9e-4,"100,000","Prohibit candidate;
 allow PAC",Prohibit all,Disclose > $500
Static,102,3,1.8e-4,"100,000","Prohibit candidate;
 allow PAC",Prohibit all,Disclose > $500
Static,102,4,3e-5,"100,000","Prohibit candidate;
 allow PAC",Prohibit all,Disclose > $500
Static,102,5,1e-5,"100,000","Prohibit candidate;
 allow PAC",Prohibit all,Disclose > $500
Static,102,6,5e-5,"100,000","Prohibit candidate;
 allow PAC",Prohibit all,Disclose > $500
Static,102,7,3e-5,"100,000","Prohibit candidate;
 allow PAC",Prohibit all,Disclose > $500
Static,102,8,0,"100,000","Prohibit candidate;
 allow PAC",Prohibit all,Disclose > $500
Static,102,9,0,"100,000","Prohibit candidate;
 allow PAC",Prohibit all,Disclose > $500
Static,102,10,0,"100,000","Prohibit candidate;
 allow PAC",Prohibit all,Disclose > $500
Static,103,0,0.00520833333333333,"$1,000,000","Prohibit candidate;
 allow PAC",Prohibit all,Disclose > $500
Static,103,1,6e-4,"$1,000,000","Prohibit candidate;
 allow PAC",Prohibit all,Disclose > $500
Static,103,2,3.5e-4,"$1,000,000","Prohibit candidate;
 allow PAC",Prohibit all,Disclose > $500
Static,103,3,6.9e-4,"$1,000,000","Prohibit candidate;
 allow PAC",Prohibit all,Disclose > $500
Static,103,4,3e-5,"$1,000,000","Prohibit candidate;
 allow PAC",Prohibit all,Disclose > $500
Static,103,5,0,"$1,000,000","Prohibit candidate;
 allow PAC",Prohibit all,Disclose > $500
Static,103,6,0,"$1,000,000","Prohibit candidate;
 allow PAC",Prohibit all,Disclose > $500
Static,103,7,2e-5,"$1,000,000","Prohibit candidate;
 allow PAC",Prohibit all,Disclose > $500
Static,103,8,0,"$1,000,000","Prohibit candidate;
 allow PAC",Prohibit all,Disclose > $500
Static,103,9,0,"$1,000,000","Prohibit candidate;
 allow PAC",Prohibit all,Disclose > $500
Static,103,10,0,"$1,000,000","Prohibit candidate;
 allow PAC",Prohibit all,Disclose > $500
Static,104,0,0.00520833333333333,"$10,000","Prohibit candidate;
 allow PAC",Prohibit all,Disclose > $500
Static,104,1,0.00455,"$10,000","Prohibit candidate;
 allow PAC",Prohibit all,Disclose > $500
Static,104,2,0.00157,"$10,000","Prohibit candidate;
 allow PAC",Prohibit all,Disclose > $500
Static,104,3,0.00338,"$10,000","Prohibit candidate;
 allow PAC",Prohibit all,Disclose > $500
Static,104,4,2.9e-4,"$10,000","Prohibit candidate;
 allow PAC",Prohibit all,Disclose > $500
Static,104,5,7e-5,"$10,000","Prohibit candidate;
 allow PAC",Prohibit all,Disclose > $500
Static,104,6,3e-4,"$10,000","Prohibit candidate;
 allow PAC",Prohibit all,Disclose > $500
Static,104,7,9e-5,"$10,000","Prohibit candidate;
 allow PAC",Prohibit all,Disclose > $500
Static,104,8,7e-5,"$10,000","Prohibit candidate;
 allow PAC",Prohibit all,Disclose > $500
Static,104,9,0,"$10,000","Prohibit candidate;
 allow PAC",Prohibit all,Disclose > $500
Static,104,10,1e-5,"$10,000","Prohibit candidate;
 allow PAC",Prohibit all,Disclose > $500
Static,105,0,0.00520833333333333,No limits,Allow all,Prohibit all,Disclose > $500
Static,105,1,1.7e-4,No limits,Allow all,Prohibit all,Disclose > $500
Static,105,2,0,No limits,Allow all,Prohibit all,Disclose > $500
Static,105,3,0,No limits,Allow all,Prohibit all,Disclose > $500
Static,105,4,0,No limits,Allow all,Prohibit all,Disclose > $500
Static,105,5,0,No limits,Allow all,Prohibit all,Disclose > $500
Static,105,6,0,No limits,Allow all,Prohibit all,Disclose > $500
Static,105,7,0,No limits,Allow all,Prohibit all,Disclose > $500
Static,105,8,0,No limits,Allow all,Prohibit all,Disclose > $500
Static,105,9,0,No limits,Allow all,Prohibit all,Disclose > $500
Static,105,10,0,No limits,Allow all,Prohibit all,Disclose > $500
Static,106,0,0.00520833333333333,"100,000",Allow all,Prohibit all,Disclose > $500
Static,106,1,0.00214,"100,000",Allow all,Prohibit all,Disclose > $500
Static,106,2,0,"100,000",Allow all,Prohibit all,Disclose > $500
Static,106,3,0,"100,000",Allow all,Prohibit all,Disclose > $500
Static,106,4,0,"100,000",Allow all,Prohibit all,Disclose > $500
Static,106,5,0,"100,000",Allow all,Prohibit all,Disclose > $500
Static,106,6,0,"100,000",Allow all,Prohibit all,Disclose > $500
Static,106,7,0,"100,000",Allow all,Prohibit all,Disclose > $500
Static,106,8,0,"100,000",Allow all,Prohibit all,Disclose > $500
Static,106,9,0,"100,000",Allow all,Prohibit all,Disclose > $500
Static,106,10,0,"100,000",Allow all,Prohibit all,Disclose > $500
Static,107,0,0.00520833333333333,"$1,000,000",Allow all,Prohibit all,Disclose > $500
Static,107,1,7.3e-4,"$1,000,000",Allow all,Prohibit all,Disclose > $500
Static,107,2,2e-5,"$1,000,000",Allow all,Prohibit all,Disclose > $500
Static,107,3,0,"$1,000,000",Allow all,Prohibit all,Disclose > $500
Static,107,4,0,"$1,000,000",Allow all,Prohibit all,Disclose > $500
Static,107,5,0,"$1,000,000",Allow all,Prohibit all,Disclose > $500
Static,107,6,0,"$1,000,000",Allow all,Prohibit all,Disclose > $500
Static,107,7,0,"$1,000,000",Allow all,Prohibit all,Disclose > $500
Static,107,8,0,"$1,000,000",Allow all,Prohibit all,Disclose > $500
Static,107,9,0,"$1,000,000",Allow all,Prohibit all,Disclose > $500
Static,107,10,0,"$1,000,000",Allow all,Prohibit all,Disclose > $500
Static,108,0,0.00520833333333333,"$10,000",Allow all,Prohibit all,Disclose > $500
Static,108,1,0.00823,"$10,000",Allow all,Prohibit all,Disclose > $500
Static,108,2,7e-5,"$10,000",Allow all,Prohibit all,Disclose > $500
Static,108,3,0,"$10,000",Allow all,Prohibit all,Disclose > $500
Static,108,4,1e-5,"$10,000",Allow all,Prohibit all,Disclose > $500
Static,108,5,0,"$10,000",Allow all,Prohibit all,Disclose > $500
Static,108,6,0,"$10,000",Allow all,Prohibit all,Disclose > $500
Static,108,7,0,"$10,000",Allow all,Prohibit all,Disclose > $500
Static,108,8,0,"$10,000",Allow all,Prohibit all,Disclose > $500
Static,108,9,0,"$10,000",Allow all,Prohibit all,Disclose > $500
Static,108,10,0,"$10,000",Allow all,Prohibit all,Disclose > $500
Static,109,0,0.00520833333333333,No limits,Prohibit all,5:1 match,Disclose > $500
Static,109,1,3e-5,No limits,Prohibit all,5:1 match,Disclose > $500
Static,109,2,0,No limits,Prohibit all,5:1 match,Disclose > $500
Static,109,3,0,No limits,Prohibit all,5:1 match,Disclose > $500
Static,109,4,0,No limits,Prohibit all,5:1 match,Disclose > $500
Static,109,5,0,No limits,Prohibit all,5:1 match,Disclose > $500
Static,109,6,0,No limits,Prohibit all,5:1 match,Disclose > $500
Static,109,7,0,No limits,Prohibit all,5:1 match,Disclose > $500
Static,109,8,0,No limits,Prohibit all,5:1 match,Disclose > $500
Static,109,9,0,No limits,Prohibit all,5:1 match,Disclose > $500
Static,109,10,0,No limits,Prohibit all,5:1 match,Disclose > $500
Static,110,0,0.00520833333333333,"100,000",Prohibit all,5:1 match,Disclose > $500
Static,110,1,2.6e-4,"100,000",Prohibit all,5:1 match,Disclose > $500
Static,110,2,8.9e-4,"100,000",Prohibit all,5:1 match,Disclose > $500
Static,110,3,6.6e-4,"100,000",Prohibit all,5:1 match,Disclose > $500
Static,110,4,4.6e-4,"100,000",Prohibit all,5:1 match,Disclose > $500
Static,110,5,5.6e-4,"100,000",Prohibit all,5:1 match,Disclose > $500
Static,110,6,4.6e-4,"100,000",Prohibit all,5:1 match,Disclose > $500
Static,110,7,0.00143,"100,000",Prohibit all,5:1 match,Disclose > $500
Static,110,8,0.00153,"100,000",Prohibit all,5:1 match,Disclose > $500
Static,110,9,9.4e-4,"100,000",Prohibit all,5:1 match,Disclose > $500
Static,110,10,0.00135,"100,000",Prohibit all,5:1 match,Disclose > $500
Static,111,0,0.00520833333333333,"$1,000,000",Prohibit all,5:1 match,Disclose > $500
Static,111,1,1.7e-4,"$1,000,000",Prohibit all,5:1 match,Disclose > $500
Static,111,2,0.00127,"$1,000,000",Prohibit all,5:1 match,Disclose > $500
Static,111,3,0.00239,"$1,000,000",Prohibit all,5:1 match,Disclose > $500
Static,111,4,2.4e-4,"$1,000,000",Prohibit all,5:1 match,Disclose > $500
Static,111,5,3.2e-4,"$1,000,000",Prohibit all,5:1 match,Disclose > $500
Static,111,6,2.1e-4,"$1,000,000",Prohibit all,5:1 match,Disclose > $500
Static,111,7,6.7e-4,"$1,000,000",Prohibit all,5:1 match,Disclose > $500
Static,111,8,6.6e-4,"$1,000,000",Prohibit all,5:1 match,Disclose > $500
Static,111,9,4.2e-4,"$1,000,000",Prohibit all,5:1 match,Disclose > $500
Static,111,10,8.5e-4,"$1,000,000",Prohibit all,5:1 match,Disclose > $500
Static,112,0,0.00520833333333333,"$10,000",Prohibit all,5:1 match,Disclose > $500
Static,112,1,0.00162,"$10,000",Prohibit all,5:1 match,Disclose > $500
Static,112,2,0.00836,"$10,000",Prohibit all,5:1 match,Disclose > $500
Static,112,3,0.01543,"$10,000",Prohibit all,5:1 match,Disclose > $500
Static,112,4,0.00439,"$10,000",Prohibit all,5:1 match,Disclose > $500
Static,112,5,0.00348,"$10,000",Prohibit all,5:1 match,Disclose > $500
Static,112,6,0.00595,"$10,000",Prohibit all,5:1 match,Disclose > $500
Static,112,7,0.00727,"$10,000",Prohibit all,5:1 match,Disclose > $500
Static,112,8,0.01293,"$10,000",Prohibit all,5:1 match,Disclose > $500
Static,112,9,0.01568,"$10,000",Prohibit all,5:1 match,Disclose > $500
Static,112,10,0.02382,"$10,000",Prohibit all,5:1 match,Disclose > $500
Static,113,0,0.00520833333333333,No limits,"Prohibit candidate;
 allow PAC",5:1 match,Disclose > $500
Static,113,1,0,No limits,"Prohibit candidate;
 allow PAC",5:1 match,Disclose > $500
Static,113,2,0,No limits,"Prohibit candidate;
 allow PAC",5:1 match,Disclose > $500
Static,113,3,0,No limits,"Prohibit candidate;
 allow PAC",5:1 match,Disclose > $500
Static,113,4,0,No limits,"Prohibit candidate;
 allow PAC",5:1 match,Disclose > $500
Static,113,5,0,No limits,"Prohibit candidate;
 allow PAC",5:1 match,Disclose > $500
Static,113,6,0,No limits,"Prohibit candidate;
 allow PAC",5:1 match,Disclose > $500
Static,113,7,0,No limits,"Prohibit candidate;
 allow PAC",5:1 match,Disclose > $500
Static,113,8,0,No limits,"Prohibit candidate;
 allow PAC",5:1 match,Disclose > $500
Static,113,9,0,No limits,"Prohibit candidate;
 allow PAC",5:1 match,Disclose > $500
Static,113,10,0,No limits,"Prohibit candidate;
 allow PAC",5:1 match,Disclose > $500
Static,114,0,0.00520833333333333,"100,000","Prohibit candidate;
 allow PAC",5:1 match,Disclose > $500
Static,114,1,2e-5,"100,000","Prohibit candidate;
 allow PAC",5:1 match,Disclose > $500
Static,114,2,1e-5,"100,000","Prohibit candidate;
 allow PAC",5:1 match,Disclose > $500
Static,114,3,1e-5,"100,000","Prohibit candidate;
 allow PAC",5:1 match,Disclose > $500
Static,114,4,0,"100,000","Prohibit candidate;
 allow PAC",5:1 match,Disclose > $500
Static,114,5,0,"100,000","Prohibit candidate;
 allow PAC",5:1 match,Disclose > $500
Static,114,6,0,"100,000","Prohibit candidate;
 allow PAC",5:1 match,Disclose > $500
Static,114,7,0,"100,000","Prohibit candidate;
 allow PAC",5:1 match,Disclose > $500
Static,114,8,1e-5,"100,000","Prohibit candidate;
 allow PAC",5:1 match,Disclose > $500
Static,114,9,0,"100,000","Prohibit candidate;
 allow PAC",5:1 match,Disclose > $500
Static,114,10,0,"100,000","Prohibit candidate;
 allow PAC",5:1 match,Disclose > $500
Static,115,0,0.00520833333333333,"$1,000,000","Prohibit candidate;
 allow PAC",5:1 match,Disclose > $500
Static,115,1,0,"$1,000,000","Prohibit candidate;
 allow PAC",5:1 match,Disclose > $500
Static,115,2,2e-5,"$1,000,000","Prohibit candidate;
 allow PAC",5:1 match,Disclose > $500
Static,115,3,5e-5,"$1,000,000","Prohibit candidate;
 allow PAC",5:1 match,Disclose > $500
Static,115,4,0,"$1,000,000","Prohibit candidate;
 allow PAC",5:1 match,Disclose > $500
Static,115,5,0,"$1,000,000","Prohibit candidate;
 allow PAC",5:1 match,Disclose > $500
Static,115,6,0,"$1,000,000","Prohibit candidate;
 allow PAC",5:1 match,Disclose > $500
Static,115,7,0,"$1,000,000","Prohibit candidate;
 allow PAC",5:1 match,Disclose > $500
Static,115,8,0,"$1,000,000","Prohibit candidate;
 allow PAC",5:1 match,Disclose > $500
Static,115,9,0,"$1,000,000","Prohibit candidate;
 allow PAC",5:1 match,Disclose > $500
Static,115,10,0,"$1,000,000","Prohibit candidate;
 allow PAC",5:1 match,Disclose > $500
Static,116,0,0.00520833333333333,"$10,000","Prohibit candidate;
 allow PAC",5:1 match,Disclose > $500
Static,116,1,6e-5,"$10,000","Prohibit candidate;
 allow PAC",5:1 match,Disclose > $500
Static,116,2,9e-5,"$10,000","Prohibit candidate;
 allow PAC",5:1 match,Disclose > $500
Static,116,3,1.2e-4,"$10,000","Prohibit candidate;
 allow PAC",5:1 match,Disclose > $500
Static,116,4,1e-5,"$10,000","Prohibit candidate;
 allow PAC",5:1 match,Disclose > $500
Static,116,5,0,"$10,000","Prohibit candidate;
 allow PAC",5:1 match,Disclose > $500
Static,116,6,2e-5,"$10,000","Prohibit candidate;
 allow PAC",5:1 match,Disclose > $500
Static,116,7,1e-5,"$10,000","Prohibit candidate;
 allow PAC",5:1 match,Disclose > $500
Static,116,8,1e-5,"$10,000","Prohibit candidate;
 allow PAC",5:1 match,Disclose > $500
Static,116,9,0,"$10,000","Prohibit candidate;
 allow PAC",5:1 match,Disclose > $500
Static,116,10,0,"$10,000","Prohibit candidate;
 allow PAC",5:1 match,Disclose > $500
Static,117,0,0.00520833333333333,No limits,Allow all,5:1 match,Disclose > $500
Static,117,1,0,No limits,Allow all,5:1 match,Disclose > $500
Static,117,2,0,No limits,Allow all,5:1 match,Disclose > $500
Static,117,3,0,No limits,Allow all,5:1 match,Disclose > $500
Static,117,4,0,No limits,Allow all,5:1 match,Disclose > $500
Static,117,5,0,No limits,Allow all,5:1 match,Disclose > $500
Static,117,6,0,No limits,Allow all,5:1 match,Disclose > $500
Static,117,7,0,No limits,Allow all,5:1 match,Disclose > $500
Static,117,8,0,No limits,Allow all,5:1 match,Disclose > $500
Static,117,9,0,No limits,Allow all,5:1 match,Disclose > $500
Static,117,10,0,No limits,Allow all,5:1 match,Disclose > $500
Static,118,0,0.00520833333333333,"100,000",Allow all,5:1 match,Disclose > $500
Static,118,1,2e-5,"100,000",Allow all,5:1 match,Disclose > $500
Static,118,2,0,"100,000",Allow all,5:1 match,Disclose > $500
Static,118,3,0,"100,000",Allow all,5:1 match,Disclose > $500
Static,118,4,0,"100,000",Allow all,5:1 match,Disclose > $500
Static,118,5,0,"100,000",Allow all,5:1 match,Disclose > $500
Static,118,6,0,"100,000",Allow all,5:1 match,Disclose > $500
Static,118,7,0,"100,000",Allow all,5:1 match,Disclose > $500
Static,118,8,0,"100,000",Allow all,5:1 match,Disclose > $500
Static,118,9,0,"100,000",Allow all,5:1 match,Disclose > $500
Static,118,10,0,"100,000",Allow all,5:1 match,Disclose > $500
Static,119,0,0.00520833333333333,"$1,000,000",Allow all,5:1 match,Disclose > $500
Static,119,1,1e-5,"$1,000,000",Allow all,5:1 match,Disclose > $500
Static,119,2,0,"$1,000,000",Allow all,5:1 match,Disclose > $500
Static,119,3,0,"$1,000,000",Allow all,5:1 match,Disclose > $500
Static,119,4,0,"$1,000,000",Allow all,5:1 match,Disclose > $500
Static,119,5,0,"$1,000,000",Allow all,5:1 match,Disclose > $500
Static,119,6,0,"$1,000,000",Allow all,5:1 match,Disclose > $500
Static,119,7,0,"$1,000,000",Allow all,5:1 match,Disclose > $500
Static,119,8,0,"$1,000,000",Allow all,5:1 match,Disclose > $500
Static,119,9,0,"$1,000,000",Allow all,5:1 match,Disclose > $500
Static,119,10,0,"$1,000,000",Allow all,5:1 match,Disclose > $500
Static,120,0,0.00520833333333333,"$10,000",Allow all,5:1 match,Disclose > $500
Static,120,1,1.5e-4,"$10,000",Allow all,5:1 match,Disclose > $500
Static,120,2,1e-5,"$10,000",Allow all,5:1 match,Disclose > $500
Static,120,3,0,"$10,000",Allow all,5:1 match,Disclose > $500
Static,120,4,0,"$10,000",Allow all,5:1 match,Disclose > $500
Static,120,5,0,"$10,000",Allow all,5:1 match,Disclose > $500
Static,120,6,0,"$10,000",Allow all,5:1 match,Disclose > $500
Static,120,7,0,"$10,000",Allow all,5:1 match,Disclose > $500
Static,120,8,0,"$10,000",Allow all,5:1 match,Disclose > $500
Static,120,9,0,"$10,000",Allow all,5:1 match,Disclose > $500
Static,120,10,0,"$10,000",Allow all,5:1 match,Disclose > $500
Static,121,0,0.00520833333333333,No limits,Prohibit all,1:1 match,Disclose > $500
Static,121,1,4.3e-4,No limits,Prohibit all,1:1 match,Disclose > $500
Static,121,2,9e-5,No limits,Prohibit all,1:1 match,Disclose > $500
Static,121,3,0,No limits,Prohibit all,1:1 match,Disclose > $500
Static,121,4,0,No limits,Prohibit all,1:1 match,Disclose > $500
Static,121,5,0,No limits,Prohibit all,1:1 match,Disclose > $500
Static,121,6,0,No limits,Prohibit all,1:1 match,Disclose > $500
Static,121,7,0,No limits,Prohibit all,1:1 match,Disclose > $500
Static,121,8,0,No limits,Prohibit all,1:1 match,Disclose > $500
Static,121,9,0,No limits,Prohibit all,1:1 match,Disclose > $500
Static,121,10,0,No limits,Prohibit all,1:1 match,Disclose > $500
Static,122,0,0.00520833333333333,"100,000",Prohibit all,1:1 match,Disclose > $500
Static,122,1,0.01032,"100,000",Prohibit all,1:1 match,Disclose > $500
Static,122,2,0.0074,"100,000",Prohibit all,1:1 match,Disclose > $500
Static,122,3,0.00172,"100,000",Prohibit all,1:1 match,Disclose > $500
Static,122,4,0.00724,"100,000",Prohibit all,1:1 match,Disclose > $500
Static,122,5,0.00966,"100,000",Prohibit all,1:1 match,Disclose > $500
Static,122,6,0.01465,"100,000",Prohibit all,1:1 match,Disclose > $500
Static,122,7,0.01654,"100,000",Prohibit all,1:1 match,Disclose > $500
Static,122,8,0.02244,"100,000",Prohibit all,1:1 match,Disclose > $500
Static,122,9,0.01321,"100,000",Prohibit all,1:1 match,Disclose > $500
Static,122,10,0.01087,"100,000",Prohibit all,1:1 match,Disclose > $500
Static,123,0,0.00520833333333333,"$1,000,000",Prohibit all,1:1 match,Disclose > $500
Static,123,1,0.00395,"$1,000,000",Prohibit all,1:1 match,Disclose > $500
Static,123,2,0.00843,"$1,000,000",Prohibit all,1:1 match,Disclose > $500
Static,123,3,0.00549,"$1,000,000",Prohibit all,1:1 match,Disclose > $500
Static,123,4,0.00385,"$1,000,000",Prohibit all,1:1 match,Disclose > $500
Static,123,5,0.00431,"$1,000,000",Prohibit all,1:1 match,Disclose > $500
Static,123,6,0.00531,"$1,000,000",Prohibit all,1:1 match,Disclose > $500
Static,123,7,0.00665,"$1,000,000",Prohibit all,1:1 match,Disclose > $500
Static,123,8,0.00735,"$1,000,000",Prohibit all,1:1 match,Disclose > $500
Static,123,9,0.00539,"$1,000,000",Prohibit all,1:1 match,Disclose > $500
Static,123,10,0.00558,"$1,000,000",Prohibit all,1:1 match,Disclose > $500
Static,124,0,0.00520833333333333,"$10,000",Prohibit all,1:1 match,Disclose > $500
Static,124,1,0.04858,"$10,000",Prohibit all,1:1 match,Disclose > $500
Static,124,2,0.05965,"$10,000",Prohibit all,1:1 match,Disclose > $500
Static,124,3,0.03958,"$10,000",Prohibit all,1:1 match,Disclose > $500
Static,124,4,0.08914,"$10,000",Prohibit all,1:1 match,Disclose > $500
Static,124,5,0.07006,"$10,000",Prohibit all,1:1 match,Disclose > $500
Static,124,6,0.21168,"$10,000",Prohibit all,1:1 match,Disclose > $500
Static,124,7,0.08198,"$10,000",Prohibit all,1:1 match,Disclose > $500
Static,124,8,0.1735,"$10,000",Prohibit all,1:1 match,Disclose > $500
Static,124,9,0.229,"$10,000",Prohibit all,1:1 match,Disclose > $500
Static,124,10,0.19398,"$10,000",Prohibit all,1:1 match,Disclose > $500
Static,125,0,0.00520833333333333,No limits,"Prohibit candidate;
 allow PAC",1:1 match,Disclose > $500
Static,125,1,1.1e-4,No limits,"Prohibit candidate;
 allow PAC",1:1 match,Disclose > $500
Static,125,2,1e-5,No limits,"Prohibit candidate;
 allow PAC",1:1 match,Disclose > $500
Static,125,3,0,No limits,"Prohibit candidate;
 allow PAC",1:1 match,Disclose > $500
Static,125,4,0,No limits,"Prohibit candidate;
 allow PAC",1:1 match,Disclose > $500
Static,125,5,0,No limits,"Prohibit candidate;
 allow PAC",1:1 match,Disclose > $500
Static,125,6,0,No limits,"Prohibit candidate;
 allow PAC",1:1 match,Disclose > $500
Static,125,7,0,No limits,"Prohibit candidate;
 allow PAC",1:1 match,Disclose > $500
Static,125,8,0,No limits,"Prohibit candidate;
 allow PAC",1:1 match,Disclose > $500
Static,125,9,0,No limits,"Prohibit candidate;
 allow PAC",1:1 match,Disclose > $500
Static,125,10,0,No limits,"Prohibit candidate;
 allow PAC",1:1 match,Disclose > $500
Static,126,0,0.00520833333333333,"100,000","Prohibit candidate;
 allow PAC",1:1 match,Disclose > $500
Static,126,1,8.2e-4,"100,000","Prohibit candidate;
 allow PAC",1:1 match,Disclose > $500
Static,126,2,1.4e-4,"100,000","Prohibit candidate;
 allow PAC",1:1 match,Disclose > $500
Static,126,3,2e-5,"100,000","Prohibit candidate;
 allow PAC",1:1 match,Disclose > $500
Static,126,4,1e-5,"100,000","Prohibit candidate;
 allow PAC",1:1 match,Disclose > $500
Static,126,5,7e-5,"100,000","Prohibit candidate;
 allow PAC",1:1 match,Disclose > $500
Static,126,6,6e-5,"100,000","Prohibit candidate;
 allow PAC",1:1 match,Disclose > $500
Static,126,7,2e-5,"100,000","Prohibit candidate;
 allow PAC",1:1 match,Disclose > $500
Static,126,8,1e-5,"100,000","Prohibit candidate;
 allow PAC",1:1 match,Disclose > $500
Static,126,9,0,"100,000","Prohibit candidate;
 allow PAC",1:1 match,Disclose > $500
Static,126,10,0,"100,000","Prohibit candidate;
 allow PAC",1:1 match,Disclose > $500
Static,127,0,0.00520833333333333,"$1,000,000","Prohibit candidate;
 allow PAC",1:1 match,Disclose > $500
Static,127,1,3.4e-4,"$1,000,000","Prohibit candidate;
 allow PAC",1:1 match,Disclose > $500
Static,127,2,1.3e-4,"$1,000,000","Prohibit candidate;
 allow PAC",1:1 match,Disclose > $500
Static,127,3,9e-5,"$1,000,000","Prohibit candidate;
 allow PAC",1:1 match,Disclose > $500
Static,127,4,2e-5,"$1,000,000","Prohibit candidate;
 allow PAC",1:1 match,Disclose > $500
Static,127,5,0,"$1,000,000","Prohibit candidate;
 allow PAC",1:1 match,Disclose > $500
Static,127,6,2e-5,"$1,000,000","Prohibit candidate;
 allow PAC",1:1 match,Disclose > $500
Static,127,7,1e-5,"$1,000,000","Prohibit candidate;
 allow PAC",1:1 match,Disclose > $500
Static,127,8,2e-5,"$1,000,000","Prohibit candidate;
 allow PAC",1:1 match,Disclose > $500
Static,127,9,0,"$1,000,000","Prohibit candidate;
 allow PAC",1:1 match,Disclose > $500
Static,127,10,0,"$1,000,000","Prohibit candidate;
 allow PAC",1:1 match,Disclose > $500
Static,128,0,0.00520833333333333,"$10,000","Prohibit candidate;
 allow PAC",1:1 match,Disclose > $500
Static,128,1,0.00412,"$10,000","Prohibit candidate;
 allow PAC",1:1 match,Disclose > $500
Static,128,2,7.5e-4,"$10,000","Prohibit candidate;
 allow PAC",1:1 match,Disclose > $500
Static,128,3,7e-4,"$10,000","Prohibit candidate;
 allow PAC",1:1 match,Disclose > $500
Static,128,4,2.1e-4,"$10,000","Prohibit candidate;
 allow PAC",1:1 match,Disclose > $500
Static,128,5,2.7e-4,"$10,000","Prohibit candidate;
 allow PAC",1:1 match,Disclose > $500
Static,128,6,7.8e-4,"$10,000","Prohibit candidate;
 allow PAC",1:1 match,Disclose > $500
Static,128,7,1.2e-4,"$10,000","Prohibit candidate;
 allow PAC",1:1 match,Disclose > $500
Static,128,8,5e-5,"$10,000","Prohibit candidate;
 allow PAC",1:1 match,Disclose > $500
Static,128,9,1e-5,"$10,000","Prohibit candidate;
 allow PAC",1:1 match,Disclose > $500
Static,128,10,1e-5,"$10,000","Prohibit candidate;
 allow PAC",1:1 match,Disclose > $500
Static,129,0,0.00520833333333333,No limits,Allow all,1:1 match,Disclose > $500
Static,129,1,1e-4,No limits,Allow all,1:1 match,Disclose > $500
Static,129,2,0,No limits,Allow all,1:1 match,Disclose > $500
Static,129,3,0,No limits,Allow all,1:1 match,Disclose > $500
Static,129,4,0,No limits,Allow all,1:1 match,Disclose > $500
Static,129,5,0,No limits,Allow all,1:1 match,Disclose > $500
Static,129,6,0,No limits,Allow all,1:1 match,Disclose > $500
Static,129,7,0,No limits,Allow all,1:1 match,Disclose > $500
Static,129,8,0,No limits,Allow all,1:1 match,Disclose > $500
Static,129,9,0,No limits,Allow all,1:1 match,Disclose > $500
Static,129,10,0,No limits,Allow all,1:1 match,Disclose > $500
Static,130,0,0.00520833333333333,"100,000",Allow all,1:1 match,Disclose > $500
Static,130,1,0.00164,"100,000",Allow all,1:1 match,Disclose > $500
Static,130,2,0,"100,000",Allow all,1:1 match,Disclose > $500
Static,130,3,0,"100,000",Allow all,1:1 match,Disclose > $500
Static,130,4,0,"100,000",Allow all,1:1 match,Disclose > $500
Static,130,5,0,"100,000",Allow all,1:1 match,Disclose > $500
Static,130,6,0,"100,000",Allow all,1:1 match,Disclose > $500
Static,130,7,0,"100,000",Allow all,1:1 match,Disclose > $500
Static,130,8,0,"100,000",Allow all,1:1 match,Disclose > $500
Static,130,9,0,"100,000",Allow all,1:1 match,Disclose > $500
Static,130,10,0,"100,000",Allow all,1:1 match,Disclose > $500
Static,131,0,0.00520833333333333,"$1,000,000",Allow all,1:1 match,Disclose > $500
Static,131,1,4.5e-4,"$1,000,000",Allow all,1:1 match,Disclose > $500
Static,131,2,0,"$1,000,000",Allow all,1:1 match,Disclose > $500
Static,131,3,0,"$1,000,000",Allow all,1:1 match,Disclose > $500
Static,131,4,0,"$1,000,000",Allow all,1:1 match,Disclose > $500
Static,131,5,0,"$1,000,000",Allow all,1:1 match,Disclose > $500
Static,131,6,0,"$1,000,000",Allow all,1:1 match,Disclose > $500
Static,131,7,0,"$1,000,000",Allow all,1:1 match,Disclose > $500
Static,131,8,0,"$1,000,000",Allow all,1:1 match,Disclose > $500
Static,131,9,0,"$1,000,000",Allow all,1:1 match,Disclose > $500
Static,131,10,0,"$1,000,000",Allow all,1:1 match,Disclose > $500
Static,132,0,0.00520833333333333,"$10,000",Allow all,1:1 match,Disclose > $500
Static,132,1,0.00769,"$10,000",Allow all,1:1 match,Disclose > $500
Static,132,2,3e-5,"$10,000",Allow all,1:1 match,Disclose > $500
Static,132,3,0,"$10,000",Allow all,1:1 match,Disclose > $500
Static,132,4,0,"$10,000",Allow all,1:1 match,Disclose > $500
Static,132,5,0,"$10,000",Allow all,1:1 match,Disclose > $500
Static,132,6,3e-5,"$10,000",Allow all,1:1 match,Disclose > $500
Static,132,7,0,"$10,000",Allow all,1:1 match,Disclose > $500
Static,132,8,0,"$10,000",Allow all,1:1 match,Disclose > $500
Static,132,9,0,"$10,000",Allow all,1:1 match,Disclose > $500
Static,132,10,0,"$10,000",Allow all,1:1 match,Disclose > $500
Static,133,0,0.00520833333333333,No limits,Prohibit all,Maintain status quo,Disclose > $500
Static,133,1,3.6e-4,No limits,Prohibit all,Maintain status quo,Disclose > $500
Static,133,2,1e-5,No limits,Prohibit all,Maintain status quo,Disclose > $500
Static,133,3,0,No limits,Prohibit all,Maintain status quo,Disclose > $500
Static,133,4,0,No limits,Prohibit all,Maintain status quo,Disclose > $500
Static,133,5,0,No limits,Prohibit all,Maintain status quo,Disclose > $500
Static,133,6,0,No limits,Prohibit all,Maintain status quo,Disclose > $500
Static,133,7,0,No limits,Prohibit all,Maintain status quo,Disclose > $500
Static,133,8,0,No limits,Prohibit all,Maintain status quo,Disclose > $500
Static,133,9,0,No limits,Prohibit all,Maintain status quo,Disclose > $500
Static,133,10,0,No limits,Prohibit all,Maintain status quo,Disclose > $500
Static,134,0,0.00520833333333333,"100,000",Prohibit all,Maintain status quo,Disclose > $500
Static,134,1,0.00984,"100,000",Prohibit all,Maintain status quo,Disclose > $500
Static,134,2,0.00139,"100,000",Prohibit all,Maintain status quo,Disclose > $500
Static,134,3,7.7e-4,"100,000",Prohibit all,Maintain status quo,Disclose > $500
Static,134,4,0.00121,"100,000",Prohibit all,Maintain status quo,Disclose > $500
Static,134,5,7.6e-4,"100,000",Prohibit all,Maintain status quo,Disclose > $500
Static,134,6,0.00112,"100,000",Prohibit all,Maintain status quo,Disclose > $500
Static,134,7,0.00525,"100,000",Prohibit all,Maintain status quo,Disclose > $500
Static,134,8,0.0045,"100,000",Prohibit all,Maintain status quo,Disclose > $500
Static,134,9,0.00254,"100,000",Prohibit all,Maintain status quo,Disclose > $500
Static,134,10,0.00256,"100,000",Prohibit all,Maintain status quo,Disclose > $500
Static,135,0,0.00520833333333333,"$1,000,000",Prohibit all,Maintain status quo,Disclose > $500
Static,135,1,0.00447,"$1,000,000",Prohibit all,Maintain status quo,Disclose > $500
Static,135,2,0.00163,"$1,000,000",Prohibit all,Maintain status quo,Disclose > $500
Static,135,3,0.00213,"$1,000,000",Prohibit all,Maintain status quo,Disclose > $500
Static,135,4,6.7e-4,"$1,000,000",Prohibit all,Maintain status quo,Disclose > $500
Static,135,5,3.9e-4,"$1,000,000",Prohibit all,Maintain status quo,Disclose > $500
Static,135,6,3e-4,"$1,000,000",Prohibit all,Maintain status quo,Disclose > $500
Static,135,7,0.00192,"$1,000,000",Prohibit all,Maintain status quo,Disclose > $500
Static,135,8,0.00132,"$1,000,000",Prohibit all,Maintain status quo,Disclose > $500
Static,135,9,9.6e-4,"$1,000,000",Prohibit all,Maintain status quo,Disclose > $500
Static,135,10,0.00118,"$1,000,000",Prohibit all,Maintain status quo,Disclose > $500
Static,136,0,0.00520833333333333,"$10,000",Prohibit all,Maintain status quo,Disclose > $500
Static,136,1,0.04875,"$10,000",Prohibit all,Maintain status quo,Disclose > $500
Static,136,2,0.01164,"$10,000",Prohibit all,Maintain status quo,Disclose > $500
Static,136,3,0.01484,"$10,000",Prohibit all,Maintain status quo,Disclose > $500
Static,136,4,0.01201,"$10,000",Prohibit all,Maintain status quo,Disclose > $500
Static,136,5,0.0047,"$10,000",Prohibit all,Maintain status quo,Disclose > $500
Static,136,6,0.01196,"$10,000",Prohibit all,Maintain status quo,Disclose > $500
Static,136,7,0.02675,"$10,000",Prohibit all,Maintain status quo,Disclose > $500
Static,136,8,0.03331,"$10,000",Prohibit all,Maintain status quo,Disclose > $500
Static,136,9,0.04369,"$10,000",Prohibit all,Maintain status quo,Disclose > $500
Static,136,10,0.04677,"$10,000",Prohibit all,Maintain status quo,Disclose > $500
Static,137,0,0.00520833333333333,No limits,"Prohibit candidate;
 allow PAC",Maintain status quo,Disclose > $500
Static,137,1,7e-5,No limits,"Prohibit candidate;
 allow PAC",Maintain status quo,Disclose > $500
Static,137,2,0,No limits,"Prohibit candidate;
 allow PAC",Maintain status quo,Disclose > $500
Static,137,3,0,No limits,"Prohibit candidate;
 allow PAC",Maintain status quo,Disclose > $500
Static,137,4,0,No limits,"Prohibit candidate;
 allow PAC",Maintain status quo,Disclose > $500
Static,137,5,0,No limits,"Prohibit candidate;
 allow PAC",Maintain status quo,Disclose > $500
Static,137,6,0,No limits,"Prohibit candidate;
 allow PAC",Maintain status quo,Disclose > $500
Static,137,7,0,No limits,"Prohibit candidate;
 allow PAC",Maintain status quo,Disclose > $500
Static,137,8,0,No limits,"Prohibit candidate;
 allow PAC",Maintain status quo,Disclose > $500
Static,137,9,0,No limits,"Prohibit candidate;
 allow PAC",Maintain status quo,Disclose > $500
Static,137,10,0,No limits,"Prohibit candidate;
 allow PAC",Maintain status quo,Disclose > $500
Static,138,0,0.00520833333333333,"100,000","Prohibit candidate;
 allow PAC",Maintain status quo,Disclose > $500
Static,138,1,4.6e-4,"100,000","Prohibit candidate;
 allow PAC",Maintain status quo,Disclose > $500
Static,138,2,2e-5,"100,000","Prohibit candidate;
 allow PAC",Maintain status quo,Disclose > $500
Static,138,3,1e-5,"100,000","Prohibit candidate;
 allow PAC",Maintain status quo,Disclose > $500
Static,138,4,1e-5,"100,000","Prohibit candidate;
 allow PAC",Maintain status quo,Disclose > $500
Static,138,5,0,"100,000","Prohibit candidate;
 allow PAC",Maintain status quo,Disclose > $500
Static,138,6,0,"100,000","Prohibit candidate;
 allow PAC",Maintain status quo,Disclose > $500
Static,138,7,0,"100,000","Prohibit candidate;
 allow PAC",Maintain status quo,Disclose > $500
Static,138,8,0,"100,000","Prohibit candidate;
 allow PAC",Maintain status quo,Disclose > $500
Static,138,9,0,"100,000","Prohibit candidate;
 allow PAC",Maintain status quo,Disclose > $500
Static,138,10,0,"100,000","Prohibit candidate;
 allow PAC",Maintain status quo,Disclose > $500
Static,139,0,0.00520833333333333,"$1,000,000","Prohibit candidate;
 allow PAC",Maintain status quo,Disclose > $500
Static,139,1,2.5e-4,"$1,000,000","Prohibit candidate;
 allow PAC",Maintain status quo,Disclose > $500
Static,139,2,3e-5,"$1,000,000","Prohibit candidate;
 allow PAC",Maintain status quo,Disclose > $500
Static,139,3,7e-5,"$1,000,000","Prohibit candidate;
 allow PAC",Maintain status quo,Disclose > $500
Static,139,4,0,"$1,000,000","Prohibit candidate;
 allow PAC",Maintain status quo,Disclose > $500
Static,139,5,0,"$1,000,000","Prohibit candidate;
 allow PAC",Maintain status quo,Disclose > $500
Static,139,6,0,"$1,000,000","Prohibit candidate;
 allow PAC",Maintain status quo,Disclose > $500
Static,139,7,0,"$1,000,000","Prohibit candidate;
 allow PAC",Maintain status quo,Disclose > $500
Static,139,8,0,"$1,000,000","Prohibit candidate;
 allow PAC",Maintain status quo,Disclose > $500
Static,139,9,0,"$1,000,000","Prohibit candidate;
 allow PAC",Maintain status quo,Disclose > $500
Static,139,10,0,"$1,000,000","Prohibit candidate;
 allow PAC",Maintain status quo,Disclose > $500
Static,140,0,0.00520833333333333,"$10,000","Prohibit candidate;
 allow PAC",Maintain status quo,Disclose > $500
Static,140,1,0.00282,"$10,000","Prohibit candidate;
 allow PAC",Maintain status quo,Disclose > $500
Static,140,2,1.6e-4,"$10,000","Prohibit candidate;
 allow PAC",Maintain status quo,Disclose > $500
Static,140,3,1.7e-4,"$10,000","Prohibit candidate;
 allow PAC",Maintain status quo,Disclose > $500
Static,140,4,5e-5,"$10,000","Prohibit candidate;
 allow PAC",Maintain status quo,Disclose > $500
Static,140,5,1e-5,"$10,000","Prohibit candidate;
 allow PAC",Maintain status quo,Disclose > $500
Static,140,6,7e-5,"$10,000","Prohibit candidate;
 allow PAC",Maintain status quo,Disclose > $500
Static,140,7,2e-5,"$10,000","Prohibit candidate;
 allow PAC",Maintain status quo,Disclose > $500
Static,140,8,3e-5,"$10,000","Prohibit candidate;
 allow PAC",Maintain status quo,Disclose > $500
Static,140,9,0,"$10,000","Prohibit candidate;
 allow PAC",Maintain status quo,Disclose > $500
Static,140,10,0,"$10,000","Prohibit candidate;
 allow PAC",Maintain status quo,Disclose > $500
Static,141,0,0.00520833333333333,No limits,Allow all,Maintain status quo,Disclose > $500
Static,141,1,4e-5,No limits,Allow all,Maintain status quo,Disclose > $500
Static,141,2,0,No limits,Allow all,Maintain status quo,Disclose > $500
Static,141,3,0,No limits,Allow all,Maintain status quo,Disclose > $500
Static,141,4,0,No limits,Allow all,Maintain status quo,Disclose > $500
Static,141,5,0,No limits,Allow all,Maintain status quo,Disclose > $500
Static,141,6,0,No limits,Allow all,Maintain status quo,Disclose > $500
Static,141,7,0,No limits,Allow all,Maintain status quo,Disclose > $500
Static,141,8,0,No limits,Allow all,Maintain status quo,Disclose > $500
Static,141,9,0,No limits,Allow all,Maintain status quo,Disclose > $500
Static,141,10,0,No limits,Allow all,Maintain status quo,Disclose > $500
Static,142,0,0.00520833333333333,"100,000",Allow all,Maintain status quo,Disclose > $500
Static,142,1,0.00142,"100,000",Allow all,Maintain status quo,Disclose > $500
Static,142,2,0,"100,000",Allow all,Maintain status quo,Disclose > $500
Static,142,3,0,"100,000",Allow all,Maintain status quo,Disclose > $500
Static,142,4,0,"100,000",Allow all,Maintain status quo,Disclose > $500
Static,142,5,0,"100,000",Allow all,Maintain status quo,Disclose > $500
Static,142,6,0,"100,000",Allow all,Maintain status quo,Disclose > $500
Static,142,7,0,"100,000",Allow all,Maintain status quo,Disclose > $500
Static,142,8,0,"100,000",Allow all,Maintain status quo,Disclose > $500
Static,142,9,0,"100,000",Allow all,Maintain status quo,Disclose > $500
Static,142,10,0,"100,000",Allow all,Maintain status quo,Disclose > $500
Static,143,0,0.00520833333333333,"$1,000,000",Allow all,Maintain status quo,Disclose > $500
Static,143,1,3.6e-4,"$1,000,000",Allow all,Maintain status quo,Disclose > $500
Static,143,2,0,"$1,000,000",Allow all,Maintain status quo,Disclose > $500
Static,143,3,0,"$1,000,000",Allow all,Maintain status quo,Disclose > $500
Static,143,4,0,"$1,000,000",Allow all,Maintain status quo,Disclose > $500
Static,143,5,0,"$1,000,000",Allow all,Maintain status quo,Disclose > $500
Static,143,6,0,"$1,000,000",Allow all,Maintain status quo,Disclose > $500
Static,143,7,0,"$1,000,000",Allow all,Maintain status quo,Disclose > $500
Static,143,8,0,"$1,000,000",Allow all,Maintain status quo,Disclose > $500
Static,143,9,0,"$1,000,000",Allow all,Maintain status quo,Disclose > $500
Static,143,10,0,"$1,000,000",Allow all,Maintain status quo,Disclose > $500
Static,144,0,0.00520833333333333,"$10,000",Allow all,Maintain status quo,Disclose > $500
Static,144,1,0.00743,"$10,000",Allow all,Maintain status quo,Disclose > $500
Static,144,2,0,"$10,000",Allow all,Maintain status quo,Disclose > $500
Static,144,3,0,"$10,000",Allow all,Maintain status quo,Disclose > $500
Static,144,4,0,"$10,000",Allow all,Maintain status quo,Disclose > $500
Static,144,5,0,"$10,000",Allow all,Maintain status quo,Disclose > $500
Static,144,6,0,"$10,000",Allow all,Maintain status quo,Disclose > $500
Static,144,7,0,"$10,000",Allow all,Maintain status quo,Disclose > $500
Static,144,8,0,"$10,000",Allow all,Maintain status quo,Disclose > $500
Static,144,9,0,"$10,000",Allow all,Maintain status quo,Disclose > $500
Static,144,10,0,"$10,000",Allow all,Maintain status quo,Disclose > $500
Static,145,0,0.00520833333333333,No limits,Prohibit all,Prohibit all,Disclose all
Static,145,1,2.6e-4,No limits,Prohibit all,Prohibit all,Disclose all
Static,145,2,8e-5,No limits,Prohibit all,Prohibit all,Disclose all
Static,145,3,0,No limits,Prohibit all,Prohibit all,Disclose all
Static,145,4,0,No limits,Prohibit all,Prohibit all,Disclose all
Static,145,5,0,No limits,Prohibit all,Prohibit all,Disclose all
Static,145,6,0,No limits,Prohibit all,Prohibit all,Disclose all
Static,145,7,0,No limits,Prohibit all,Prohibit all,Disclose all
Static,145,8,0,No limits,Prohibit all,Prohibit all,Disclose all
Static,145,9,0,No limits,Prohibit all,Prohibit all,Disclose all
Static,145,10,0,No limits,Prohibit all,Prohibit all,Disclose all
Static,146,0,0.00520833333333333,"100,000",Prohibit all,Prohibit all,Disclose all
Static,146,1,0.008,"100,000",Prohibit all,Prohibit all,Disclose all
Static,146,2,0.00929,"100,000",Prohibit all,Prohibit all,Disclose all
Static,146,3,0.00443,"100,000",Prohibit all,Prohibit all,Disclose all
Static,146,4,0.01819,"100,000",Prohibit all,Prohibit all,Disclose all
Static,146,5,0.02832,"100,000",Prohibit all,Prohibit all,Disclose all
Static,146,6,0.00626,"100,000",Prohibit all,Prohibit all,Disclose all
Static,146,7,0.03177,"100,000",Prohibit all,Prohibit all,Disclose all
Static,146,8,0.01125,"100,000",Prohibit all,Prohibit all,Disclose all
Static,146,9,0.00739,"100,000",Prohibit all,Prohibit all,Disclose all
Static,146,10,0.00575,"100,000",Prohibit all,Prohibit all,Disclose all
Static,147,0,0.00520833333333333,"$1,000,000",Prohibit all,Prohibit all,Disclose all
Static,147,1,0.00344,"$1,000,000",Prohibit all,Prohibit all,Disclose all
Static,147,2,0.01299,"$1,000,000",Prohibit all,Prohibit all,Disclose all
Static,147,3,0.01833,"$1,000,000",Prohibit all,Prohibit all,Disclose all
Static,147,4,0.01351,"$1,000,000",Prohibit all,Prohibit all,Disclose all
Static,147,5,0.01409,"$1,000,000",Prohibit all,Prohibit all,Disclose all
Static,147,6,0.00243,"$1,000,000",Prohibit all,Prohibit all,Disclose all
Static,147,7,0.01375,"$1,000,000",Prohibit all,Prohibit all,Disclose all
Static,147,8,0.0043,"$1,000,000",Prohibit all,Prohibit all,Disclose all
Static,147,9,0.00346,"$1,000,000",Prohibit all,Prohibit all,Disclose all
Static,147,10,0.00317,"$1,000,000",Prohibit all,Prohibit all,Disclose all
Static,148,0,0.00520833333333333,"$10,000",Prohibit all,Prohibit all,Disclose all
Static,148,1,0.03684,"$10,000",Prohibit all,Prohibit all,Disclose all
Static,148,2,0.05603,"$10,000",Prohibit all,Prohibit all,Disclose all
Static,148,3,0.09546,"$10,000",Prohibit all,Prohibit all,Disclose all
Static,148,4,0.20499,"$10,000",Prohibit all,Prohibit all,Disclose all
Static,148,5,0.18093,"$10,000",Prohibit all,Prohibit all,Disclose all
Static,148,6,0.09015,"$10,000",Prohibit all,Prohibit all,Disclose all
Static,148,7,0.16078,"$10,000",Prohibit all,Prohibit all,Disclose all
Static,148,8,0.0865,"$10,000",Prohibit all,Prohibit all,Disclose all
Static,148,9,0.11715,"$10,000",Prohibit all,Prohibit all,Disclose all
Static,148,10,0.09823,"$10,000",Prohibit all,Prohibit all,Disclose all
Static,149,0,0.00520833333333333,No limits,"Prohibit candidate;
 allow PAC",Prohibit all,Disclose all
Static,149,1,6e-5,No limits,"Prohibit candidate;
 allow PAC",Prohibit all,Disclose all
Static,149,2,0,No limits,"Prohibit candidate;
 allow PAC",Prohibit all,Disclose all
Static,149,3,0,No limits,"Prohibit candidate;
 allow PAC",Prohibit all,Disclose all
Static,149,4,0,No limits,"Prohibit candidate;
 allow PAC",Prohibit all,Disclose all
Static,149,5,0,No limits,"Prohibit candidate;
 allow PAC",Prohibit all,Disclose all
Static,149,6,0,No limits,"Prohibit candidate;
 allow PAC",Prohibit all,Disclose all
Static,149,7,0,No limits,"Prohibit candidate;
 allow PAC",Prohibit all,Disclose all
Static,149,8,0,No limits,"Prohibit candidate;
 allow PAC",Prohibit all,Disclose all
Static,149,9,0,No limits,"Prohibit candidate;
 allow PAC",Prohibit all,Disclose all
Static,149,10,0,No limits,"Prohibit candidate;
 allow PAC",Prohibit all,Disclose all
Static,150,0,0.00520833333333333,"100,000","Prohibit candidate;
 allow PAC",Prohibit all,Disclose all
Static,150,1,8.3e-4,"100,000","Prohibit candidate;
 allow PAC",Prohibit all,Disclose all
Static,150,2,9e-5,"100,000","Prohibit candidate;
 allow PAC",Prohibit all,Disclose all
Static,150,3,1e-5,"100,000","Prohibit candidate;
 allow PAC",Prohibit all,Disclose all
Static,150,4,2e-5,"100,000","Prohibit candidate;
 allow PAC",Prohibit all,Disclose all
Static,150,5,6e-5,"100,000","Prohibit candidate;
 allow PAC",Prohibit all,Disclose all
Static,150,6,2e-5,"100,000","Prohibit candidate;
 allow PAC",Prohibit all,Disclose all
Static,150,7,4e-5,"100,000","Prohibit candidate;
 allow PAC",Prohibit all,Disclose all
Static,150,8,0,"100,000","Prohibit candidate;
 allow PAC",Prohibit all,Disclose all
Static,150,9,0,"100,000","Prohibit candidate;
 allow PAC",Prohibit all,Disclose all
Static,150,10,0,"100,000","Prohibit candidate;
 allow PAC",Prohibit all,Disclose all
Static,151,0,0.00520833333333333,"$1,000,000","Prohibit candidate;
 allow PAC",Prohibit all,Disclose all
Static,151,1,3e-4,"$1,000,000","Prohibit candidate;
 allow PAC",Prohibit all,Disclose all
Static,151,2,2.1e-4,"$1,000,000","Prohibit candidate;
 allow PAC",Prohibit all,Disclose all
Static,151,3,2e-4,"$1,000,000","Prohibit candidate;
 allow PAC",Prohibit all,Disclose all
Static,151,4,5e-5,"$1,000,000","Prohibit candidate;
 allow PAC",Prohibit all,Disclose all
Static,151,5,1e-5,"$1,000,000","Prohibit candidate;
 allow PAC",Prohibit all,Disclose all
Static,151,6,2e-5,"$1,000,000","Prohibit candidate;
 allow PAC",Prohibit all,Disclose all
Static,151,7,4e-5,"$1,000,000","Prohibit candidate;
 allow PAC",Prohibit all,Disclose all
Static,151,8,0,"$1,000,000","Prohibit candidate;
 allow PAC",Prohibit all,Disclose all
Static,151,9,0,"$1,000,000","Prohibit candidate;
 allow PAC",Prohibit all,Disclose all
Static,151,10,0,"$1,000,000","Prohibit candidate;
 allow PAC",Prohibit all,Disclose all
Static,152,0,0.00520833333333333,"$10,000","Prohibit candidate;
 allow PAC",Prohibit all,Disclose all
Static,152,1,0.00306,"$10,000","Prohibit candidate;
 allow PAC",Prohibit all,Disclose all
Static,152,2,6.1e-4,"$10,000","Prohibit candidate;
 allow PAC",Prohibit all,Disclose all
Static,152,3,0.00104,"$10,000","Prohibit candidate;
 allow PAC",Prohibit all,Disclose all
Static,152,4,3.9e-4,"$10,000","Prohibit candidate;
 allow PAC",Prohibit all,Disclose all
Static,152,5,4.4e-4,"$10,000","Prohibit candidate;
 allow PAC",Prohibit all,Disclose all
Static,152,6,2.7e-4,"$10,000","Prohibit candidate;
 allow PAC",Prohibit all,Disclose all
Static,152,7,1.7e-4,"$10,000","Prohibit candidate;
 allow PAC",Prohibit all,Disclose all
Static,152,8,3e-5,"$10,000","Prohibit candidate;
 allow PAC",Prohibit all,Disclose all
Static,152,9,0,"$10,000","Prohibit candidate;
 allow PAC",Prohibit all,Disclose all
Static,152,10,3e-5,"$10,000","Prohibit candidate;
 allow PAC",Prohibit all,Disclose all
Static,153,0,0.00520833333333333,No limits,Allow all,Prohibit all,Disclose all
Static,153,1,8e-5,No limits,Allow all,Prohibit all,Disclose all
Static,153,2,0,No limits,Allow all,Prohibit all,Disclose all
Static,153,3,0,No limits,Allow all,Prohibit all,Disclose all
Static,153,4,0,No limits,Allow all,Prohibit all,Disclose all
Static,153,5,0,No limits,Allow all,Prohibit all,Disclose all
Static,153,6,0,No limits,Allow all,Prohibit all,Disclose all
Static,153,7,0,No limits,Allow all,Prohibit all,Disclose all
Static,153,8,0,No limits,Allow all,Prohibit all,Disclose all
Static,153,9,0,No limits,Allow all,Prohibit all,Disclose all
Static,153,10,0,No limits,Allow all,Prohibit all,Disclose all
Static,154,0,0.00520833333333333,"100,000",Allow all,Prohibit all,Disclose all
Static,154,1,0.00171,"100,000",Allow all,Prohibit all,Disclose all
Static,154,2,1e-5,"100,000",Allow all,Prohibit all,Disclose all
Static,154,3,0,"100,000",Allow all,Prohibit all,Disclose all
Static,154,4,0,"100,000",Allow all,Prohibit all,Disclose all
Static,154,5,0,"100,000",Allow all,Prohibit all,Disclose all
Static,154,6,0,"100,000",Allow all,Prohibit all,Disclose all
Static,154,7,0,"100,000",Allow all,Prohibit all,Disclose all
Static,154,8,0,"100,000",Allow all,Prohibit all,Disclose all
Static,154,9,0,"100,000",Allow all,Prohibit all,Disclose all
Static,154,10,0,"100,000",Allow all,Prohibit all,Disclose all
Static,155,0,0.00520833333333333,"$1,000,000",Allow all,Prohibit all,Disclose all
Static,155,1,4.4e-4,"$1,000,000",Allow all,Prohibit all,Disclose all
Static,155,2,0,"$1,000,000",Allow all,Prohibit all,Disclose all
Static,155,3,0,"$1,000,000",Allow all,Prohibit all,Disclose all
Static,155,4,0,"$1,000,000",Allow all,Prohibit all,Disclose all
Static,155,5,0,"$1,000,000",Allow all,Prohibit all,Disclose all
Static,155,6,0,"$1,000,000",Allow all,Prohibit all,Disclose all
Static,155,7,0,"$1,000,000",Allow all,Prohibit all,Disclose all
Static,155,8,0,"$1,000,000",Allow all,Prohibit all,Disclose all
Static,155,9,0,"$1,000,000",Allow all,Prohibit all,Disclose all
Static,155,10,0,"$1,000,000",Allow all,Prohibit all,Disclose all
Static,156,0,0.00520833333333333,"$10,000",Allow all,Prohibit all,Disclose all
Static,156,1,0.00625,"$10,000",Allow all,Prohibit all,Disclose all
Static,156,2,1e-5,"$10,000",Allow all,Prohibit all,Disclose all
Static,156,3,0,"$10,000",Allow all,Prohibit all,Disclose all
Static,156,4,0,"$10,000",Allow all,Prohibit all,Disclose all
Static,156,5,0,"$10,000",Allow all,Prohibit all,Disclose all
Static,156,6,0,"$10,000",Allow all,Prohibit all,Disclose all
Static,156,7,1e-5,"$10,000",Allow all,Prohibit all,Disclose all
Static,156,8,0,"$10,000",Allow all,Prohibit all,Disclose all
Static,156,9,0,"$10,000",Allow all,Prohibit all,Disclose all
Static,156,10,0,"$10,000",Allow all,Prohibit all,Disclose all
Static,157,0,0.00520833333333333,No limits,Prohibit all,5:1 match,Disclose all
Static,157,1,1e-5,No limits,Prohibit all,5:1 match,Disclose all
Static,157,2,0,No limits,Prohibit all,5:1 match,Disclose all
Static,157,3,0,No limits,Prohibit all,5:1 match,Disclose all
Static,157,4,0,No limits,Prohibit all,5:1 match,Disclose all
Static,157,5,0,No limits,Prohibit all,5:1 match,Disclose all
Static,157,6,0,No limits,Prohibit all,5:1 match,Disclose all
Static,157,7,0,No limits,Prohibit all,5:1 match,Disclose all
Static,157,8,0,No limits,Prohibit all,5:1 match,Disclose all
Static,157,9,0,No limits,Prohibit all,5:1 match,Disclose all
Static,157,10,0,No limits,Prohibit all,5:1 match,Disclose all
Static,158,0,0.00520833333333333,"100,000",Prohibit all,5:1 match,Disclose all
Static,158,1,2e-4,"100,000",Prohibit all,5:1 match,Disclose all
Static,158,2,4.6e-4,"100,000",Prohibit all,5:1 match,Disclose all
Static,158,3,2.2e-4,"100,000",Prohibit all,5:1 match,Disclose all
Static,158,4,8.5e-4,"100,000",Prohibit all,5:1 match,Disclose all
Static,158,5,0.00247,"100,000",Prohibit all,5:1 match,Disclose all
Static,158,6,3.5e-4,"100,000",Prohibit all,5:1 match,Disclose all
Static,158,7,0.00282,"100,000",Prohibit all,5:1 match,Disclose all
Static,158,8,0.0026,"100,000",Prohibit all,5:1 match,Disclose all
Static,158,9,9.8e-4,"100,000",Prohibit all,5:1 match,Disclose all
Static,158,10,0.00102,"100,000",Prohibit all,5:1 match,Disclose all
Static,159,0,0.00520833333333333,"$1,000,000",Prohibit all,5:1 match,Disclose all
Static,159,1,1.1e-4,"$1,000,000",Prohibit all,5:1 match,Disclose all
Static,159,2,8e-4,"$1,000,000",Prohibit all,5:1 match,Disclose all
Static,159,3,0.00119,"$1,000,000",Prohibit all,5:1 match,Disclose all
Static,159,4,7.1e-4,"$1,000,000",Prohibit all,5:1 match,Disclose all
Static,159,5,0.00163,"$1,000,000",Prohibit all,5:1 match,Disclose all
Static,159,6,2.4e-4,"$1,000,000",Prohibit all,5:1 match,Disclose all
Static,159,7,0.00168,"$1,000,000",Prohibit all,5:1 match,Disclose all
Static,159,8,0.00108,"$1,000,000",Prohibit all,5:1 match,Disclose all
Static,159,9,6.6e-4,"$1,000,000",Prohibit all,5:1 match,Disclose all
Static,159,10,6.2e-4,"$1,000,000",Prohibit all,5:1 match,Disclose all
Static,160,0,0.00520833333333333,"$10,000",Prohibit all,5:1 match,Disclose all
Static,160,1,9.8e-4,"$10,000",Prohibit all,5:1 match,Disclose all
Static,160,2,0.00307,"$10,000",Prohibit all,5:1 match,Disclose all
Static,160,3,0.00572,"$10,000",Prohibit all,5:1 match,Disclose all
Static,160,4,0.00867,"$10,000",Prohibit all,5:1 match,Disclose all
Static,160,5,0.01519,"$10,000",Prohibit all,5:1 match,Disclose all
Static,160,6,0.00631,"$10,000",Prohibit all,5:1 match,Disclose all
Static,160,7,0.01421,"$10,000",Prohibit all,5:1 match,Disclose all
Static,160,8,0.01992,"$10,000",Prohibit all,5:1 match,Disclose all
Static,160,9,0.01682,"$10,000",Prohibit all,5:1 match,Disclose all
Static,160,10,0.01857,"$10,000",Prohibit all,5:1 match,Disclose all
Static,161,0,0.00520833333333333,No limits,"Prohibit candidate;
 allow PAC",5:1 match,Disclose all
Static,161,1,0,No limits,"Prohibit candidate;
 allow PAC",5:1 match,Disclose all
Static,161,2,0,No limits,"Prohibit candidate;
 allow PAC",5:1 match,Disclose all
Static,161,3,0,No limits,"Prohibit candidate;
 allow PAC",5:1 match,Disclose all
Static,161,4,0,No limits,"Prohibit candidate;
 allow PAC",5:1 match,Disclose all
Static,161,5,0,No limits,"Prohibit candidate;
 allow PAC",5:1 match,Disclose all
Static,161,6,0,No limits,"Prohibit candidate;
 allow PAC",5:1 match,Disclose all
Static,161,7,0,No limits,"Prohibit candidate;
 allow PAC",5:1 match,Disclose all
Static,161,8,0,No limits,"Prohibit candidate;
 allow PAC",5:1 match,Disclose all
Static,161,9,0,No limits,"Prohibit candidate;
 allow PAC",5:1 match,Disclose all
Static,161,10,0,No limits,"Prohibit candidate;
 allow PAC",5:1 match,Disclose all
Static,162,0,0.00520833333333333,"100,000","Prohibit candidate;
 allow PAC",5:1 match,Disclose all
Static,162,1,3e-5,"100,000","Prohibit candidate;
 allow PAC",5:1 match,Disclose all
Static,162,2,0,"100,000","Prohibit candidate;
 allow PAC",5:1 match,Disclose all
Static,162,3,0,"100,000","Prohibit candidate;
 allow PAC",5:1 match,Disclose all
Static,162,4,0,"100,000","Prohibit candidate;
 allow PAC",5:1 match,Disclose all
Static,162,5,0,"100,000","Prohibit candidate;
 allow PAC",5:1 match,Disclose all
Static,162,6,0,"100,000","Prohibit candidate;
 allow PAC",5:1 match,Disclose all
Static,162,7,0,"100,000","Prohibit candidate;
 allow PAC",5:1 match,Disclose all
Static,162,8,0,"100,000","Prohibit candidate;
 allow PAC",5:1 match,Disclose all
Static,162,9,0,"100,000","Prohibit candidate;
 allow PAC",5:1 match,Disclose all
Static,162,10,0,"100,000","Prohibit candidate;
 allow PAC",5:1 match,Disclose all
Static,163,0,0.00520833333333333,"$1,000,000","Prohibit candidate;
 allow PAC",5:1 match,Disclose all
Static,163,1,0,"$1,000,000","Prohibit candidate;
 allow PAC",5:1 match,Disclose all
Static,163,2,1e-5,"$1,000,000","Prohibit candidate;
 allow PAC",5:1 match,Disclose all
Static,163,3,0,"$1,000,000","Prohibit candidate;
 allow PAC",5:1 match,Disclose all
Static,163,4,0,"$1,000,000","Prohibit candidate;
 allow PAC",5:1 match,Disclose all
Static,163,5,1e-5,"$1,000,000","Prohibit candidate;
 allow PAC",5:1 match,Disclose all
Static,163,6,0,"$1,000,000","Prohibit candidate;
 allow PAC",5:1 match,Disclose all
Static,163,7,0,"$1,000,000","Prohibit candidate;
 allow PAC",5:1 match,Disclose all
Static,163,8,0,"$1,000,000","Prohibit candidate;
 allow PAC",5:1 match,Disclose all
Static,163,9,0,"$1,000,000","Prohibit candidate;
 allow PAC",5:1 match,Disclose all
Static,163,10,0,"$1,000,000","Prohibit candidate;
 allow PAC",5:1 match,Disclose all
Static,164,0,0.00520833333333333,"$10,000","Prohibit candidate;
 allow PAC",5:1 match,Disclose all
Static,164,1,1e-4,"$10,000","Prohibit candidate;
 allow PAC",5:1 match,Disclose all
Static,164,2,0,"$10,000","Prohibit candidate;
 allow PAC",5:1 match,Disclose all
Static,164,3,6e-5,"$10,000","Prohibit candidate;
 allow PAC",5:1 match,Disclose all
Static,164,4,4e-5,"$10,000","Prohibit candidate;
 allow PAC",5:1 match,Disclose all
Static,164,5,2e-5,"$10,000","Prohibit candidate;
 allow PAC",5:1 match,Disclose all
Static,164,6,5e-5,"$10,000","Prohibit candidate;
 allow PAC",5:1 match,Disclose all
Static,164,7,1e-5,"$10,000","Prohibit candidate;
 allow PAC",5:1 match,Disclose all
Static,164,8,2e-5,"$10,000","Prohibit candidate;
 allow PAC",5:1 match,Disclose all
Static,164,9,0,"$10,000","Prohibit candidate;
 allow PAC",5:1 match,Disclose all
Static,164,10,0,"$10,000","Prohibit candidate;
 allow PAC",5:1 match,Disclose all
Static,165,0,0.00520833333333333,No limits,Allow all,5:1 match,Disclose all
Static,165,1,1e-5,No limits,Allow all,5:1 match,Disclose all
Static,165,2,0,No limits,Allow all,5:1 match,Disclose all
Static,165,3,0,No limits,Allow all,5:1 match,Disclose all
Static,165,4,0,No limits,Allow all,5:1 match,Disclose all
Static,165,5,0,No limits,Allow all,5:1 match,Disclose all
Static,165,6,0,No limits,Allow all,5:1 match,Disclose all
Static,165,7,0,No limits,Allow all,5:1 match,Disclose all
Static,165,8,0,No limits,Allow all,5:1 match,Disclose all
Static,165,9,0,No limits,Allow all,5:1 match,Disclose all
Static,165,10,0,No limits,Allow all,5:1 match,Disclose all
Static,166,0,0.00520833333333333,"100,000",Allow all,5:1 match,Disclose all
Static,166,1,2e-5,"100,000",Allow all,5:1 match,Disclose all
Static,166,2,0,"100,000",Allow all,5:1 match,Disclose all
Static,166,3,0,"100,000",Allow all,5:1 match,Disclose all
Static,166,4,0,"100,000",Allow all,5:1 match,Disclose all
Static,166,5,0,"100,000",Allow all,5:1 match,Disclose all
Static,166,6,0,"100,000",Allow all,5:1 match,Disclose all
Static,166,7,0,"100,000",Allow all,5:1 match,Disclose all
Static,166,8,0,"100,000",Allow all,5:1 match,Disclose all
Static,166,9,0,"100,000",Allow all,5:1 match,Disclose all
Static,166,10,0,"100,000",Allow all,5:1 match,Disclose all
Static,167,0,0.00520833333333333,"$1,000,000",Allow all,5:1 match,Disclose all
Static,167,1,0,"$1,000,000",Allow all,5:1 match,Disclose all
Static,167,2,0,"$1,000,000",Allow all,5:1 match,Disclose all
Static,167,3,0,"$1,000,000",Allow all,5:1 match,Disclose all
Static,167,4,0,"$1,000,000",Allow all,5:1 match,Disclose all
Static,167,5,0,"$1,000,000",Allow all,5:1 match,Disclose all
Static,167,6,0,"$1,000,000",Allow all,5:1 match,Disclose all
Static,167,7,0,"$1,000,000",Allow all,5:1 match,Disclose all
Static,167,8,0,"$1,000,000",Allow all,5:1 match,Disclose all
Static,167,9,0,"$1,000,000",Allow all,5:1 match,Disclose all
Static,167,10,0,"$1,000,000",Allow all,5:1 match,Disclose all
Static,168,0,0.00520833333333333,"$10,000",Allow all,5:1 match,Disclose all
Static,168,1,1.5e-4,"$10,000",Allow all,5:1 match,Disclose all
Static,168,2,1e-5,"$10,000",Allow all,5:1 match,Disclose all
Static,168,3,0,"$10,000",Allow all,5:1 match,Disclose all
Static,168,4,0,"$10,000",Allow all,5:1 match,Disclose all
Static,168,5,0,"$10,000",Allow all,5:1 match,Disclose all
Static,168,6,0,"$10,000",Allow all,5:1 match,Disclose all
Static,168,7,0,"$10,000",Allow all,5:1 match,Disclose all
Static,168,8,0,"$10,000",Allow all,5:1 match,Disclose all
Static,168,9,0,"$10,000",Allow all,5:1 match,Disclose all
Static,168,10,0,"$10,000",Allow all,5:1 match,Disclose all
Static,169,0,0.00520833333333333,No limits,Prohibit all,1:1 match,Disclose all
Static,169,1,9e-5,No limits,Prohibit all,1:1 match,Disclose all
Static,169,2,4e-5,No limits,Prohibit all,1:1 match,Disclose all
Static,169,3,0,No limits,Prohibit all,1:1 match,Disclose all
Static,169,4,0,No limits,Prohibit all,1:1 match,Disclose all
Static,169,5,0,No limits,Prohibit all,1:1 match,Disclose all
Static,169,6,0,No limits,Prohibit all,1:1 match,Disclose all
Static,169,7,0,No limits,Prohibit all,1:1 match,Disclose all
Static,169,8,0,No limits,Prohibit all,1:1 match,Disclose all
Static,169,9,0,No limits,Prohibit all,1:1 match,Disclose all
Static,169,10,0,No limits,Prohibit all,1:1 match,Disclose all
Static,170,0,0.00520833333333333,"100,000",Prohibit all,1:1 match,Disclose all
Static,170,1,0.00538,"100,000",Prohibit all,1:1 match,Disclose all
Static,170,2,0.00367,"100,000",Prohibit all,1:1 match,Disclose all
Static,170,3,6.5e-4,"100,000",Prohibit all,1:1 match,Disclose all
Static,170,4,0.01368,"100,000",Prohibit all,1:1 match,Disclose all
Static,170,5,0.0468,"100,000",Prohibit all,1:1 match,Disclose all
Static,170,6,0.01664,"100,000",Prohibit all,1:1 match,Disclose all
Static,170,7,0.03188,"100,000",Prohibit all,1:1 match,Disclose all
Static,170,8,0.03448,"100,000",Prohibit all,1:1 match,Disclose all
Static,170,9,0.01407,"100,000",Prohibit all,1:1 match,Disclose all
Static,170,10,0.00896,"100,000",Prohibit all,1:1 match,Disclose all
Static,171,0,0.00520833333333333,"$1,000,000",Prohibit all,1:1 match,Disclose all
Static,171,1,0.00185,"$1,000,000",Prohibit all,1:1 match,Disclose all
Static,171,2,0.00437,"$1,000,000",Prohibit all,1:1 match,Disclose all
Static,171,3,0.00241,"$1,000,000",Prohibit all,1:1 match,Disclose all
Static,171,4,0.00922,"$1,000,000",Prohibit all,1:1 match,Disclose all
Static,171,5,0.02435,"$1,000,000",Prohibit all,1:1 match,Disclose all
Static,171,6,0.00663,"$1,000,000",Prohibit all,1:1 match,Disclose all
Static,171,7,0.01253,"$1,000,000",Prohibit all,1:1 match,Disclose all
Static,171,8,0.01157,"$1,000,000",Prohibit all,1:1 match,Disclose all
Static,171,9,0.00609,"$1,000,000",Prohibit all,1:1 match,Disclose all
Static,171,10,0.00417,"$1,000,000",Prohibit all,1:1 match,Disclose all
Static,172,0,0.00520833333333333,"$10,000",Prohibit all,1:1 match,Disclose all
Static,172,1,0.02398,"$10,000",Prohibit all,1:1 match,Disclose all
Static,172,2,0.02123,"$10,000",Prohibit all,1:1 match,Disclose all
Static,172,3,0.01444,"$10,000",Prohibit all,1:1 match,Disclose all
Static,172,4,0.16722,"$10,000",Prohibit all,1:1 match,Disclose all
Static,172,5,0.32272,"$10,000",Prohibit all,1:1 match,Disclose all
Static,172,6,0.24321,"$10,000",Prohibit all,1:1 match,Disclose all
Static,172,7,0.15015,"$10,000",Prohibit all,1:1 match,Disclose all
Static,172,8,0.26997,"$10,000",Prohibit all,1:1 match,Disclose all
Static,172,9,0.24233,"$10,000",Prohibit all,1:1 match,Disclose all
Static,172,10,0.16124,"$10,000",Prohibit all,1:1 match,Disclose all
Static,173,0,0.00520833333333333,No limits,"Prohibit candidate;
 allow PAC",1:1 match,Disclose all
Static,173,1,3e-5,No limits,"Prohibit candidate;
 allow PAC",1:1 match,Disclose all
Static,173,2,0,No limits,"Prohibit candidate;
 allow PAC",1:1 match,Disclose all
Static,173,3,0,No limits,"Prohibit candidate;
 allow PAC",1:1 match,Disclose all
Static,173,4,0,No limits,"Prohibit candidate;
 allow PAC",1:1 match,Disclose all
Static,173,5,0,No limits,"Prohibit candidate;
 allow PAC",1:1 match,Disclose all
Static,173,6,0,No limits,"Prohibit candidate;
 allow PAC",1:1 match,Disclose all
Static,173,7,0,No limits,"Prohibit candidate;
 allow PAC",1:1 match,Disclose all
Static,173,8,0,No limits,"Prohibit candidate;
 allow PAC",1:1 match,Disclose all
Static,173,9,0,No limits,"Prohibit candidate;
 allow PAC",1:1 match,Disclose all
Static,173,10,0,No limits,"Prohibit candidate;
 allow PAC",1:1 match,Disclose all
Static,174,0,0.00520833333333333,"100,000","Prohibit candidate;
 allow PAC",1:1 match,Disclose all
Static,174,1,4.8e-4,"100,000","Prohibit candidate;
 allow PAC",1:1 match,Disclose all
Static,174,2,7e-5,"100,000","Prohibit candidate;
 allow PAC",1:1 match,Disclose all
Static,174,3,0,"100,000","Prohibit candidate;
 allow PAC",1:1 match,Disclose all
Static,174,4,3e-5,"100,000","Prohibit candidate;
 allow PAC",1:1 match,Disclose all
Static,174,5,7e-5,"100,000","Prohibit candidate;
 allow PAC",1:1 match,Disclose all
Static,174,6,7e-5,"100,000","Prohibit candidate;
 allow PAC",1:1 match,Disclose all
Static,174,7,4e-5,"100,000","Prohibit candidate;
 allow PAC",1:1 match,Disclose all
Static,174,8,2e-5,"100,000","Prohibit candidate;
 allow PAC",1:1 match,Disclose all
Static,174,9,0,"100,000","Prohibit candidate;
 allow PAC",1:1 match,Disclose all
Static,174,10,0,"100,000","Prohibit candidate;
 allow PAC",1:1 match,Disclose all
Static,175,0,0.00520833333333333,"$1,000,000","Prohibit candidate;
 allow PAC",1:1 match,Disclose all
Static,175,1,1.9e-4,"$1,000,000","Prohibit candidate;
 allow PAC",1:1 match,Disclose all
Static,175,2,6e-5,"$1,000,000","Prohibit candidate;
 allow PAC",1:1 match,Disclose all
Static,175,3,8e-5,"$1,000,000","Prohibit candidate;
 allow PAC",1:1 match,Disclose all
Static,175,4,4e-5,"$1,000,000","Prohibit candidate;
 allow PAC",1:1 match,Disclose all
Static,175,5,7e-5,"$1,000,000","Prohibit candidate;
 allow PAC",1:1 match,Disclose all
Static,175,6,6e-5,"$1,000,000","Prohibit candidate;
 allow PAC",1:1 match,Disclose all
Static,175,7,3e-5,"$1,000,000","Prohibit candidate;
 allow PAC",1:1 match,Disclose all
Static,175,8,1e-5,"$1,000,000","Prohibit candidate;
 allow PAC",1:1 match,Disclose all
Static,175,9,0,"$1,000,000","Prohibit candidate;
 allow PAC",1:1 match,Disclose all
Static,175,10,0,"$1,000,000","Prohibit candidate;
 allow PAC",1:1 match,Disclose all
Static,176,0,0.00520833333333333,"$10,000","Prohibit candidate;
 allow PAC",1:1 match,Disclose all
Static,176,1,0.00261,"$10,000","Prohibit candidate;
 allow PAC",1:1 match,Disclose all
Static,176,2,3.4e-4,"$10,000","Prohibit candidate;
 allow PAC",1:1 match,Disclose all
Static,176,3,2.5e-4,"$10,000","Prohibit candidate;
 allow PAC",1:1 match,Disclose all
Static,176,4,5e-4,"$10,000","Prohibit candidate;
 allow PAC",1:1 match,Disclose all
Static,176,5,0.00124,"$10,000","Prohibit candidate;
 allow PAC",1:1 match,Disclose all
Static,176,6,0.00115,"$10,000","Prohibit candidate;
 allow PAC",1:1 match,Disclose all
Static,176,7,2.4e-4,"$10,000","Prohibit candidate;
 allow PAC",1:1 match,Disclose all
Static,176,8,1.6e-4,"$10,000","Prohibit candidate;
 allow PAC",1:1 match,Disclose all
Static,176,9,0,"$10,000","Prohibit candidate;
 allow PAC",1:1 match,Disclose all
Static,176,10,3e-5,"$10,000","Prohibit candidate;
 allow PAC",1:1 match,Disclose all
Static,177,0,0.00520833333333333,No limits,Allow all,1:1 match,Disclose all
Static,177,1,3e-5,No limits,Allow all,1:1 match,Disclose all
Static,177,2,0,No limits,Allow all,1:1 match,Disclose all
Static,177,3,0,No limits,Allow all,1:1 match,Disclose all
Static,177,4,0,No limits,Allow all,1:1 match,Disclose all
Static,177,5,0,No limits,Allow all,1:1 match,Disclose all
Static,177,6,0,No limits,Allow all,1:1 match,Disclose all
Static,177,7,0,No limits,Allow all,1:1 match,Disclose all
Static,177,8,0,No limits,Allow all,1:1 match,Disclose all
Static,177,9,0,No limits,Allow all,1:1 match,Disclose all
Static,177,10,0,No limits,Allow all,1:1 match,Disclose all
Static,178,0,0.00520833333333333,"100,000",Allow all,1:1 match,Disclose all
Static,178,1,0.00118,"100,000",Allow all,1:1 match,Disclose all
Static,178,2,0,"100,000",Allow all,1:1 match,Disclose all
Static,178,3,0,"100,000",Allow all,1:1 match,Disclose all
Static,178,4,0,"100,000",Allow all,1:1 match,Disclose all
Static,178,5,0,"100,000",Allow all,1:1 match,Disclose all
Static,178,6,0,"100,000",Allow all,1:1 match,Disclose all
Static,178,7,0,"100,000",Allow all,1:1 match,Disclose all
Static,178,8,0,"100,000",Allow all,1:1 match,Disclose all
Static,178,9,0,"100,000",Allow all,1:1 match,Disclose all
Static,178,10,0,"100,000",Allow all,1:1 match,Disclose all
Static,179,0,0.00520833333333333,"$1,000,000",Allow all,1:1 match,Disclose all
Static,179,1,2.9e-4,"$1,000,000",Allow all,1:1 match,Disclose all
Static,179,2,0,"$1,000,000",Allow all,1:1 match,Disclose all
Static,179,3,0,"$1,000,000",Allow all,1:1 match,Disclose all
Static,179,4,0,"$1,000,000",Allow all,1:1 match,Disclose all
Static,179,5,0,"$1,000,000",Allow all,1:1 match,Disclose all
Static,179,6,0,"$1,000,000",Allow all,1:1 match,Disclose all
Static,179,7,0,"$1,000,000",Allow all,1:1 match,Disclose all
Static,179,8,0,"$1,000,000",Allow all,1:1 match,Disclose all
Static,179,9,0,"$1,000,000",Allow all,1:1 match,Disclose all
Static,179,10,0,"$1,000,000",Allow all,1:1 match,Disclose all
Static,180,0,0.00520833333333333,"$10,000",Allow all,1:1 match,Disclose all
Static,180,1,0.00569,"$10,000",Allow all,1:1 match,Disclose all
Static,180,2,0,"$10,000",Allow all,1:1 match,Disclose all
Static,180,3,0,"$10,000",Allow all,1:1 match,Disclose all
Static,180,4,2e-5,"$10,000",Allow all,1:1 match,Disclose all
Static,180,5,0,"$10,000",Allow all,1:1 match,Disclose all
Static,180,6,0,"$10,000",Allow all,1:1 match,Disclose all
Static,180,7,0,"$10,000",Allow all,1:1 match,Disclose all
Static,180,8,0,"$10,000",Allow all,1:1 match,Disclose all
Static,180,9,0,"$10,000",Allow all,1:1 match,Disclose all
Static,180,10,0,"$10,000",Allow all,1:1 match,Disclose all
Static,181,0,0.00520833333333333,No limits,Prohibit all,Maintain status quo,Disclose all
Static,181,1,1.3e-4,No limits,Prohibit all,Maintain status quo,Disclose all
Static,181,2,1e-5,No limits,Prohibit all,Maintain status quo,Disclose all
Static,181,3,0,No limits,Prohibit all,Maintain status quo,Disclose all
Static,181,4,0,No limits,Prohibit all,Maintain status quo,Disclose all
Static,181,5,0,No limits,Prohibit all,Maintain status quo,Disclose all
Static,181,6,0,No limits,Prohibit all,Maintain status quo,Disclose all
Static,181,7,0,No limits,Prohibit all,Maintain status quo,Disclose all
Static,181,8,0,No limits,Prohibit all,Maintain status quo,Disclose all
Static,181,9,0,No limits,Prohibit all,Maintain status quo,Disclose all
Static,181,10,0,No limits,Prohibit all,Maintain status quo,Disclose all
Static,182,0,0.00520833333333333,"100,000",Prohibit all,Maintain status quo,Disclose all
Static,182,1,0.00422,"100,000",Prohibit all,Maintain status quo,Disclose all
Static,182,2,7.2e-4,"100,000",Prohibit all,Maintain status quo,Disclose all
Static,182,3,2.1e-4,"100,000",Prohibit all,Maintain status quo,Disclose all
Static,182,4,0.00242,"100,000",Prohibit all,Maintain status quo,Disclose all
Static,182,5,0.00369,"100,000",Prohibit all,Maintain status quo,Disclose all
Static,182,6,0.00136,"100,000",Prohibit all,Maintain status quo,Disclose all
Static,182,7,0.01154,"100,000",Prohibit all,Maintain status quo,Disclose all
Static,182,8,0.00773,"100,000",Prohibit all,Maintain status quo,Disclose all
Static,182,9,0.00273,"100,000",Prohibit all,Maintain status quo,Disclose all
Static,182,10,0.0023,"100,000",Prohibit all,Maintain status quo,Disclose all
Static,183,0,0.00520833333333333,"$1,000,000",Prohibit all,Maintain status quo,Disclose all
Static,183,1,0.00135,"$1,000,000",Prohibit all,Maintain status quo,Disclose all
Static,183,2,7e-4,"$1,000,000",Prohibit all,Maintain status quo,Disclose all
Static,183,3,0.00113,"$1,000,000",Prohibit all,Maintain status quo,Disclose all
Static,183,4,0.00146,"$1,000,000",Prohibit all,Maintain status quo,Disclose all
Static,183,5,0.00167,"$1,000,000",Prohibit all,Maintain status quo,Disclose all
Static,183,6,4.2e-4,"$1,000,000",Prohibit all,Maintain status quo,Disclose all
Static,183,7,0.00469,"$1,000,000",Prohibit all,Maintain status quo,Disclose all
Static,183,8,0.00236,"$1,000,000",Prohibit all,Maintain status quo,Disclose all
Static,183,9,0.00111,"$1,000,000",Prohibit all,Maintain status quo,Disclose all
Static,183,10,8.7e-4,"$1,000,000",Prohibit all,Maintain status quo,Disclose all
Static,184,0,0.00520833333333333,"$10,000",Prohibit all,Maintain status quo,Disclose all
Static,184,1,0.02098,"$10,000",Prohibit all,Maintain status quo,Disclose all
Static,184,2,0.00385,"$10,000",Prohibit all,Maintain status quo,Disclose all
Static,184,3,0.00578,"$10,000",Prohibit all,Maintain status quo,Disclose all
Static,184,4,0.0237,"$10,000",Prohibit all,Maintain status quo,Disclose all
Static,184,5,0.0217,"$10,000",Prohibit all,Maintain status quo,Disclose all
Static,184,6,0.01571,"$10,000",Prohibit all,Maintain status quo,Disclose all
Static,184,7,0.05619,"$10,000",Prohibit all,Maintain status quo,Disclose all
Static,184,8,0.05518,"$10,000",Prohibit all,Maintain status quo,Disclose all
Static,184,9,0.04736,"$10,000",Prohibit all,Maintain status quo,Disclose all
Static,184,10,0.03817,"$10,000",Prohibit all,Maintain status quo,Disclose all
Static,185,0,0.00520833333333333,No limits,"Prohibit candidate;
 allow PAC",Maintain status quo,Disclose all
Static,185,1,1e-5,No limits,"Prohibit candidate;
 allow PAC",Maintain status quo,Disclose all
Static,185,2,0,No limits,"Prohibit candidate;
 allow PAC",Maintain status quo,Disclose all
Static,185,3,0,No limits,"Prohibit candidate;
 allow PAC",Maintain status quo,Disclose all
Static,185,4,0,No limits,"Prohibit candidate;
 allow PAC",Maintain status quo,Disclose all
Static,185,5,0,No limits,"Prohibit candidate;
 allow PAC",Maintain status quo,Disclose all
Static,185,6,0,No limits,"Prohibit candidate;
 allow PAC",Maintain status quo,Disclose all
Static,185,7,0,No limits,"Prohibit candidate;
 allow PAC",Maintain status quo,Disclose all
Static,185,8,0,No limits,"Prohibit candidate;
 allow PAC",Maintain status quo,Disclose all
Static,185,9,0,No limits,"Prohibit candidate;
 allow PAC",Maintain status quo,Disclose all
Static,185,10,0,No limits,"Prohibit candidate;
 allow PAC",Maintain status quo,Disclose all
Static,186,0,0.00520833333333333,"100,000","Prohibit candidate;
 allow PAC",Maintain status quo,Disclose all
Static,186,1,3.8e-4,"100,000","Prohibit candidate;
 allow PAC",Maintain status quo,Disclose all
Static,186,2,3e-5,"100,000","Prohibit candidate;
 allow PAC",Maintain status quo,Disclose all
Static,186,3,0,"100,000","Prohibit candidate;
 allow PAC",Maintain status quo,Disclose all
Static,186,4,0,"100,000","Prohibit candidate;
 allow PAC",Maintain status quo,Disclose all
Static,186,5,1e-5,"100,000","Prohibit candidate;
 allow PAC",Maintain status quo,Disclose all
Static,186,6,1e-5,"100,000","Prohibit candidate;
 allow PAC",Maintain status quo,Disclose all
Static,186,7,1e-5,"100,000","Prohibit candidate;
 allow PAC",Maintain status quo,Disclose all
Static,186,8,0,"100,000","Prohibit candidate;
 allow PAC",Maintain status quo,Disclose all
Static,186,9,0,"100,000","Prohibit candidate;
 allow PAC",Maintain status quo,Disclose all
Static,186,10,0,"100,000","Prohibit candidate;
 allow PAC",Maintain status quo,Disclose all
Static,187,0,0.00520833333333333,"$1,000,000","Prohibit candidate;
 allow PAC",Maintain status quo,Disclose all
Static,187,1,1.2e-4,"$1,000,000","Prohibit candidate;
 allow PAC",Maintain status quo,Disclose all
Static,187,2,0,"$1,000,000","Prohibit candidate;
 allow PAC",Maintain status quo,Disclose all
Static,187,3,3e-5,"$1,000,000","Prohibit candidate;
 allow PAC",Maintain status quo,Disclose all
Static,187,4,0,"$1,000,000","Prohibit candidate;
 allow PAC",Maintain status quo,Disclose all
Static,187,5,1e-5,"$1,000,000","Prohibit candidate;
 allow PAC",Maintain status quo,Disclose all
Static,187,6,1e-5,"$1,000,000","Prohibit candidate;
 allow PAC",Maintain status quo,Disclose all
Static,187,7,0,"$1,000,000","Prohibit candidate;
 allow PAC",Maintain status quo,Disclose all
Static,187,8,0,"$1,000,000","Prohibit candidate;
 allow PAC",Maintain status quo,Disclose all
Static,187,9,0,"$1,000,000","Prohibit candidate;
 allow PAC",Maintain status quo,Disclose all
Static,187,10,0,"$1,000,000","Prohibit candidate;
 allow PAC",Maintain status quo,Disclose all
Static,188,0,0.00520833333333333,"$10,000","Prohibit candidate;
 allow PAC",Maintain status quo,Disclose all
Static,188,1,0.0016,"$10,000","Prohibit candidate;
 allow PAC",Maintain status quo,Disclose all
Static,188,2,5e-5,"$10,000","Prohibit candidate;
 allow PAC",Maintain status quo,Disclose all
Static,188,3,4e-5,"$10,000","Prohibit candidate;
 allow PAC",Maintain status quo,Disclose all
Static,188,4,3e-5,"$10,000","Prohibit candidate;
 allow PAC",Maintain status quo,Disclose all
Static,188,5,3e-5,"$10,000","Prohibit candidate;
 allow PAC",Maintain status quo,Disclose all
Static,188,6,8e-5,"$10,000","Prohibit candidate;
 allow PAC",Maintain status quo,Disclose all
Static,188,7,1e-4,"$10,000","Prohibit candidate;
 allow PAC",Maintain status quo,Disclose all
Static,188,8,0,"$10,000","Prohibit candidate;
 allow PAC",Maintain status quo,Disclose all
Static,188,9,1e-5,"$10,000","Prohibit candidate;
 allow PAC",Maintain status quo,Disclose all
Static,188,10,1e-5,"$10,000","Prohibit candidate;
 allow PAC",Maintain status quo,Disclose all
Static,189,0,0.00520833333333333,No limits,Allow all,Maintain status quo,Disclose all
Static,189,1,2e-5,No limits,Allow all,Maintain status quo,Disclose all
Static,189,2,0,No limits,Allow all,Maintain status quo,Disclose all
Static,189,3,0,No limits,Allow all,Maintain status quo,Disclose all
Static,189,4,0,No limits,Allow all,Maintain status quo,Disclose all
Static,189,5,0,No limits,Allow all,Maintain status quo,Disclose all
Static,189,6,0,No limits,Allow all,Maintain status quo,Disclose all
Static,189,7,0,No limits,Allow all,Maintain status quo,Disclose all
Static,189,8,0,No limits,Allow all,Maintain status quo,Disclose all
Static,189,9,0,No limits,Allow all,Maintain status quo,Disclose all
Static,189,10,0,No limits,Allow all,Maintain status quo,Disclose all
Static,190,0,0.00520833333333333,"100,000",Allow all,Maintain status quo,Disclose all
Static,190,1,9.2e-4,"100,000",Allow all,Maintain status quo,Disclose all
Static,190,2,0,"100,000",Allow all,Maintain status quo,Disclose all
Static,190,3,0,"100,000",Allow all,Maintain status quo,Disclose all
Static,190,4,0,"100,000",Allow all,Maintain status quo,Disclose all
Static,190,5,0,"100,000",Allow all,Maintain status quo,Disclose all
Static,190,6,0,"100,000",Allow all,Maintain status quo,Disclose all
Static,190,7,0,"100,000",Allow all,Maintain status quo,Disclose all
Static,190,8,0,"100,000",Allow all,Maintain status quo,Disclose all
Static,190,9,0,"100,000",Allow all,Maintain status quo,Disclose all
Static,190,10,0,"100,000",Allow all,Maintain status quo,Disclose all
Static,191,0,0.00520833333333333,"$1,000,000",Allow all,Maintain status quo,Disclose all
Static,191,1,2.4e-4,"$1,000,000",Allow all,Maintain status quo,Disclose all
Static,191,2,0,"$1,000,000",Allow all,Maintain status quo,Disclose all
Static,191,3,0,"$1,000,000",Allow all,Maintain status quo,Disclose all
Static,191,4,0,"$1,000,000",Allow all,Maintain status quo,Disclose all
Static,191,5,0,"$1,000,000",Allow all,Maintain status quo,Disclose all
Static,191,6,0,"$1,000,000",Allow all,Maintain status quo,Disclose all
Static,191,7,0,"$1,000,000",Allow all,Maintain status quo,Disclose all
Static,191,8,0,"$1,000,000",Allow all,Maintain status quo,Disclose all
Static,191,9,0,"$1,000,000",Allow all,Maintain status quo,Disclose all
Static,191,10,0,"$1,000,000",Allow all,Maintain status quo,Disclose all
Static,192,0,0.00520833333333333,"$10,000",Allow all,Maintain status quo,Disclose all
Static,192,1,0.00438,"$10,000",Allow all,Maintain status quo,Disclose all
Static,192,2,0,"$10,000",Allow all,Maintain status quo,Disclose all
Static,192,3,0,"$10,000",Allow all,Maintain status quo,Disclose all
Static,192,4,0,"$10,000",Allow all,Maintain status quo,Disclose all
Static,192,5,0,"$10,000",Allow all,Maintain status quo,Disclose all
Static,192,6,0,"$10,000",Allow all,Maintain status quo,Disclose all
Static,192,7,0,"$10,000",Allow all,Maintain status quo,Disclose all
Static,192,8,0,"$10,000",Allow all,Maintain status quo,Disclose all
Static,192,9,0,"$10,000",Allow all,Maintain status quo,Disclose all
Static,192,10,0,"$10,000",Allow all,Maintain status quo,Disclose all
