paper_id,claim_id,table_figure,claim,claim_type,mode,digits,value_script,value_paper,match,value_rewrite,match_rewrite,holds,defect_locus,notes
offer-westort_coppock_green_2021,sim_obs_per_period,text,Observations sampled per period in the illustrative simulations,definitional,,0,NA,100,NA,100,1,NA,NA,"The rewrite gives 100, which is the published value."
offer-westort_coppock_green_2021,sim_periods,text,Number of periods in the illustrative simulations,definitional,,0,NA,10,NA,10,1,NA,NA,"The rewrite gives 10, which is the published value."
offer-westort_coppock_green_2021,sim_arms,text,Number of arms in the illustrative simulations,definitional,,0,NA,9,NA,9,1,NA,NA,"The rewrite gives 9, which is the published value."
offer-westort_coppock_green_2021,sim_iterations,text,Simulated experiments behind Table 1,definitional,,0,NA,10000,NA,10000,1,NA,NA,"The rewrite gives 10000, which is the published value."
offer-westort_coppock_green_2021,ci_level,text,Confidence level used throughout,definitional,,2,NA,0.95,NA,0.9499999999999993,1,NA,NA,"The rewrite gives 0.95, which is the published value."
offer-westort_coppock_green_2021,case1_best_rate,text,Case 1 best arm success rate,definitional,,1,NA,0.2,NA,NA,NA,NA,NA,No counterpart in the pipeline; verified at the point of use.
offer-westort_coppock_green_2021,case1_other_rate,text,Case 1 other arms' success rate,definitional,,1,NA,0.1,NA,NA,NA,NA,NA,No counterpart in the pipeline; verified at the point of use.
offer-westort_coppock_green_2021,case2_best_rate,text,Case 2 best arm success rate,definitional,,2,NA,0.11,NA,NA,NA,NA,NA,No counterpart in the pipeline; verified at the point of use.
offer-westort_coppock_green_2021,case3_best_rate,text,Case 3 best arm success rate,definitional,,1,NA,0.2,NA,NA,NA,NA,NA,No counterpart in the pipeline; verified at the point of use.
offer-westort_coppock_green_2021,case3_second_rate,text,Case 3 second best arm success rate,definitional,,2,NA,0.18,NA,NA,NA,NA,NA,No counterpart in the pipeline; verified at the point of use.
offer-westort_coppock_green_2021,control_prob_cap,text,Cap on the control arm's assignment probability,definitional,,2,NA,0.90,NA,NA,NA,NA,NA,No counterpart in the pipeline; verified at the point of use.
offer-westort_coppock_green_2021,control_catchup_example,text,Worked example: share of the batch going to control,definitional,,2,NA,0.30,NA,NA,NA,NA,NA,No counterpart in the pipeline; verified at the point of use.
offer-westort_coppock_green_2021,fig1_case1_ts_best,figure_1,"Case 1 posterior probability of the true best arm, Thompson sampling",pipeline,,2,NA,0.90,NA,0.8954,1,NA,NA,"The rewrite gives 0.90, which is the published value."
offer-westort_coppock_green_2021,fig1_case1_static_best,figure_1,"Case 1 posterior probability of the true best arm, static",pipeline,,2,NA,0.61,NA,0.607,1,NA,NA,"The rewrite gives 0.61, which is the published value."
offer-westort_coppock_green_2021,fig1_case2_ts_best,figure_1,"Case 2 posterior probability of the true best arm, Thompson sampling",pipeline,,2,NA,0.13,NA,0.132,1,NA,NA,"The rewrite gives 0.13, which is the published value."
offer-westort_coppock_green_2021,fig1_case2_ts_inferior,figure_1,"Case 2 highest posterior probability of an inferior arm, Thompson sampling",pipeline,,2,NA,0.24,NA,0.2424,1,NA,NA,"The rewrite gives 0.24, which is the published value."
offer-westort_coppock_green_2021,fig1_case2_static_best,figure_1,"Case 2 posterior probability of the true best arm, static",pipeline,,2,NA,0.06,NA,0.0582,1,NA,NA,"The rewrite gives 0.06, which is the published value."
offer-westort_coppock_green_2021,fig1_case2_static_inferior,figure_1,"Case 2 highest posterior probability of an inferior arm, static",pipeline,,2,NA,0.36,NA,0.3574,1,NA,NA,"The rewrite gives 0.36, which is the published value."
offer-westort_coppock_green_2021,fig1_case3_ts_best,figure_1,"Case 3 posterior probability of the true best arm, Thompson sampling",pipeline,,2,NA,0.88,NA,0.8764,1,NA,NA,"The rewrite gives 0.88, which is the published value."
offer-westort_coppock_green_2021,fig1_case3_ts_second,figure_1,"Case 3 posterior probability of the second best arm, Thompson sampling",pipeline,,2,NA,0.04,NA,0.0366,1,NA,NA,"The rewrite gives 0.04, which is the published value."
offer-westort_coppock_green_2021,fig1_case3_static_second,figure_1,"Case 3 posterior probability of the second best arm, static",pipeline,,2,NA,0.66,NA,0.6574,1,NA,NA,"The rewrite gives 0.66, which is the published value."
offer-westort_coppock_green_2021,fig1_case3_static_best,figure_1,"Case 3 posterior probability of the true best arm, static",pipeline,,2,NA,0.24,NA,0.2392,1,NA,NA,"The rewrite gives 0.24, which is the published value."
offer-westort_coppock_green_2021,s1_n,text,Subjects recruited for study 1,definitional,,0,NA,1000,NA,1000,1,NA,NA,"The rewrite gives 1000, which is the published value."
offer-westort_coppock_green_2021,s1_ts_prob,text,Probability of assignment by Thompson sampling,definitional,,2,NA,0.90,NA,NA,NA,NA,NA,No counterpart in the pipeline; verified at the point of use.
offer-westort_coppock_green_2021,s1_srs_prob,text,Probability of assignment by balanced simple random assignment,definitional,,2,NA,0.10,NA,NA,NA,NA,NA,No counterpart in the pipeline; verified at the point of use.
offer-westort_coppock_green_2021,s1_mw_arms,text,Minimum wage treatment arms,definitional,,0,NA,10,NA,10,1,NA,NA,"The rewrite gives 10, which is the published value."
offer-westort_coppock_green_2021,s1_rtw_arms,text,Right-to-work treatment arms,definitional,,0,NA,8,NA,8,1,NA,NA,"The rewrite gives 8, which is the published value."
offer-westort_coppock_green_2021,s1_payment,text,"Payment per subject, in dollars",definitional,,0,NA,1,NA,NA,NA,NA,NA,No counterpart in the pipeline; verified at the point of use.
offer-westort_coppock_green_2021,s1_field_dates,text,"Field period, June 21 to June 30, 2018",structural,,0,NA,2018,NA,NA,NA,NA,NA,No counterpart in the pipeline; verified at the point of use.
offer-westort_coppock_green_2021,s1_mw_top_posterior,text,Minimum wage leading arm's posterior probability of being best,pipeline,,3,NA,0.219,NA,0.2186159956150709,1,NA,NA,"The rewrite gives 0.219, which is the published value."
offer-westort_coppock_green_2021,s1_mw_top_mean,text,Minimum wage leading arm's estimated mean,pipeline,,3,NA,0.895,NA,0.8648207817917613,0,NA,paper_internal,"The sentence's posterior probability and respondent count belong to Proposal 3 (N), whose estimated mean is 0.865; 0.895 is Proposal 3 (Y)'s, over 121 respondents."
offer-westort_coppock_green_2021,s1_mw_top_n,text,Respondents assigned to the minimum wage leading arm,pipeline,,0,183,183,1,183,1,NA,NA,"The rewrite gives 183, which is the published value."
offer-westort_coppock_green_2021,s1_mw_arms_below_08,text,Minimum wage arms with a success rate under 0.8,descriptive,,0,NA,2,NA,2,NA,1,NA,The estimates support the claim.
offer-westort_coppock_green_2021,s1_mw_f_p,text,Minimum wage randomization inference F-test p-value,pipeline,,3,0.429,0.429,1,0.4290000000000001,1,NA,NA,"The rewrite gives 0.429, which is the published value."
offer-westort_coppock_green_2021,s1_rtw_top_posterior,text,Right-to-work leading arm's posterior probability of being best,pipeline,,3,NA,0.906,NA,0.9059046533093148,1,NA,NA,"The rewrite gives 0.906, which is the published value."
offer-westort_coppock_green_2021,s1_rtw_second_posterior,text,Right-to-work second arm's posterior probability of being best,pipeline,,3,NA,0.085,NA,0.08490643920378865,1,NA,NA,"The rewrite gives 0.085, which is the published value."
offer-westort_coppock_green_2021,s1_rtw_top_mean,text,Right-to-work leading arm's estimated mean,pipeline,,3,NA,0.926,NA,0.925850942358672,1,NA,NA,"The rewrite gives 0.926, which is the published value."
offer-westort_coppock_green_2021,s1_rtw_second_mean,text,Right-to-work second arm's estimated mean,pipeline,,3,NA,0.934,NA,0.9336187787912604,1,NA,NA,"The rewrite gives 0.934, which is the published value."
offer-westort_coppock_green_2021,s1_rtw_top_n,text,Respondents assigned to the right-to-work leading arm,pipeline,,0,721,721,1,721,1,NA,NA,"The rewrite gives 721, which is the published value."
offer-westort_coppock_green_2021,s1_rtw_second_n,text,Respondents assigned to the right-to-work second arm,pipeline,,0,82,82,1,82,1,NA,NA,"The rewrite gives 82, which is the published value."
offer-westort_coppock_green_2021,s1_rtw_f_p,text,Right-to-work randomization inference F-test p-value,pipeline,,3,0.199,0.199,1,0.19899999999999995,1,NA,NA,"The rewrite gives 0.199, which is the published value."
offer-westort_coppock_green_2021,s1_static_mw_per_arm,text,Expected assignments per minimum wage arm under a static design,definitional,,0,NA,100,NA,100,1,NA,NA,"The rewrite gives 100, which is the published value."
offer-westort_coppock_green_2021,s1_static_rtw_per_arm,text,Expected assignments per right-to-work arm under a static design,definitional,,0,NA,125,NA,125,1,NA,NA,"The rewrite gives 125, which is the published value."
offer-westort_coppock_green_2021,s1_mw_correct_adaptive,text,"Share of simulated adaptive minimum wage trials picking the best proposal, per cent",pipeline,,0,NA,47,NA,46.75999999999997,1,NA,NA,"The rewrite gives 47, which is the published value."
offer-westort_coppock_green_2021,s1_mw_correct_static,text,"Share of simulated static minimum wage trials picking the best proposal, per cent",pipeline,,0,NA,37,NA,36.45999999999998,0,NA,paper_internal,"The simulations pick the best minimum wage proposal in 36.46 per cent of runs, which is 36 per cent at the precision the sentence uses. Rounding to one decimal first gives 36.5 and then 37."
offer-westort_coppock_green_2021,s1_rtw_correct_adaptive,text,"Share of simulated adaptive right-to-work trials picking the best proposal, per cent",pipeline,,0,NA,65,NA,65.19,1,NA,NA,"The rewrite gives 65, which is the published value."
offer-westort_coppock_green_2021,s1_rtw_correct_static,text,"Share of simulated static right-to-work trials picking the best proposal, per cent",pipeline,,0,NA,58,NA,58.43000000000001,1,NA,NA,"The rewrite gives 58, which is the published value."
offer-westort_coppock_green_2021,s1_mw_se_ratio,text,"Static standard error as a percentage of the adaptive one, minimum wage",pipeline,,0,NA,90,NA,89.71502344768567,1,NA,NA,"The rewrite gives 90, which is the published value."
offer-westort_coppock_green_2021,s1_rtw_se_ratio,text,"Static standard error as a percentage of the adaptive one, right-to-work",pipeline,,0,NA,133,NA,133.34161281819948,1,NA,NA,"The rewrite gives 133, which is the published value."
offer-westort_coppock_green_2021,s1_rtw_se_ratio_inverse,text,"Adaptive standard error as a percentage of the static one, right-to-work",pipeline,,0,NA,75,NA,74.9953430789396,1,NA,NA,"The rewrite gives 75, which is the published value."
offer-westort_coppock_green_2021,s2_arms,text,Arms in the study 2 trial,definitional,,0,NA,6,NA,6,1,NA,NA,"The rewrite gives 6, which is the published value."
offer-westort_coppock_green_2021,s2_treatment_arms,text,Treatment arms in the study 2 trial,definitional,,0,NA,5,NA,5,1,NA,NA,"The rewrite gives 5, which is the published value."
offer-westort_coppock_green_2021,s2_lottery_prize,text,"Lottery prize, in dollars",definitional,,0,NA,100,NA,NA,NA,NA,NA,No counterpart in the pipeline; verified at the point of use.
offer-westort_coppock_green_2021,s2_extra_time_seconds,text,Seconds allotted under the Extra Time condition,definitional,,0,NA,45,NA,NA,NA,NA,NA,No counterpart in the pipeline; verified at the point of use.
offer-westort_coppock_green_2021,s2_obs_per_day,text,Observations gathered per day,structural,approximate,0,NA,300,NA,322.5,NA,1,NA,The article hedges this figure; the pipeline gives 322.5.
offer-westort_coppock_green_2021,s2_days,text,Days of data collection,definitional,,0,NA,10,NA,10,1,NA,NA,"The rewrite gives 10, which is the published value."
offer-westort_coppock_green_2021,s2_payment,text,"Payment per subject, in dollars",definitional,,0,NA,1,NA,NA,NA,NA,NA,No counterpart in the pipeline; verified at the point of use.
offer-westort_coppock_green_2021,s2_field_dates,text,"Field period, November 27 to December 10, 2019",structural,,0,NA,2019,NA,NA,NA,NA,NA,No counterpart in the pipeline; verified at the point of use.
offer-westort_coppock_green_2021,s2_control_deficit_rep,text,"Republicans in the control condition answering the deficit question correctly, per cent",pipeline,,0,NA,24,NA,23.958333333333336,1,NA,NA,"The rewrite gives 24, which is the published value."
offer-westort_coppock_green_2021,s2_control_deficit_dem,text,"Democrats in the control condition answering the deficit question correctly, per cent",pipeline,,0,NA,62,NA,62.27758007117438,1,NA,NA,"The rewrite gives 62, which is the published value."
offer-westort_coppock_green_2021,s2_control_unemp_rep,text,"Republicans in the control condition answering the unemployment question correctly, per cent",pipeline,,0,NA,75,NA,75.41666666666667,1,NA,NA,"The rewrite gives 75, which is the published value."
offer-westort_coppock_green_2021,s2_control_unemp_dem,text,"Democrats in the control condition answering the unemployment question correctly, per cent",pipeline,,0,NA,34,NA,34.16370106761566,1,NA,NA,"The rewrite gives 34, which is the published value."
offer-westort_coppock_green_2021,s2_control_nfi_rep,text,"Republicans in the control condition answering the farm income question correctly, per cent",pipeline,,0,NA,22,NA,21.875,1,NA,NA,"The rewrite gives 22, which is the published value."
offer-westort_coppock_green_2021,s2_control_nfi_dem,text,"Democrats in the control condition answering the farm income question correctly, per cent",pipeline,,0,NA,59,NA,59.430604982206404,1,NA,NA,"The rewrite gives 59, which is the published value."
offer-westort_coppock_green_2021,s2_independents_n,text,Pure independents in study 2,pipeline,,0,NA,568,NA,568,1,NA,NA,"The rewrite gives 568, which is the published value."
offer-westort_coppock_green_2021,s2_pid_scale,text,Points on the partisanship scale,definitional,,0,NA,7,NA,NA,NA,NA,NA,No counterpart in the pipeline; verified at the point of use.
offer-westort_coppock_green_2021,s2_rep_lottery_ate,text,"Republican Lottery effect, percentage points",pipeline,,1,NA,4.1,NA,4.134461703550386,1,NA,NA,"The rewrite gives 4.1, which is the published value."
offer-westort_coppock_green_2021,s2_rep_lottery_se,text,"Republican Lottery standard error, percentage points",pipeline,,1,NA,1.7,NA,1.6709055568449298,1,NA,NA,"The rewrite gives 1.7, which is the published value."
offer-westort_coppock_green_2021,s2_rep_lottery_n,text,Republicans assigned to the Lottery condition,pipeline,,0,NA,552,NA,552,1,NA,NA,"The rewrite gives 552, which is the published value."
offer-westort_coppock_green_2021,s2_rep_total_n,text,Republicans in study 2,pipeline,,0,NA,1258,NA,1258,1,NA,NA,"The rewrite gives 1258, which is the published value."
offer-westort_coppock_green_2021,s2_rep_control_n,text,Republicans assigned to the control condition,pipeline,,0,NA,493,NA,493,1,NA,NA,"The rewrite gives 493, which is the published value."
offer-westort_coppock_green_2021,s2_rep_static_se,text,"Republican Lottery standard error under a simulated static design, percentage points",pipeline,unseeded,1,NA,2.5,NA,2.587670641488809,NA,1,NA,A bootstrap the deposit does not seed reproducibly; the pipeline gives 2.6.
offer-westort_coppock_green_2021,s2_rep_lottery_p,text,"Republican Lottery p-value, adaptive design",pipeline,,3,NA,0.014,NA,0.01369312293828367,1,NA,NA,"The rewrite gives 0.014, which is the published value."
offer-westort_coppock_green_2021,s2_rep_static_p,text,"Republican Lottery p-value, simulated static design",pipeline,unseeded,3,NA,0.152,NA,0.11714349218820153,NA,0,archive,"The deposit's own script for this figure stops before reaching it, on a saved object no deposited file contains. Over five seeds of the bootstrap the p-value runs 0.076 to 0.117, and the estimate and standard error printed beside it on Figure F.8 both reproduce."
offer-westort_coppock_green_2021,s2_rep_4pt_arm,text,The article names the 4.1-point Republican effect as the accuracy treatment's,descriptive,,0,NA,1,NA,0,NA,0,paper_internal,"The 4.1-point Republican effect is the Lottery arm's, as the preceding sentence and Figure 6 both say; the Accuracy arm's estimate is -0.053."
offer-westort_coppock_green_2021,s2_rep_ri_p,text,Republican randomization inference F-test p-value,pipeline,,3,0.013,0.028,0,0.01100000000000001,0,NA,paper_internal,"The article gives the Republicans 0.028, which is the value the deposited script returns for the Democrats; the value it returns for the Republicans is 0.013, which the article gives the Democrats. The pipeline returns 0.011 here, against the deposit's 0.013."
offer-westort_coppock_green_2021,s2_dem_lottery_ate,text,"Democratic Lottery effect, percentage points",pipeline,,1,NA,7.1,NA,7.1042004028112045,1,NA,NA,"The rewrite gives 7.1, which is the published value."
offer-westort_coppock_green_2021,s2_dem_lottery_p,text,"Democratic Lottery p-value, unadjusted",pipeline,,3,NA,0.007,NA,0.00667861661272822,1,NA,NA,"The rewrite gives 0.007, which is the published value."
offer-westort_coppock_green_2021,s2_dem_lottery_ate_adj,text,"Democratic Lottery effect, covariate adjusted, percentage points",pipeline,,1,NA,5.3,NA,5.340597515771311,1,NA,NA,"The rewrite gives 5.3, which is the published value."
offer-westort_coppock_green_2021,s2_dem_lottery_p_adj,text,"Democratic Lottery p-value, covariate adjusted",pipeline,,2,NA,0.03,NA,0.0332409983132314,1,NA,NA,"The rewrite gives 0.03, which is the published value."
offer-westort_coppock_green_2021,s2_dem_ri_p,text,Democratic randomization inference F-test p-value,pipeline,,3,0.028,0.013,0,0.02700000000000002,0,NA,paper_internal,"The article gives the Democrats 0.013, which is the value the deposited script returns for the Republicans; the value it returns for the Democrats is 0.028, which the article gives the Republicans. The two are transposed, and the observed F statistics settle which way round: the Republican F is the larger of the two, so the Republican p-value is the smaller. The pipeline returns 0.027 here, against the deposit's 0.028."
offer-westort_coppock_green_2021,s2_bols_p_rep,text,Republican Lottery p-value under batched OLS,pipeline,,3,NA,0.026,NA,0.02601999999999993,1,NA,NA,"The rewrite gives 0.026, which is the published value."
offer-westort_coppock_green_2021,s2_bols_p_dem,text,Democratic Lottery p-value under batched OLS,pipeline,,3,NA,0.018,NA,0.01785100000000006,1,NA,NA,"The rewrite gives 0.018, which is the published value."
offer-westort_coppock_green_2021,star_threshold,text,Significance threshold marked by an asterisk,definitional,,2,NA,0.05,NA,NA,NA,NA,NA,No counterpart in the pipeline; verified at the point of use.
offer-westort_coppock_green_2021,si_crossrefs,text,"Supplement sections cited in the article, each at the page the article gives",structural,,0,NA,13,NA,NA,NA,NA,NA,No counterpart in the pipeline; verified at the point of use.
offer-westort_coppock_green_2021,appa_zt,text,Cap Zt on the control catch-up share,definitional,,2,NA,0.90,NA,NA,NA,NA,NA,No counterpart in the pipeline; verified at the point of use.
offer-westort_coppock_green_2021,appc1_prob_best,text,Worked example: probability that arm one is best after one success and one failure,definitional,,3,NA,0.833,NA,NA,NA,NA,NA,No counterpart in the pipeline; verified at the point of use.
offer-westort_coppock_green_2021,appc2_expected_mean,text,Worked example: expected sample mean under Thompson sampling,definitional,,3,NA,0.458,NA,NA,NA,NA,NA,No counterpart in the pipeline; verified at the point of use.
offer-westort_coppock_green_2021,appc2_expected_max,text,Worked example: expected sample mean of the best observed arm,definitional,,3,NA,0.708,NA,NA,NA,NA,NA,No counterpart in the pipeline; verified at the point of use.
offer-westort_coppock_green_2021,appc2_ipw,text,Worked example: expected IPW estimate for either arm,definitional,,1,NA,0.5,NA,NA,NA,NA,NA,No counterpart in the pipeline; verified at the point of use.
offer-westort_coppock_green_2021,table_c1,table_c1,"States after two periods, with their probabilities",definitional,,0,NA,24,NA,NA,NA,NA,NA,No counterpart in the pipeline; verified at the point of use.
offer-westort_coppock_green_2021,appc3_t1_posterior,text,Worked example: posterior probability that arm T1 is best,definitional,,3,NA,0.929,NA,NA,NA,NA,NA,No counterpart in the pipeline; verified at the point of use.
offer-westort_coppock_green_2021,appc3_t2_posterior,text,Worked example: posterior probability that arm T2 is best,definitional,,3,NA,0.071,NA,NA,NA,NA,NA,No counterpart in the pipeline; verified at the point of use.
offer-westort_coppock_green_2021,appc3_pt1_period2,text,Worked example: period two assignment probability for T1,definitional,,3,NA,0.619,NA,NA,NA,NA,NA,No counterpart in the pipeline; verified at the point of use.
offer-westort_coppock_green_2021,appc3_pt2_period2,text,Worked example: period two assignment probability for T2,definitional,,3,NA,0.048,NA,NA,NA,NA,NA,No counterpart in the pipeline; verified at the point of use.
offer-westort_coppock_green_2021,appc3_t1_posterior2,text,Worked example: second period posterior probability for T1,definitional,,3,NA,0.713,NA,NA,NA,NA,NA,No counterpart in the pipeline; verified at the point of use.
offer-westort_coppock_green_2021,appc3_t2_posterior2,text,Worked example: second period posterior probability for T2,definitional,,3,NA,0.287,NA,NA,NA,NA,NA,No counterpart in the pipeline; verified at the point of use.
offer-westort_coppock_green_2021,appc3_pc_period3,text,Worked example: period three assignment probability for the control,definitional,,3,NA,0.630,NA,NA,NA,NA,NA,No counterpart in the pipeline; verified at the point of use.
offer-westort_coppock_green_2021,appc3_pt1_period3,text,Worked example: period three assignment probability for T1,definitional,,3,NA,0.264,NA,NA,NA,NA,NA,No counterpart in the pipeline; verified at the point of use.
offer-westort_coppock_green_2021,appc3_pt2_period3,text,Worked example: period three assignment probability for T2,definitional,,3,NA,0.106,NA,NA,NA,NA,NA,No counterpart in the pipeline; verified at the point of use.
offer-westort_coppock_green_2021,appd1_total_obs,text,Total observations in every appendix D simulation,definitional,,0,NA,1000,NA,1000,1,NA,NA,"The rewrite gives 1000, which is the published value."
offer-westort_coppock_green_2021,appd1_gains_by_five,text,Most of the gain in best arm selection is realised by five batches,descriptive,,0,NA,1,NA,1,NA,1,NA,The estimates support the claim.
offer-westort_coppock_green_2021,table_1_cells,table_1,Published cells in Table 1,pipeline,,0,NA,39,NA,39,1,NA,NA,"The rewrite gives 39, which is the published value."
offer-westort_coppock_green_2021,table_d2_cells,table_d2,Published cells in Table D.2,pipeline,,0,NA,255,NA,255,1,NA,NA,"The rewrite gives 255, which is the published value."
offer-westort_coppock_green_2021,table_d3_cells,table_d3,Published cells in Table D.3,pipeline,,0,NA,165,NA,165,1,NA,NA,"The rewrite gives 165, which is the published value."
offer-westort_coppock_green_2021,table_d4_cells,table_d4,Published cells in Table D.4,pipeline,,0,NA,150,NA,150,1,NA,NA,"The rewrite gives 150, which is the published value."
offer-westort_coppock_green_2021,table_d5_cells,table_d5,Published cells in Table D.5,pipeline,,0,NA,150,NA,150,1,NA,NA,"The rewrite gives 150, which is the published value."
offer-westort_coppock_green_2021,table_e6_rates,table_e6,State minimum wage rates as of June 2018,transcribed,,0,NA,50,NA,NA,NA,NA,NA,No counterpart in the pipeline; verified at the point of use.
offer-westort_coppock_green_2021,appf1_control_mean_dem,text,Democratic control condition response rate,pipeline,,3,NA,0.956,NA,0.9556588073099844,1,NA,NA,"The rewrite gives 0.956, which is the published value."
offer-westort_coppock_green_2021,appf1_control_mean_rep,text,Republican control condition response rate,pipeline,,3,NA,0.977,NA,0.9768940243394464,1,NA,NA,"The rewrite gives 0.977, which is the published value."
offer-westort_coppock_green_2021,appf1_google_drop,text,"Google condition response rate shortfall, percentage points",pipeline,approximate,0,NA,5,NA,4.863290093642015,NA,1,NA,The article hedges this figure; the pipeline gives 4.9.
offer-westort_coppock_green_2021,appf1_extratime_drop_dem,text,"Democratic Extra Time response rate shortfall, percentage points",pipeline,,0,NA,32,NA,32.144870285904865,1,NA,NA,"The rewrite gives 32, which is the published value."
offer-westort_coppock_green_2021,appf1_extratime_drop_rep,text,"Republican Extra Time response rate shortfall, percentage points",pipeline,,0,NA,23,NA,23.383255643298043,1,NA,NA,"The rewrite gives 23, which is the published value."
offer-westort_coppock_green_2021,table_f7_cells,table_f7,Published cells in Table F.7,pipeline,,0,NA,64,NA,64,1,NA,NA,"The rewrite gives 64, which is the published value."
offer-westort_coppock_green_2021,appf8_bootstraps,text,Bootstrap replicates behind the simulated static design,definitional,,0,NA,1000,NA,1000,1,NA,NA,"The rewrite gives 1000, which is the published value."
offer-westort_coppock_green_2021,appg_n,text,Subjects in the adaptive conjoint trial,definitional,,0,NA,979,NA,NA,NA,NA,NA,No counterpart in the pipeline; verified at the point of use.
offer-westort_coppock_green_2021,appg_mturk_n,text,Subjects in the static conjoint comparison,definitional,,0,NA,979,NA,NA,NA,NA,NA,No counterpart in the pipeline; verified at the point of use.
offer-westort_coppock_green_2021,appg_profiles,text,Unique experimental arms in the conjoint,definitional,,0,NA,192,NA,192,1,NA,NA,"The rewrite gives 192, which is the published value."
offer-westort_coppock_green_2021,appg_levels_z1,text,Levels of the personal limits attribute,definitional,,0,NA,4,NA,4,1,NA,NA,"The rewrite gives 4, which is the published value."
offer-westort_coppock_green_2021,appg_levels_z2,text,Levels of the corporate limits attribute,definitional,,0,NA,3,NA,3,1,NA,NA,"The rewrite gives 3, which is the published value."
offer-westort_coppock_green_2021,appg_levels_z3,text,Levels of the public funding attribute,definitional,,0,NA,4,NA,4,1,NA,NA,"The rewrite gives 4, which is the published value."
offer-westort_coppock_green_2021,appg_levels_z4,text,Levels of the disclosures attribute,definitional,,0,NA,4,NA,4,1,NA,NA,"The rewrite gives 4, which is the published value."
offer-westort_coppock_green_2021,appg_waves,text,Waves of conjoint data collection,definitional,,0,NA,10,NA,10,1,NA,NA,"The rewrite gives 10, which is the published value."
offer-westort_coppock_green_2021,appg_payment,text,"Payment per conjoint subject, in dollars",definitional,,0,NA,1,NA,NA,NA,NA,NA,No counterpart in the pipeline; verified at the point of use.
offer-westort_coppock_green_2021,appg_field_dates,text,"Conjoint field periods, November 26 to December 7 2018 and November 4 to 12 2018",structural,,0,NA,2018,NA,NA,NA,NA,NA,No counterpart in the pipeline; verified at the point of use.
offer-westort_coppock_green_2021,appg_adaptive_p1,text,"Adaptive design, most preferred profile's probability of being best",pipeline,,3,NA,0.338,NA,0.33828,1,NA,NA,"The rewrite gives 0.338, which is the published value."
offer-westort_coppock_green_2021,appg_adaptive_p2,text,"Adaptive design, second profile's probability of being best",pipeline,,3,NA,0.213,NA,0.21251,1,NA,NA,"The rewrite gives 0.213, which is the published value."
offer-westort_coppock_green_2021,appg_adaptive_p3,text,"Adaptive design, third profile's probability of being best",pipeline,,3,NA,0.076,NA,0.07608,1,NA,NA,"The rewrite gives 0.076, which is the published value."
offer-westort_coppock_green_2021,appg_static_p1,text,"Static design, most preferred profile's probability of being best",pipeline,,3,NA,0.194,NA,0.19398,1,NA,NA,"The rewrite gives 0.194, which is the published value."
offer-westort_coppock_green_2021,appg_static_p2,text,"Static design, second profile's probability of being best",pipeline,,3,NA,0.161,NA,0.16124,1,NA,NA,"The rewrite gives 0.161, which is the published value."
offer-westort_coppock_green_2021,appg_static_p3,text,"Static design, third profile's probability of being best",pipeline,,3,NA,0.140,NA,0.13972,1,NA,NA,"The rewrite gives 0.140, which is the published value."
offer-westort_coppock_green_2021,appg_adaptive_profile,text,"The adaptive design's most preferred profile is $10,000 personal limits, prohibit all corporate contributions, prohibit public funding, disclose all contributions",descriptive,,0,NA,1,NA,1,NA,1,NA,The estimates support the claim.
offer-westort_coppock_green_2021,appg_static_profile,text,"The static design's most preferred profile is $10,000 personal limits, prohibit all corporate contributions, a 1:1 match, and disclosure above $500",descriptive,,0,NA,1,NA,1,NA,1,NA,The estimates support the claim.
offer-westort_coppock_green_2021,table_g8,table_g8,Conjoint attribute levels and outcome wording,transcribed,,0,NA,15,NA,NA,NA,NA,NA,No counterpart in the pipeline; verified at the point of use.
offer-westort_coppock_green_2021,table_2_wording,table_2,Study 1 ballot measure wording,transcribed,,0,NA,5,NA,NA,NA,NA,NA,No counterpart in the pipeline; verified at the point of use.
offer-westort_coppock_green_2021,table_3_wording,table_3,Study 2 question wording and answers,transcribed,,0,NA,3,NA,NA,NA,NA,NA,No counterpart in the pipeline; verified at the point of use.
offer-westort_coppock_green_2021,table_4_wording,table_4,Study 2 treatment preambles and reminders,transcribed,,0,NA,5,NA,NA,NA,NA,NA,No counterpart in the pipeline; verified at the point of use.
offer-westort_coppock_green_2021,figure_4_minimum_wage_proposal_3_y__estimate,figure_4,"Figure 4, Minimum wage, Proposal 3 (Y), estimate",pipeline,,3,NA,0.895,NA,0.8951311890026931,1,NA,NA,"The rewrite gives 0.895, which is the published value."
offer-westort_coppock_green_2021,figure_4_minimum_wage_proposal_3_y__se,figure_4,"Figure 4, Minimum wage, Proposal 3 (Y), se",pipeline,,3,NA,0.033,NA,0.03252252553708016,1,NA,NA,"The rewrite gives 0.033, which is the published value."
offer-westort_coppock_green_2021,figure_4_minimum_wage_proposal_5_y__estimate,figure_4,"Figure 4, Minimum wage, Proposal 5 (Y), estimate",pipeline,,3,NA,0.872,NA,0.8720030091008991,1,NA,NA,"The rewrite gives 0.872, which is the published value."
offer-westort_coppock_green_2021,figure_4_minimum_wage_proposal_5_y__se,figure_4,"Figure 4, Minimum wage, Proposal 5 (Y), se",pipeline,,3,NA,0.024,NA,0.02435332751856122,1,NA,NA,"The rewrite gives 0.024, which is the published value."
offer-westort_coppock_green_2021,figure_4_minimum_wage_proposal_5_n__estimate,figure_4,"Figure 4, Minimum wage, Proposal 5 (N), estimate",pipeline,,3,NA,0.870,NA,0.8696094269329334,1,NA,NA,"The rewrite gives 0.870, which is the published value."
offer-westort_coppock_green_2021,figure_4_minimum_wage_proposal_5_n__se,figure_4,"Figure 4, Minimum wage, Proposal 5 (N), se",pipeline,,3,NA,0.030,NA,0.03027041250557505,1,NA,NA,"The rewrite gives 0.030, which is the published value."
offer-westort_coppock_green_2021,figure_4_minimum_wage_proposal_4_y__estimate,figure_4,"Figure 4, Minimum wage, Proposal 4 (Y), estimate",pipeline,,3,NA,0.866,NA,0.8661283533986844,1,NA,NA,"The rewrite gives 0.866, which is the published value."
offer-westort_coppock_green_2021,figure_4_minimum_wage_proposal_4_y__se,figure_4,"Figure 4, Minimum wage, Proposal 4 (Y), se",pipeline,,3,NA,0.039,NA,0.03909096157573279,1,NA,NA,"The rewrite gives 0.039, which is the published value."
offer-westort_coppock_green_2021,figure_4_minimum_wage_proposal_3_n__estimate,figure_4,"Figure 4, Minimum wage, Proposal 3 (N), estimate",pipeline,,3,NA,0.865,NA,0.8648207817917613,1,NA,NA,"The rewrite gives 0.865, which is the published value."
offer-westort_coppock_green_2021,figure_4_minimum_wage_proposal_3_n__se,figure_4,"Figure 4, Minimum wage, Proposal 3 (N), se",pipeline,,3,NA,0.029,NA,0.02863615661887326,1,NA,NA,"The rewrite gives 0.029, which is the published value."
offer-westort_coppock_green_2021,figure_4_minimum_wage_proposal_4_n__estimate,figure_4,"Figure 4, Minimum wage, Proposal 4 (N), estimate",pipeline,,3,NA,0.861,NA,0.8613434340534889,1,NA,NA,"The rewrite gives 0.861, which is the published value."
offer-westort_coppock_green_2021,figure_4_minimum_wage_proposal_4_n__se,figure_4,"Figure 4, Minimum wage, Proposal 4 (N), se",pipeline,,3,NA,0.068,NA,0.06819892775553792,1,NA,NA,"The rewrite gives 0.068, which is the published value."
offer-westort_coppock_green_2021,figure_4_minimum_wage_proposal_2_y__estimate,figure_4,"Figure 4, Minimum wage, Proposal 2 (Y), estimate",pipeline,,3,NA,0.861,NA,0.860856779160744,1,NA,NA,"The rewrite gives 0.861, which is the published value."
offer-westort_coppock_green_2021,figure_4_minimum_wage_proposal_2_y__se,figure_4,"Figure 4, Minimum wage, Proposal 2 (Y), se",pipeline,,3,NA,0.044,NA,0.04412830826381028,1,NA,NA,"The rewrite gives 0.044, which is the published value."
offer-westort_coppock_green_2021,figure_4_minimum_wage_proposal_1_y__estimate,figure_4,"Figure 4, Minimum wage, Proposal 1 (Y), estimate",pipeline,,3,NA,0.836,NA,0.8358513796351076,1,NA,NA,"The rewrite gives 0.836, which is the published value."
offer-westort_coppock_green_2021,figure_4_minimum_wage_proposal_1_y__se,figure_4,"Figure 4, Minimum wage, Proposal 1 (Y), se",pipeline,,3,NA,0.042,NA,0.04155310272114208,1,NA,NA,"The rewrite gives 0.042, which is the published value."
offer-westort_coppock_green_2021,figure_4_minimum_wage_proposal_2_n__estimate,figure_4,"Figure 4, Minimum wage, Proposal 2 (N), estimate",pipeline,,3,NA,0.705,NA,0.7053980464224772,1,NA,NA,"The rewrite gives 0.705, which is the published value."
offer-westort_coppock_green_2021,figure_4_minimum_wage_proposal_2_n__se,figure_4,"Figure 4, Minimum wage, Proposal 2 (N), se",pipeline,,3,NA,0.117,NA,0.1169297906446127,1,NA,NA,"The rewrite gives 0.117, which is the published value."
offer-westort_coppock_green_2021,figure_4_minimum_wage_proposal_1_n__estimate,figure_4,"Figure 4, Minimum wage, Proposal 1 (N), estimate",pipeline,,3,NA,0.703,NA,0.7026921192491541,1,NA,NA,"The rewrite gives 0.703, which is the published value."
offer-westort_coppock_green_2021,figure_4_minimum_wage_proposal_1_n__se,figure_4,"Figure 4, Minimum wage, Proposal 1 (N), se",pipeline,,3,NA,0.102,NA,0.101999823430983,1,NA,NA,"The rewrite gives 0.102, which is the published value."
offer-westort_coppock_green_2021,figure_4_right_to_work_proposal_4_ca__estimate,figure_4,"Figure 4, Right-to-work, Proposal 4 (CA), estimate",pipeline,,3,NA,0.934,NA,0.9336187787912604,1,NA,NA,"The rewrite gives 0.934, which is the published value."
offer-westort_coppock_green_2021,figure_4_right_to_work_proposal_4_ca__se,figure_4,"Figure 4, Right-to-work, Proposal 4 (CA), se",pipeline,,3,NA,0.025,NA,0.02524462855134064,1,NA,NA,"The rewrite gives 0.025, which is the published value."
offer-westort_coppock_green_2021,figure_4_right_to_work_proposal_4_bm__estimate,figure_4,"Figure 4, Right-to-work, Proposal 4 (BM), estimate",pipeline,,3,NA,0.926,NA,0.925850942358672,1,NA,NA,"The rewrite gives 0.926, which is the published value."
offer-westort_coppock_green_2021,figure_4_right_to_work_proposal_4_bm__se,figure_4,"Figure 4, Right-to-work, Proposal 4 (BM), se",pipeline,,3,NA,0.010,NA,0.00973301117126112,1,NA,NA,"The rewrite gives 0.010, which is the published value."
offer-westort_coppock_green_2021,figure_4_right_to_work_proposal_2_bm__estimate,figure_4,"Figure 4, Right-to-work, Proposal 2 (BM), estimate",pipeline,,3,NA,0.874,NA,0.8743348536520124,1,NA,NA,"The rewrite gives 0.874, which is the published value."
offer-westort_coppock_green_2021,figure_4_right_to_work_proposal_2_bm__se,figure_4,"Figure 4, Right-to-work, Proposal 2 (BM), se",pipeline,,3,NA,0.047,NA,0.0465478524136674,1,NA,NA,"The rewrite gives 0.047, which is the published value."
offer-westort_coppock_green_2021,figure_4_right_to_work_proposal_1_bm__estimate,figure_4,"Figure 4, Right-to-work, Proposal 1 (BM), estimate",pipeline,,3,NA,0.713,NA,0.7134392618256282,1,NA,NA,"The rewrite gives 0.713, which is the published value."
offer-westort_coppock_green_2021,figure_4_right_to_work_proposal_1_bm__se,figure_4,"Figure 4, Right-to-work, Proposal 1 (BM), se",pipeline,,3,NA,0.094,NA,0.0944727636646431,1,NA,NA,"The rewrite gives 0.094, which is the published value."
offer-westort_coppock_green_2021,figure_4_right_to_work_proposal_1_ca__estimate,figure_4,"Figure 4, Right-to-work, Proposal 1 (CA), estimate",pipeline,,3,NA,0.685,NA,0.6850362027872461,1,NA,NA,"The rewrite gives 0.685, which is the published value."
offer-westort_coppock_green_2021,figure_4_right_to_work_proposal_1_ca__se,figure_4,"Figure 4, Right-to-work, Proposal 1 (CA), se",pipeline,,3,NA,0.106,NA,0.10619156128090304,1,NA,NA,"The rewrite gives 0.106, which is the published value."
offer-westort_coppock_green_2021,figure_4_right_to_work_proposal_3_ca__estimate,figure_4,"Figure 4, Right-to-work, Proposal 3 (CA), estimate",pipeline,,3,NA,0.624,NA,0.6238419964187133,1,NA,NA,"The rewrite gives 0.624, which is the published value."
offer-westort_coppock_green_2021,figure_4_right_to_work_proposal_3_ca__se,figure_4,"Figure 4, Right-to-work, Proposal 3 (CA), se",pipeline,,3,NA,0.134,NA,0.13358720410857078,1,NA,NA,"The rewrite gives 0.134, which is the published value."
offer-westort_coppock_green_2021,figure_4_right_to_work_proposal_2_ca__estimate,figure_4,"Figure 4, Right-to-work, Proposal 2 (CA), estimate",pipeline,,3,NA,0.618,NA,0.6176864960415838,1,NA,NA,"The rewrite gives 0.618, which is the published value."
offer-westort_coppock_green_2021,figure_4_right_to_work_proposal_2_ca__se,figure_4,"Figure 4, Right-to-work, Proposal 2 (CA), se",pipeline,,3,NA,0.145,NA,0.14490051800255918,1,NA,NA,"The rewrite gives 0.145, which is the published value."
offer-westort_coppock_green_2021,figure_4_right_to_work_proposal_3_bm__estimate,figure_4,"Figure 4, Right-to-work, Proposal 3 (BM), estimate",pipeline,,3,NA,0.564,NA,0.564367638025557,1,NA,NA,"The rewrite gives 0.564, which is the published value."
offer-westort_coppock_green_2021,figure_4_right_to_work_proposal_3_bm__se,figure_4,"Figure 4, Right-to-work, Proposal 3 (BM), se",pipeline,,3,NA,0.154,NA,0.15407221111567085,1,NA,NA,"The rewrite gives 0.154, which is the published value."
offer-westort_coppock_green_2021,figure_6_democrats_ipw_lottery_estimate,figure_6,"Figure 6, Democrats, IPW, Lottery, estimate",pipeline,,3,NA,0.071,NA,0.07104200402811205,1,NA,NA,"The rewrite gives 0.071, which is the published value."
offer-westort_coppock_green_2021,figure_6_democrats_ipw_lottery_se,figure_6,"Figure 6, Democrats, IPW, Lottery, se",pipeline,,3,NA,0.026,NA,0.02590666751782159,1,NA,NA,"The rewrite gives 0.026, which is the published value."
offer-westort_coppock_green_2021,figure_6_democrats_ipw_google_estimate,figure_6,"Figure 6, Democrats, IPW, Google, estimate",pipeline,,3,NA,0.054,NA,0.05444754817336107,1,NA,NA,"The rewrite gives 0.054, which is the published value."
offer-westort_coppock_green_2021,figure_6_democrats_ipw_google_se,figure_6,"Figure 6, Democrats, IPW, Google, se",pipeline,,3,NA,0.033,NA,0.03340986483708128,1,NA,NA,"The rewrite gives 0.033, which is the published value."
offer-westort_coppock_green_2021,figure_6_democrats_ipw_extra_time_estimate,figure_6,"Figure 6, Democrats, IPW, Extra Time, estimate",pipeline,,3,NA,-0.009,NA,-0.00949096686717006,1,NA,NA,"The rewrite gives -0.009, which is the published value."
offer-westort_coppock_green_2021,figure_6_democrats_ipw_extra_time_se,figure_6,"Figure 6, Democrats, IPW, Extra Time, se",pipeline,,3,NA,0.133,NA,0.13308392683371764,1,NA,NA,"The rewrite gives 0.133, which is the published value."
offer-westort_coppock_green_2021,figure_6_democrats_ipw_direction_estimate,figure_6,"Figure 6, Democrats, IPW, Direction, estimate",pipeline,,3,NA,0.033,NA,0.03277042670057837,1,NA,NA,"The rewrite gives 0.033, which is the published value."
offer-westort_coppock_green_2021,figure_6_democrats_ipw_direction_se,figure_6,"Figure 6, Democrats, IPW, Direction, se",pipeline,,3,NA,0.029,NA,0.02934037303475006,1,NA,NA,"The rewrite gives 0.029, which is the published value."
offer-westort_coppock_green_2021,figure_6_democrats_ipw_accuracy_estimate,figure_6,"Figure 6, Democrats, IPW, Accuracy, estimate",pipeline,,3,NA,0.061,NA,0.06102635860834208,1,NA,NA,"The rewrite gives 0.061, which is the published value."
offer-westort_coppock_green_2021,figure_6_democrats_ipw_accuracy_se,figure_6,"Figure 6, Democrats, IPW, Accuracy, se",pipeline,,3,NA,0.025,NA,0.02485981651901226,1,NA,NA,"The rewrite gives 0.025, which is the published value."
offer-westort_coppock_green_2021,figure_6_democrats_ipw_adjusted_lottery_estimate,figure_6,"Figure 6, Democrats, IPW-Adjusted, Lottery, estimate",pipeline,,3,NA,0.053,NA,0.05340597515771311,1,NA,NA,"The rewrite gives 0.053, which is the published value."
offer-westort_coppock_green_2021,figure_6_democrats_ipw_adjusted_lottery_se,figure_6,"Figure 6, Democrats, IPW-Adjusted, Lottery, se",pipeline,,3,NA,0.025,NA,0.02489871847649136,1,NA,NA,"The rewrite gives 0.025, which is the published value."
offer-westort_coppock_green_2021,figure_6_democrats_ipw_adjusted_google_estimate,figure_6,"Figure 6, Democrats, IPW-Adjusted, Google, estimate",pipeline,,3,NA,0.050,NA,0.04984339799365678,1,NA,NA,"The rewrite gives 0.050, which is the published value."
offer-westort_coppock_green_2021,figure_6_democrats_ipw_adjusted_google_se,figure_6,"Figure 6, Democrats, IPW-Adjusted, Google, se",pipeline,,3,NA,0.036,NA,0.03589311871988242,1,NA,NA,"The rewrite gives 0.036, which is the published value."
offer-westort_coppock_green_2021,figure_6_democrats_ipw_adjusted_extra_time_estimate,figure_6,"Figure 6, Democrats, IPW-Adjusted, Extra Time, estimate",pipeline,,3,NA,-0.041,NA,-0.04084311453970412,1,NA,NA,"The rewrite gives -0.041, which is the published value."
offer-westort_coppock_green_2021,figure_6_democrats_ipw_adjusted_extra_time_se,figure_6,"Figure 6, Democrats, IPW-Adjusted, Extra Time, se",pipeline,,3,NA,0.112,NA,0.11205547422318524,1,NA,NA,"The rewrite gives 0.112, which is the published value."
offer-westort_coppock_green_2021,figure_6_democrats_ipw_adjusted_direction_estimate,figure_6,"Figure 6, Democrats, IPW-Adjusted, Direction, estimate",pipeline,,3,NA,0.013,NA,0.01338254998007447,1,NA,NA,"The rewrite gives 0.013, which is the published value."
offer-westort_coppock_green_2021,figure_6_democrats_ipw_adjusted_direction_se,figure_6,"Figure 6, Democrats, IPW-Adjusted, Direction, se",pipeline,,3,NA,0.026,NA,0.02622492041405127,1,NA,NA,"The rewrite gives 0.026, which is the published value."
offer-westort_coppock_green_2021,figure_6_democrats_ipw_adjusted_accuracy_estimate,figure_6,"Figure 6, Democrats, IPW-Adjusted, Accuracy, estimate",pipeline,,3,NA,0.042,NA,0.04203034244170903,1,NA,NA,"The rewrite gives 0.042, which is the published value."
offer-westort_coppock_green_2021,figure_6_democrats_ipw_adjusted_accuracy_se,figure_6,"Figure 6, Democrats, IPW-Adjusted, Accuracy, se",pipeline,,3,NA,0.025,NA,0.02490808232900724,1,NA,NA,"The rewrite gives 0.025, which is the published value."
offer-westort_coppock_green_2021,figure_6_republicans_ipw_lottery_estimate,figure_6,"Figure 6, Republicans, IPW, Lottery, estimate",pipeline,,3,NA,0.041,NA,0.04134461703550386,1,NA,NA,"The rewrite gives 0.041, which is the published value."
offer-westort_coppock_green_2021,figure_6_republicans_ipw_lottery_se,figure_6,"Figure 6, Republicans, IPW, Lottery, se",pipeline,,3,NA,0.017,NA,0.0167090555684493,1,NA,NA,"The rewrite gives 0.017, which is the published value."
offer-westort_coppock_green_2021,figure_6_republicans_ipw_google_estimate,figure_6,"Figure 6, Republicans, IPW, Google, estimate",pipeline,,3,NA,-0.037,NA,-0.03718860036609087,1,NA,NA,"The rewrite gives -0.037, which is the published value."
offer-westort_coppock_green_2021,figure_6_republicans_ipw_google_se,figure_6,"Figure 6, Republicans, IPW, Google, se",pipeline,,3,NA,0.059,NA,0.05917068940780397,1,NA,NA,"The rewrite gives 0.059, which is the published value."
offer-westort_coppock_green_2021,figure_6_republicans_ipw_extra_time_estimate,figure_6,"Figure 6, Republicans, IPW, Extra Time, estimate",pipeline,,3,NA,-0.059,NA,-0.05874410305602267,1,NA,NA,"The rewrite gives -0.059, which is the published value."
offer-westort_coppock_green_2021,figure_6_republicans_ipw_extra_time_se,figure_6,"Figure 6, Republicans, IPW, Extra Time, se",pipeline,,3,NA,0.081,NA,0.08137518287032836,1,NA,NA,"The rewrite gives 0.081, which is the published value."
offer-westort_coppock_green_2021,figure_6_republicans_ipw_direction_estimate,figure_6,"Figure 6, Republicans, IPW, Direction, estimate",pipeline,,3,NA,-0.052,NA,-0.05152473828776796,1,NA,NA,"The rewrite gives -0.052, which is the published value."
offer-westort_coppock_green_2021,figure_6_republicans_ipw_direction_se,figure_6,"Figure 6, Republicans, IPW, Direction, se",pipeline,,3,NA,0.052,NA,0.05179776844772355,1,NA,NA,"The rewrite gives 0.052, which is the published value."
offer-westort_coppock_green_2021,figure_6_republicans_ipw_accuracy_estimate,figure_6,"Figure 6, Republicans, IPW, Accuracy, estimate",pipeline,,3,NA,-0.053,NA,-0.05300467967497402,1,NA,NA,"The rewrite gives -0.053, which is the published value."
offer-westort_coppock_green_2021,figure_6_republicans_ipw_accuracy_se,figure_6,"Figure 6, Republicans, IPW, Accuracy, se",pipeline,,3,NA,0.050,NA,0.05010824803631306,1,NA,NA,"The rewrite gives 0.050, which is the published value."
offer-westort_coppock_green_2021,figure_6_republicans_ipw_adjusted_lottery_estimate,figure_6,"Figure 6, Republicans, IPW-Adjusted, Lottery, estimate",pipeline,,3,NA,0.039,NA,0.03870492897356147,1,NA,NA,"The rewrite gives 0.039, which is the published value."
offer-westort_coppock_green_2021,figure_6_republicans_ipw_adjusted_lottery_se,figure_6,"Figure 6, Republicans, IPW-Adjusted, Lottery, se",pipeline,,3,NA,0.017,NA,0.01724636144087699,1,NA,NA,"The rewrite gives 0.017, which is the published value."
offer-westort_coppock_green_2021,figure_6_republicans_ipw_adjusted_google_estimate,figure_6,"Figure 6, Republicans, IPW-Adjusted, Google, estimate",pipeline,,3,NA,-0.071,NA,-0.07090148957519968,1,NA,NA,"The rewrite gives -0.071, which is the published value."
offer-westort_coppock_green_2021,figure_6_republicans_ipw_adjusted_google_se,figure_6,"Figure 6, Republicans, IPW-Adjusted, Google, se",pipeline,,3,NA,0.052,NA,0.05156690002412899,1,NA,NA,"The rewrite gives 0.052, which is the published value."
offer-westort_coppock_green_2021,figure_6_republicans_ipw_adjusted_extra_time_estimate,figure_6,"Figure 6, Republicans, IPW-Adjusted, Extra Time, estimate",pipeline,,3,NA,-0.049,NA,-0.04912404411094124,1,NA,NA,"The rewrite gives -0.049, which is the published value."
offer-westort_coppock_green_2021,figure_6_republicans_ipw_adjusted_extra_time_se,figure_6,"Figure 6, Republicans, IPW-Adjusted, Extra Time, se",pipeline,,3,NA,0.093,NA,0.09263525716470722,1,NA,NA,"The rewrite gives 0.093, which is the published value."
offer-westort_coppock_green_2021,figure_6_republicans_ipw_adjusted_direction_estimate,figure_6,"Figure 6, Republicans, IPW-Adjusted, Direction, estimate",pipeline,,3,NA,-0.040,NA,-0.03976095303451581,1,NA,NA,"The rewrite gives -0.040, which is the published value."
offer-westort_coppock_green_2021,figure_6_republicans_ipw_adjusted_direction_se,figure_6,"Figure 6, Republicans, IPW-Adjusted, Direction, se",pipeline,,3,NA,0.040,NA,0.03999125096521221,1,NA,NA,"The rewrite gives 0.040, which is the published value."
offer-westort_coppock_green_2021,figure_6_republicans_ipw_adjusted_accuracy_estimate,figure_6,"Figure 6, Republicans, IPW-Adjusted, Accuracy, estimate",pipeline,,3,NA,-0.082,NA,-0.08187823252593646,1,NA,NA,"The rewrite gives -0.082, which is the published value."
offer-westort_coppock_green_2021,figure_6_republicans_ipw_adjusted_accuracy_se,figure_6,"Figure 6, Republicans, IPW-Adjusted, Accuracy, se",pipeline,,3,NA,0.048,NA,0.04789189678319525,1,NA,NA,"The rewrite gives 0.048, which is the published value."
offer-westort_coppock_green_2021,figure_f6_democrats_lottery_estimate,figure_f6,"Figure F.6, Democrats, Lottery, estimate",pipeline,,3,NA,0.009,NA,0.00889408040505818,1,NA,NA,"The rewrite gives 0.009, which is the published value."
offer-westort_coppock_green_2021,figure_f6_democrats_lottery_se,figure_f6,"Figure F.6, Democrats, Lottery, se",pipeline,,3,NA,0.016,NA,0.01631098402737784,1,NA,NA,"The rewrite gives 0.016, which is the published value."
offer-westort_coppock_green_2021,figure_f6_republicans_lottery_estimate,figure_f6,"Figure F.6, Republicans, Lottery, estimate",pipeline,,3,NA,-0.022,NA,-0.02247373901287585,1,NA,NA,"The rewrite gives -0.022, which is the published value."
offer-westort_coppock_green_2021,figure_f6_republicans_lottery_se,figure_f6,"Figure F.6, Republicans, Lottery, se",pipeline,,3,NA,0.011,NA,0.01086040792382043,1,NA,NA,"The rewrite gives 0.011, which is the published value."
offer-westort_coppock_green_2021,figure_f6_democrats_google_estimate,figure_f6,"Figure F.6, Democrats, Google, estimate",pipeline,,3,NA,-0.048,NA,-0.04764492752684151,1,NA,NA,"The rewrite gives -0.048, which is the published value."
offer-westort_coppock_green_2021,figure_f6_democrats_google_se,figure_f6,"Figure F.6, Democrats, Google, se",pipeline,,3,NA,0.030,NA,0.03040778175308961,1,NA,NA,"The rewrite gives 0.030, which is the published value."
offer-westort_coppock_green_2021,figure_f6_republicans_google_estimate,figure_f6,"Figure F.6, Republicans, Google, estimate",pipeline,,3,NA,-0.050,NA,-0.04962087434599879,1,NA,NA,"The rewrite gives -0.050, which is the published value."
offer-westort_coppock_green_2021,figure_f6_republicans_google_se,figure_f6,"Figure F.6, Republicans, Google, se",pipeline,,3,NA,0.064,NA,0.06350464868811401,1,NA,NA,"The rewrite gives 0.064, which is the published value."
offer-westort_coppock_green_2021,figure_f6_democrats_extra_time_estimate,figure_f6,"Figure F.6, Democrats, Extra Time, estimate",pipeline,,3,NA,-0.321,NA,-0.32144870285904864,1,NA,NA,"The rewrite gives -0.321, which is the published value."
offer-westort_coppock_green_2021,figure_f6_democrats_extra_time_se,figure_f6,"Figure F.6, Democrats, Extra Time, se",pipeline,,3,NA,0.131,NA,0.13134253216467012,1,NA,NA,"The rewrite gives 0.131, which is the published value."
offer-westort_coppock_green_2021,figure_f6_republicans_extra_time_estimate,figure_f6,"Figure F.6, Republicans, Extra Time, estimate",pipeline,,3,NA,-0.234,NA,-0.23383255643298043,1,NA,NA,"The rewrite gives -0.234, which is the published value."
offer-westort_coppock_green_2021,figure_f6_republicans_extra_time_se,figure_f6,"Figure F.6, Republicans, Extra Time, se",pipeline,,3,NA,0.131,NA,0.13090662132020314,1,NA,NA,"The rewrite gives 0.131, which is the published value."
offer-westort_coppock_green_2021,figure_f6_democrats_direction_estimate,figure_f6,"Figure F.6, Democrats, Direction, estimate",pipeline,,3,NA,-0.008,NA,-0.00765734749165207,1,NA,NA,"The rewrite gives -0.008, which is the published value."
offer-westort_coppock_green_2021,figure_f6_democrats_direction_se,figure_f6,"Figure F.6, Democrats, Direction, se",pipeline,,3,NA,0.024,NA,0.02414117388100662,1,NA,NA,"The rewrite gives 0.024, which is the published value."
offer-westort_coppock_green_2021,figure_f6_republicans_direction_estimate,figure_f6,"Figure F.6, Republicans, Direction, estimate",pipeline,,3,NA,-0.013,NA,-0.01298947269032179,1,NA,NA,"The rewrite gives -0.013, which is the published value."
offer-westort_coppock_green_2021,figure_f6_republicans_direction_se,figure_f6,"Figure F.6, Republicans, Direction, se",pipeline,,3,NA,0.020,NA,0.02015335265641174,1,NA,NA,"The rewrite gives 0.020, which is the published value."
offer-westort_coppock_green_2021,figure_f6_democrats_accuracy_estimate,figure_f6,"Figure F.6, Democrats, Accuracy, estimate",pipeline,,3,NA,0.002,NA,0.00215792843052945,1,NA,NA,"The rewrite gives 0.002, which is the published value."
offer-westort_coppock_green_2021,figure_f6_democrats_accuracy_se,figure_f6,"Figure F.6, Democrats, Accuracy, se",pipeline,,3,NA,0.017,NA,0.01746735710053238,1,NA,NA,"The rewrite gives 0.017, which is the published value."
offer-westort_coppock_green_2021,figure_f6_republicans_accuracy_estimate,figure_f6,"Figure F.6, Republicans, Accuracy, estimate",pipeline,,3,NA,-0.034,NA,-0.03424103839670524,1,NA,NA,"The rewrite gives -0.034, which is the published value."
offer-westort_coppock_green_2021,figure_f6_republicans_accuracy_se,figure_f6,"Figure F.6, Republicans, Accuracy, se",pipeline,,3,NA,0.037,NA,0.03710730755854867,1,NA,NA,"The rewrite gives 0.037, which is the published value."
offer-westort_coppock_green_2021,figure_f7_ipw_lottery_estimate,figure_f7,"Figure F.7, independents, IPW, Lottery, estimate",pipeline,,3,NA,-0.006,NA,-0.00606319193946938,1,NA,NA,"The rewrite gives -0.006, which is the published value."
offer-westort_coppock_green_2021,figure_f7_ipw_lottery_se,figure_f7,"Figure F.7, independents, IPW, Lottery, se",pipeline,,3,NA,0.038,NA,0.03798627711208407,1,NA,NA,"The rewrite gives 0.038, which is the published value."
offer-westort_coppock_green_2021,figure_f7_ipw_adjusted_lottery_estimate,figure_f7,"Figure F.7, independents, IPW-Adjusted, Lottery, estimate",pipeline,,3,NA,-0.003,NA,-0.00336554602882808,1,NA,NA,"The rewrite gives -0.003, which is the published value."
offer-westort_coppock_green_2021,figure_f7_ipw_adjusted_lottery_se,figure_f7,"Figure F.7, independents, IPW-Adjusted, Lottery, se",pipeline,,3,NA,0.040,NA,0.04003591815321436,1,NA,NA,"The rewrite gives 0.040, which is the published value."
offer-westort_coppock_green_2021,figure_f7_ipw_google_estimate,figure_f7,"Figure F.7, independents, IPW, Google, estimate",pipeline,,3,NA,-0.054,NA,-0.05368797348247401,1,NA,NA,"The rewrite gives -0.054, which is the published value."
offer-westort_coppock_green_2021,figure_f7_ipw_google_se,figure_f7,"Figure F.7, independents, IPW, Google, se",pipeline,,3,NA,0.083,NA,0.08306829988583855,1,NA,NA,"The rewrite gives 0.083, which is the published value."
offer-westort_coppock_green_2021,figure_f7_ipw_adjusted_google_estimate,figure_f7,"Figure F.7, independents, IPW-Adjusted, Google, estimate",pipeline,,3,NA,-0.004,NA,-0.00386141971622002,1,NA,NA,"The rewrite gives -0.004, which is the published value."
offer-westort_coppock_green_2021,figure_f7_ipw_adjusted_google_se,figure_f7,"Figure F.7, independents, IPW-Adjusted, Google, se",pipeline,,3,NA,0.076,NA,0.07596574794100362,1,NA,NA,"The rewrite gives 0.076, which is the published value."
offer-westort_coppock_green_2021,figure_f7_ipw_extra_time_estimate,figure_f7,"Figure F.7, independents, IPW, Extra Time, estimate",pipeline,,3,NA,-0.065,NA,-0.06455369908938138,1,NA,NA,"The rewrite gives -0.065, which is the published value."
offer-westort_coppock_green_2021,figure_f7_ipw_extra_time_se,figure_f7,"Figure F.7, independents, IPW, Extra Time, se",pipeline,,3,NA,0.161,NA,0.1611889731411004,1,NA,NA,"The rewrite gives 0.161, which is the published value."
offer-westort_coppock_green_2021,figure_f7_ipw_adjusted_extra_time_estimate,figure_f7,"Figure F.7, independents, IPW-Adjusted, Extra Time, estimate",pipeline,,3,NA,-0.132,NA,-0.1315063695384863,1,NA,NA,"The rewrite gives -0.132, which is the published value."
offer-westort_coppock_green_2021,figure_f7_ipw_adjusted_extra_time_se,figure_f7,"Figure F.7, independents, IPW-Adjusted, Extra Time, se",pipeline,,3,NA,0.141,NA,0.1411525020711092,1,NA,NA,"The rewrite gives 0.141, which is the published value."
offer-westort_coppock_green_2021,figure_f7_ipw_direction_estimate,figure_f7,"Figure F.7, independents, IPW, Direction, estimate",pipeline,,3,NA,-0.211,NA,-0.2110805628471521,1,NA,NA,"The rewrite gives -0.211, which is the published value."
offer-westort_coppock_green_2021,figure_f7_ipw_direction_se,figure_f7,"Figure F.7, independents, IPW, Direction, se",pipeline,,3,NA,0.122,NA,0.12155891832144988,1,NA,NA,"The rewrite gives 0.122, which is the published value."
offer-westort_coppock_green_2021,figure_f7_ipw_adjusted_direction_estimate,figure_f7,"Figure F.7, independents, IPW-Adjusted, Direction, estimate",pipeline,,3,NA,-0.168,NA,-0.16843454297481708,1,NA,NA,"The rewrite gives -0.168, which is the published value."
offer-westort_coppock_green_2021,figure_f7_ipw_adjusted_direction_se,figure_f7,"Figure F.7, independents, IPW-Adjusted, Direction, se",pipeline,,3,NA,0.116,NA,0.11640809736711276,1,NA,NA,"The rewrite gives 0.116, which is the published value."
offer-westort_coppock_green_2021,figure_f7_ipw_accuracy_estimate,figure_f7,"Figure F.7, independents, IPW, Accuracy, estimate",pipeline,,3,NA,0.040,NA,0.03984843408270944,1,NA,NA,"The rewrite gives 0.040, which is the published value."
offer-westort_coppock_green_2021,figure_f7_ipw_accuracy_se,figure_f7,"Figure F.7, independents, IPW, Accuracy, se",pipeline,,3,NA,0.033,NA,0.0326834457392877,1,NA,NA,"The rewrite gives 0.033, which is the published value."
offer-westort_coppock_green_2021,figure_f7_ipw_adjusted_accuracy_estimate,figure_f7,"Figure F.7, independents, IPW-Adjusted, Accuracy, estimate",pipeline,,3,NA,0.036,NA,0.03576126630173419,1,NA,NA,"The rewrite gives 0.036, which is the published value."
offer-westort_coppock_green_2021,figure_f7_ipw_adjusted_accuracy_se,figure_f7,"Figure F.7, independents, IPW-Adjusted, Accuracy, se",pipeline,,3,NA,0.031,NA,0.0314551524336925,1,NA,NA,"The rewrite gives 0.031, which is the published value."
offer-westort_coppock_green_2021,figure_f8_democrats_ipw_lottery_estimate,figure_f8,"Figure F.8, Democrats, IPW, Lottery, estimate",pipeline,,3,NA,0.071,NA,0.07104200402811205,1,NA,NA,"The rewrite gives 0.071, which is the published value."
offer-westort_coppock_green_2021,figure_f8_democrats_ipw_lottery_se,figure_f8,"Figure F.8, Democrats, IPW, Lottery, se",pipeline,,3,NA,0.026,NA,0.02590666751782159,1,NA,NA,"The rewrite gives 0.026, which is the published value."
offer-westort_coppock_green_2021,figure_f8_republicans_ipw_lottery_estimate,figure_f8,"Figure F.8, Republicans, IPW, Lottery, estimate",pipeline,,3,NA,0.041,NA,0.04134461703550386,1,NA,NA,"The rewrite gives 0.041, which is the published value."
offer-westort_coppock_green_2021,figure_f8_republicans_ipw_lottery_se,figure_f8,"Figure F.8, Republicans, IPW, Lottery, se",pipeline,,3,NA,0.017,NA,0.0167090555684493,1,NA,NA,"The rewrite gives 0.017, which is the published value."
offer-westort_coppock_green_2021,figure_f8_democrats_static_lottery_estimate,figure_f8,"Figure F.8, Democrats, Static, Lottery, estimate",pipeline,unseeded,3,NA,0.071,NA,0.07024378538327075,NA,1,NA,A bootstrap the deposit does not seed reproducibly; the pipeline gives 0.070.
offer-westort_coppock_green_2021,figure_f8_democrats_static_lottery_se,figure_f8,"Figure F.8, Democrats, Static, Lottery, se",pipeline,unseeded,3,NA,0.027,NA,0.0263069391164786,NA,1,NA,A bootstrap the deposit does not seed reproducibly; the pipeline gives 0.026.
offer-westort_coppock_green_2021,figure_f8_republicans_static_lottery_estimate,figure_f8,"Figure F.8, Republicans, Static, Lottery, estimate",pipeline,unseeded,3,NA,0.040,NA,0.04058066378066432,NA,1,NA,A bootstrap the deposit does not seed reproducibly; the pipeline gives 0.041.
offer-westort_coppock_green_2021,figure_f8_republicans_static_lottery_se,figure_f8,"Figure F.8, Republicans, Static, Lottery, se",pipeline,unseeded,3,NA,0.025,NA,0.02587670641488809,NA,1,NA,A bootstrap the deposit does not seed reproducibly; the pipeline gives 0.026.
offer-westort_coppock_green_2021,figure_f8_democrats_ipw_google_estimate,figure_f8,"Figure F.8, Democrats, IPW, Google, estimate",pipeline,,3,NA,0.054,NA,0.05444754817336107,1,NA,NA,"The rewrite gives 0.054, which is the published value."
offer-westort_coppock_green_2021,figure_f8_democrats_ipw_google_se,figure_f8,"Figure F.8, Democrats, IPW, Google, se",pipeline,,3,NA,0.033,NA,0.03340986483708128,1,NA,NA,"The rewrite gives 0.033, which is the published value."
offer-westort_coppock_green_2021,figure_f8_republicans_ipw_google_estimate,figure_f8,"Figure F.8, Republicans, IPW, Google, estimate",pipeline,,3,NA,-0.037,NA,-0.03718860036609087,1,NA,NA,"The rewrite gives -0.037, which is the published value."
offer-westort_coppock_green_2021,figure_f8_republicans_ipw_google_se,figure_f8,"Figure F.8, Republicans, IPW, Google, se",pipeline,,3,NA,0.059,NA,0.05917068940780397,1,NA,NA,"The rewrite gives 0.059, which is the published value."
offer-westort_coppock_green_2021,figure_f8_democrats_static_google_estimate,figure_f8,"Figure F.8, Democrats, Static, Google, estimate",pipeline,unseeded,3,NA,0.054,NA,0.05372147023220106,NA,1,NA,A bootstrap the deposit does not seed reproducibly; the pipeline gives 0.054.
offer-westort_coppock_green_2021,figure_f8_democrats_static_google_se,figure_f8,"Figure F.8, Democrats, Static, Google, se",pipeline,unseeded,3,NA,0.026,NA,0.02698579961093404,NA,1,NA,A bootstrap the deposit does not seed reproducibly; the pipeline gives 0.027.
offer-westort_coppock_green_2021,figure_f8_republicans_static_google_estimate,figure_f8,"Figure F.8, Republicans, Static, Google, estimate",pipeline,unseeded,3,NA,-0.038,NA,-0.03653091820460231,NA,1,NA,A bootstrap the deposit does not seed reproducibly; the pipeline gives -0.037.
offer-westort_coppock_green_2021,figure_f8_republicans_static_google_se,figure_f8,"Figure F.8, Republicans, Static, Google, se",pipeline,unseeded,3,NA,0.022,NA,0.0221415689640223,NA,1,NA,A bootstrap the deposit does not seed reproducibly; the pipeline gives 0.022.
offer-westort_coppock_green_2021,figure_f8_democrats_ipw_extra_time_estimate,figure_f8,"Figure F.8, Democrats, IPW, Extra Time, estimate",pipeline,,3,NA,-0.009,NA,-0.00949096686717006,1,NA,NA,"The rewrite gives -0.009, which is the published value."
offer-westort_coppock_green_2021,figure_f8_democrats_ipw_extra_time_se,figure_f8,"Figure F.8, Democrats, IPW, Extra Time, se",pipeline,,3,NA,0.133,NA,0.13308392683371764,1,NA,NA,"The rewrite gives 0.133, which is the published value."
offer-westort_coppock_green_2021,figure_f8_republicans_ipw_extra_time_estimate,figure_f8,"Figure F.8, Republicans, IPW, Extra Time, estimate",pipeline,,3,NA,-0.059,NA,-0.05874410305602267,1,NA,NA,"The rewrite gives -0.059, which is the published value."
offer-westort_coppock_green_2021,figure_f8_republicans_ipw_extra_time_se,figure_f8,"Figure F.8, Republicans, IPW, Extra Time, se",pipeline,,3,NA,0.081,NA,0.08137518287032836,1,NA,NA,"The rewrite gives 0.081, which is the published value."
offer-westort_coppock_green_2021,figure_f8_democrats_static_extra_time_estimate,figure_f8,"Figure F.8, Democrats, Static, Extra Time, estimate",pipeline,unseeded,3,NA,-0.009,NA,-0.00905284105498637,NA,1,NA,A bootstrap the deposit does not seed reproducibly; the pipeline gives -0.009.
offer-westort_coppock_green_2021,figure_f8_democrats_static_extra_time_se,figure_f8,"Figure F.8, Democrats, Static, Extra Time, se",pipeline,unseeded,3,NA,0.031,NA,0.03154128980648135,NA,1,NA,A bootstrap the deposit does not seed reproducibly; the pipeline gives 0.032.
offer-westort_coppock_green_2021,figure_f8_republicans_static_extra_time_estimate,figure_f8,"Figure F.8, Republicans, Static, Extra Time, estimate",pipeline,unseeded,3,NA,-0.060,NA,-0.05927304625199341,NA,1,NA,A bootstrap the deposit does not seed reproducibly; the pipeline gives -0.059.
offer-westort_coppock_green_2021,figure_f8_republicans_static_extra_time_se,figure_f8,"Figure F.8, Republicans, Static, Extra Time, se",pipeline,unseeded,3,NA,0.026,NA,0.02641051165579425,NA,1,NA,A bootstrap the deposit does not seed reproducibly; the pipeline gives 0.026.
offer-westort_coppock_green_2021,figure_f8_democrats_ipw_direction_estimate,figure_f8,"Figure F.8, Democrats, IPW, Direction, estimate",pipeline,,3,NA,0.033,NA,0.03277042670057837,1,NA,NA,"The rewrite gives 0.033, which is the published value."
offer-westort_coppock_green_2021,figure_f8_democrats_ipw_direction_se,figure_f8,"Figure F.8, Democrats, IPW, Direction, se",pipeline,,3,NA,0.029,NA,0.02934037303475006,1,NA,NA,"The rewrite gives 0.029, which is the published value."
offer-westort_coppock_green_2021,figure_f8_republicans_ipw_direction_estimate,figure_f8,"Figure F.8, Republicans, IPW, Direction, estimate",pipeline,,3,NA,-0.052,NA,-0.05152473828776796,1,NA,NA,"The rewrite gives -0.052, which is the published value."
offer-westort_coppock_green_2021,figure_f8_republicans_ipw_direction_se,figure_f8,"Figure F.8, Republicans, IPW, Direction, se",pipeline,,3,NA,0.052,NA,0.05179776844772355,1,NA,NA,"The rewrite gives 0.052, which is the published value."
offer-westort_coppock_green_2021,figure_f8_democrats_static_direction_estimate,figure_f8,"Figure F.8, Democrats, Static, Direction, estimate",pipeline,unseeded,3,NA,0.033,NA,0.03228763312668985,NA,1,NA,A bootstrap the deposit does not seed reproducibly; the pipeline gives 0.032.
offer-westort_coppock_green_2021,figure_f8_democrats_static_direction_se,figure_f8,"Figure F.8, Democrats, Static, Direction, se",pipeline,unseeded,3,NA,0.027,NA,0.02627811136816517,NA,1,NA,A bootstrap the deposit does not seed reproducibly; the pipeline gives 0.026.
offer-westort_coppock_green_2021,figure_f8_republicans_static_direction_estimate,figure_f8,"Figure F.8, Republicans, Static, Direction, estimate",pipeline,unseeded,3,NA,-0.052,NA,-0.05282509303561922,NA,1,NA,A bootstrap the deposit does not seed reproducibly; the pipeline gives -0.053.
offer-westort_coppock_green_2021,figure_f8_republicans_static_direction_se,figure_f8,"Figure F.8, Republicans, Static, Direction, se",pipeline,unseeded,3,NA,0.024,NA,0.02526217098800205,NA,1,NA,A bootstrap the deposit does not seed reproducibly; the pipeline gives 0.025.
offer-westort_coppock_green_2021,figure_f8_democrats_ipw_accuracy_estimate,figure_f8,"Figure F.8, Democrats, IPW, Accuracy, estimate",pipeline,,3,NA,0.061,NA,0.06102635860834208,1,NA,NA,"The rewrite gives 0.061, which is the published value."
offer-westort_coppock_green_2021,figure_f8_democrats_ipw_accuracy_se,figure_f8,"Figure F.8, Democrats, IPW, Accuracy, se",pipeline,,3,NA,0.025,NA,0.02485981651901226,1,NA,NA,"The rewrite gives 0.025, which is the published value."
offer-westort_coppock_green_2021,figure_f8_republicans_ipw_accuracy_estimate,figure_f8,"Figure F.8, Republicans, IPW, Accuracy, estimate",pipeline,,3,NA,-0.053,NA,-0.05300467967497402,1,NA,NA,"The rewrite gives -0.053, which is the published value."
offer-westort_coppock_green_2021,figure_f8_republicans_ipw_accuracy_se,figure_f8,"Figure F.8, Republicans, IPW, Accuracy, se",pipeline,,3,NA,0.050,NA,0.05010824803631306,1,NA,NA,"The rewrite gives 0.050, which is the published value."
offer-westort_coppock_green_2021,figure_f8_democrats_static_accuracy_estimate,figure_f8,"Figure F.8, Democrats, Static, Accuracy, estimate",pipeline,unseeded,3,NA,0.061,NA,0.05934876441314306,NA,1,NA,A bootstrap the deposit does not seed reproducibly; the pipeline gives 0.059.
offer-westort_coppock_green_2021,figure_f8_democrats_static_accuracy_se,figure_f8,"Figure F.8, Democrats, Static, Accuracy, se",pipeline,unseeded,3,NA,0.027,NA,0.02632675796861537,NA,1,NA,A bootstrap the deposit does not seed reproducibly; the pipeline gives 0.026.
offer-westort_coppock_green_2021,figure_f8_republicans_static_accuracy_estimate,figure_f8,"Figure F.8, Republicans, Static, Accuracy, estimate",pipeline,unseeded,3,NA,-0.054,NA,-0.053290491379965,NA,1,NA,A bootstrap the deposit does not seed reproducibly; the pipeline gives -0.053.
offer-westort_coppock_green_2021,figure_f8_republicans_static_accuracy_se,figure_f8,"Figure F.8, Republicans, Static, Accuracy, se",pipeline,unseeded,3,NA,0.023,NA,0.02316866149915386,NA,1,NA,A bootstrap the deposit does not seed reproducibly; the pipeline gives 0.023.
offer-westort_coppock_green_2021,table_1_cell_001,table_1,"TABLE 1, TS, correct, case 1",pipeline,,3,0.968,0.968,1,0.9681000000000002,1,NA,NA,"The rewrite gives 0.968, which is the published value."
offer-westort_coppock_green_2021,table_1_cell_002,table_1,"TABLE 1, TS, rmse_best, case 1",pipeline,,3,0.0214,0.021,1,0.02135995777642827,1,NA,NA,"The rewrite gives 0.021, which is the published value."
offer-westort_coppock_green_2021,table_1_cell_003,table_1,"TABLE 1, TS, cov_best, case 1",pipeline,,3,0.958,0.958,1,0.9583,1,NA,NA,"The rewrite gives 0.958, which is the published value."
offer-westort_coppock_green_2021,table_1_cell_004,table_1,"TABLE 1, TS, correct, case 2",pipeline,,3,0.193,0.193,1,0.19329999999999972,1,NA,NA,"The rewrite gives 0.193, which is the published value."
offer-westort_coppock_green_2021,table_1_cell_005,table_1,"TABLE 1, TS, rmse_best, case 2",pipeline,,3,0.0335,0.033,1,0.03349211329438671,1,NA,NA,"The rewrite gives 0.033, which is the published value."
offer-westort_coppock_green_2021,table_1_cell_006,table_1,"TABLE 1, TS, cov_best, case 2",pipeline,,3,0.88,0.880,1,0.88,1,NA,NA,"The rewrite gives 0.880, which is the published value."
offer-westort_coppock_green_2021,table_1_cell_007,table_1,"TABLE 1, TS, correct, case 3",pipeline,,3,0.715,0.715,1,0.7146999999999999,1,NA,NA,"The rewrite gives 0.715, which is the published value."
offer-westort_coppock_green_2021,table_1_cell_008,table_1,"TABLE 1, TS, rmse_best, case 3",pipeline,,3,0.0247,0.025,1,0.02474514364637702,1,NA,NA,"The rewrite gives 0.025, which is the published value."
offer-westort_coppock_green_2021,table_1_cell_009,table_1,"TABLE 1, TS, cov_best, case 3",pipeline,,3,0.955,0.956,1,0.9554999999999998,1,NA,NA,"The rewrite gives 0.955, which is the published value."
offer-westort_coppock_green_2021,table_1_cell_010,table_1,"TABLE 1, Static, correct, case 1",pipeline,,3,0.909,0.909,1,0.9086,1,NA,NA,"The rewrite gives 0.909, which is the published value."
offer-westort_coppock_green_2021,table_1_cell_011,table_1,"TABLE 1, Static, rmse_best, case 1",pipeline,,3,0.0306,0.031,1,0.03057578548020312,1,NA,NA,"The rewrite gives 0.031, which is the published value."
offer-westort_coppock_green_2021,table_1_cell_012,table_1,"TABLE 1, Static, rmse_te, case 1",pipeline,,3,0.0378,0.038,1,0.03778077487367352,1,NA,NA,"The rewrite gives 0.038, which is the published value."
offer-westort_coppock_green_2021,table_1_cell_013,table_1,"TABLE 1, Static, cov_best, case 1",pipeline,,3,0.941,0.941,1,0.9407,1,NA,NA,"The rewrite gives 0.941, which is the published value."
offer-westort_coppock_green_2021,table_1_cell_014,table_1,"TABLE 1, Static, cov_te, case 1",pipeline,,3,0.949,0.949,1,0.9485000000000005,1,NA,NA,"The rewrite gives 0.949, which is the published value."
offer-westort_coppock_green_2021,table_1_cell_015,table_1,"TABLE 1, Static, correct, case 2",pipeline,,3,0.18,0.180,1,0.17979999999999982,1,NA,NA,"The rewrite gives 0.180, which is the published value."
offer-westort_coppock_green_2021,table_1_cell_016,table_1,"TABLE 1, Static, rmse_best, case 2",pipeline,,3,0.0239,0.024,1,0.02392054854705499,1,NA,NA,"The rewrite gives 0.024, which is the published value."
offer-westort_coppock_green_2021,table_1_cell_017,table_1,"TABLE 1, Static, rmse_te, case 2",pipeline,,3,0.0334,0.033,1,0.03336911323814139,1,NA,NA,"The rewrite gives 0.033, which is the published value."
offer-westort_coppock_green_2021,table_1_cell_018,table_1,"TABLE 1, Static, cov_best, case 2",pipeline,,3,0.935,0.935,1,0.9345,1,NA,NA,"The rewrite gives 0.934, which is the published value."
offer-westort_coppock_green_2021,table_1_cell_019,table_1,"TABLE 1, Static, cov_te, case 2",pipeline,,3,0.947,0.947,1,0.9473,1,NA,NA,"The rewrite gives 0.947, which is the published value."
offer-westort_coppock_green_2021,table_1_cell_020,table_1,"TABLE 1, Static, correct, case 3",pipeline,,3,0.635,0.635,1,0.6348999999999994,1,NA,NA,"The rewrite gives 0.635, which is the published value."
offer-westort_coppock_green_2021,table_1_cell_021,table_1,"TABLE 1, Static, rmse_best, case 3",pipeline,,3,0.0307,0.031,1,0.03072629985587587,1,NA,NA,"The rewrite gives 0.031, which is the published value."
offer-westort_coppock_green_2021,table_1_cell_022,table_1,"TABLE 1, Static, rmse_te, case 3",pipeline,,3,0.0384,0.038,1,0.03836693596694698,1,NA,NA,"The rewrite gives 0.038, which is the published value."
offer-westort_coppock_green_2021,table_1_cell_023,table_1,"TABLE 1, Static, cov_best, case 3",pipeline,,3,0.94,0.940,1,0.9400000000000004,1,NA,NA,"The rewrite gives 0.940, which is the published value."
offer-westort_coppock_green_2021,table_1_cell_024,table_1,"TABLE 1, Static, cov_te, case 3",pipeline,,3,0.945,0.945,1,0.9448,1,NA,NA,"The rewrite gives 0.945, which is the published value."
offer-westort_coppock_green_2021,table_1_cell_025,table_1,"TABLE 1, CA, correct, case 1",pipeline,,3,NA,0.956,NA,0.9560000000000004,1,NA,NA,"The rewrite gives 0.956, which is the published value."
offer-westort_coppock_green_2021,table_1_cell_026,table_1,"TABLE 1, CA, rmse_best, case 1",pipeline,,3,NA,0.023,NA,0.02338363176240237,1,NA,NA,"The rewrite gives 0.023, which is the published value."
offer-westort_coppock_green_2021,table_1_cell_027,table_1,"TABLE 1, CA, rmse_te, case 1",pipeline,,3,NA,0.029,NA,0.02932266358822316,1,NA,NA,"The rewrite gives 0.029, which is the published value."
offer-westort_coppock_green_2021,table_1_cell_028,table_1,"TABLE 1, CA, cov_best, case 1",pipeline,,3,NA,0.957,NA,0.9566,1,NA,NA,"The rewrite gives 0.957, which is the published value."
offer-westort_coppock_green_2021,table_1_cell_029,table_1,"TABLE 1, CA, cov_te, case 1",pipeline,,3,NA,0.952,NA,0.9516000000000004,1,NA,NA,"The rewrite gives 0.952, which is the published value."
offer-westort_coppock_green_2021,table_1_cell_030,table_1,"TABLE 1, CA, correct, case 2",pipeline,,3,NA,0.174,NA,0.17400000000000018,1,NA,NA,"The rewrite gives 0.174, which is the published value."
offer-westort_coppock_green_2021,table_1_cell_031,table_1,"TABLE 1, CA, rmse_best, case 2",pipeline,,3,NA,0.034,NA,0.034299514826319,1,NA,NA,"The rewrite gives 0.034, which is the published value."
offer-westort_coppock_green_2021,table_1_cell_032,table_1,"TABLE 1, CA, rmse_te, case 2",pipeline,,3,NA,0.041,NA,0.04076995020301906,1,NA,NA,"The rewrite gives 0.041, which is the published value."
offer-westort_coppock_green_2021,table_1_cell_033,table_1,"TABLE 1, CA, cov_best, case 2",pipeline,,3,NA,0.879,NA,0.8793,1,NA,NA,"The rewrite gives 0.879, which is the published value."
offer-westort_coppock_green_2021,table_1_cell_034,table_1,"TABLE 1, CA, cov_te, case 2",pipeline,,3,NA,0.886,NA,0.8863000000000002,1,NA,NA,"The rewrite gives 0.886, which is the published value."
offer-westort_coppock_green_2021,table_1_cell_035,table_1,"TABLE 1, CA, correct, case 3",pipeline,,3,NA,0.683,NA,0.6829,1,NA,NA,"The rewrite gives 0.683, which is the published value."
offer-westort_coppock_green_2021,table_1_cell_036,table_1,"TABLE 1, CA, rmse_best, case 3",pipeline,,3,NA,0.029,NA,0.02865948447311381,1,NA,NA,"The rewrite gives 0.029, which is the published value."
offer-westort_coppock_green_2021,table_1_cell_037,table_1,"TABLE 1, CA, rmse_te, case 3",pipeline,,3,NA,0.035,NA,0.03452476735094487,1,NA,NA,"The rewrite gives 0.035, which is the published value."
offer-westort_coppock_green_2021,table_1_cell_038,table_1,"TABLE 1, CA, cov_best, case 3",pipeline,,3,NA,0.946,NA,0.9464,1,NA,NA,"The rewrite gives 0.946, which is the published value."
offer-westort_coppock_green_2021,table_1_cell_039,table_1,"TABLE 1, CA, cov_te, case 3",pipeline,,3,NA,0.937,NA,0.9370999999999996,1,NA,NA,"The rewrite gives 0.937, which is the published value."
offer-westort_coppock_green_2021,table_d2_cell_001,table_d2,"TABLE D2, TS, correct, case 1, 1 batches",pipeline,,3,0.909,0.909,1,0.9086,1,NA,NA,"The rewrite gives 0.909, which is the published value."
offer-westort_coppock_green_2021,table_d2_cell_002,table_d2,"TABLE D2, TS, rmse_best, case 1, 1 batches",pipeline,,3,0.0306,0.031,1,0.03057578548020312,1,NA,NA,"The rewrite gives 0.031, which is the published value."
offer-westort_coppock_green_2021,table_d2_cell_003,table_d2,"TABLE D2, TS, rmse_te, case 1, 1 batches",pipeline,,3,0.0378,0.038,1,0.03778077487367352,1,NA,NA,"The rewrite gives 0.038, which is the published value."
offer-westort_coppock_green_2021,table_d2_cell_004,table_d2,"TABLE D2, TS, cov_best, case 1, 1 batches",pipeline,,3,0.941,0.941,1,0.9407,1,NA,NA,"The rewrite gives 0.941, which is the published value."
offer-westort_coppock_green_2021,table_d2_cell_005,table_d2,"TABLE D2, TS, cov_te, case 1, 1 batches",pipeline,,3,0.949,0.949,1,0.9485000000000005,1,NA,NA,"The rewrite gives 0.949, which is the published value."
offer-westort_coppock_green_2021,table_d2_cell_006,table_d2,"TABLE D2, TS, correct, case 1, 2 batches",pipeline,,3,0.945,0.945,1,0.945,1,NA,NA,"The rewrite gives 0.945, which is the published value."
offer-westort_coppock_green_2021,table_d2_cell_007,table_d2,"TABLE D2, TS, rmse_best, case 1, 2 batches",pipeline,,3,0.0251,0.025,1,0.02510624516957907,1,NA,NA,"The rewrite gives 0.025, which is the published value."
offer-westort_coppock_green_2021,table_d2_cell_008,table_d2,"TABLE D2, TS, rmse_te, case 1, 2 batches",pipeline,,3,0.056,0.056,1,0.05599563363859466,1,NA,NA,"The rewrite gives 0.056, which is the published value."
offer-westort_coppock_green_2021,table_d2_cell_009,table_d2,"TABLE D2, TS, cov_best, case 1, 2 batches",pipeline,,3,0.952,0.952,1,0.9515,1,NA,NA,"The rewrite gives 0.952, which is the published value."
offer-westort_coppock_green_2021,table_d2_cell_010,table_d2,"TABLE D2, TS, cov_te, case 1, 2 batches",pipeline,,3,0.846,0.846,1,0.8459999999999999,1,NA,NA,"The rewrite gives 0.846, which is the published value."
offer-westort_coppock_green_2021,table_d2_cell_011,table_d2,"TABLE D2, TS, correct, case 1, 4 batches",pipeline,,3,0.962,0.962,1,0.9616999999999996,1,NA,NA,"The rewrite gives 0.962, which is the published value."
offer-westort_coppock_green_2021,table_d2_cell_012,table_d2,"TABLE D2, TS, rmse_best, case 1, 4 batches",pipeline,,3,0.0224,0.022,1,0.02243295737348837,1,NA,NA,"The rewrite gives 0.022, which is the published value."
offer-westort_coppock_green_2021,table_d2_cell_013,table_d2,"TABLE D2, TS, rmse_te, case 1, 4 batches",pipeline,,3,0.0597,0.060,1,0.05972780924772324,1,NA,NA,"The rewrite gives 0.060, which is the published value."
offer-westort_coppock_green_2021,table_d2_cell_014,table_d2,"TABLE D2, TS, cov_best, case 1, 4 batches",pipeline,,3,0.955,0.955,1,0.9553999999999996,1,NA,NA,"The rewrite gives 0.955, which is the published value."
offer-westort_coppock_green_2021,table_d2_cell_015,table_d2,"TABLE D2, TS, cov_te, case 1, 4 batches",pipeline,,3,0.769,0.769,1,0.7689,1,NA,NA,"The rewrite gives 0.769, which is the published value."
offer-westort_coppock_green_2021,table_d2_cell_016,table_d2,"TABLE D2, TS, correct, case 1, 5 batches",pipeline,,3,0.963,0.963,1,0.9629,1,NA,NA,"The rewrite gives 0.963, which is the published value."
offer-westort_coppock_green_2021,table_d2_cell_017,table_d2,"TABLE D2, TS, rmse_best, case 1, 5 batches",pipeline,,3,0.0221,0.022,1,0.02208581249492197,1,NA,NA,"The rewrite gives 0.022, which is the published value."
offer-westort_coppock_green_2021,table_d2_cell_018,table_d2,"TABLE D2, TS, rmse_te, case 1, 5 batches",pipeline,,3,0.0598,0.060,1,0.05981230889637718,1,NA,NA,"The rewrite gives 0.060, which is the published value."
offer-westort_coppock_green_2021,table_d2_cell_019,table_d2,"TABLE D2, TS, cov_best, case 1, 5 batches",pipeline,,3,0.956,0.956,1,0.9561000000000004,1,NA,NA,"The rewrite gives 0.956, which is the published value."
offer-westort_coppock_green_2021,table_d2_cell_020,table_d2,"TABLE D2, TS, cov_te, case 1, 5 batches",pipeline,,3,0.774,0.775,1,0.7744999999999994,1,NA,NA,"The rewrite gives 0.774, which is the published value."
offer-westort_coppock_green_2021,table_d2_cell_021,table_d2,"TABLE D2, TS, correct, case 1, 8 batches",pipeline,,3,0.965,0.965,1,0.9653000000000002,1,NA,NA,"The rewrite gives 0.965, which is the published value."
offer-westort_coppock_green_2021,table_d2_cell_022,table_d2,"TABLE D2, TS, rmse_best, case 1, 8 batches",pipeline,,3,0.0217,0.022,1,0.02174795321064431,1,NA,NA,"The rewrite gives 0.022, which is the published value."
offer-westort_coppock_green_2021,table_d2_cell_023,table_d2,"TABLE D2, TS, rmse_te, case 1, 8 batches",pipeline,,3,0.0578,0.058,1,0.05778091003916084,1,NA,NA,"The rewrite gives 0.058, which is the published value."
offer-westort_coppock_green_2021,table_d2_cell_024,table_d2,"TABLE D2, TS, cov_best, case 1, 8 batches",pipeline,,3,0.955,0.955,1,0.9546000000000004,1,NA,NA,"The rewrite gives 0.955, which is the published value."
offer-westort_coppock_green_2021,table_d2_cell_025,table_d2,"TABLE D2, TS, cov_te, case 1, 8 batches",pipeline,,3,0.785,0.785,1,0.7851000000000001,1,NA,NA,"The rewrite gives 0.785, which is the published value."
offer-westort_coppock_green_2021,table_d2_cell_026,table_d2,"TABLE D2, TS, correct, case 1, 10 batches",pipeline,,3,0.968,0.968,1,0.9681000000000002,1,NA,NA,"The rewrite gives 0.968, which is the published value."
offer-westort_coppock_green_2021,table_d2_cell_027,table_d2,"TABLE D2, TS, rmse_best, case 1, 10 batches",pipeline,,3,0.0214,0.021,1,0.02135995777642827,1,NA,NA,"The rewrite gives 0.021, which is the published value."
offer-westort_coppock_green_2021,table_d2_cell_028,table_d2,"TABLE D2, TS, rmse_te, case 1, 10 batches",pipeline,,3,0.0574,0.057,1,0.05738448863580026,1,NA,NA,"The rewrite gives 0.057, which is the published value."
offer-westort_coppock_green_2021,table_d2_cell_029,table_d2,"TABLE D2, TS, cov_best, case 1, 10 batches",pipeline,,3,0.958,0.958,1,0.9583,1,NA,NA,"The rewrite gives 0.958, which is the published value."
offer-westort_coppock_green_2021,table_d2_cell_030,table_d2,"TABLE D2, TS, cov_te, case 1, 10 batches",pipeline,,3,0.795,0.795,1,0.7951000000000001,1,NA,NA,"The rewrite gives 0.795, which is the published value."
offer-westort_coppock_green_2021,table_d2_cell_031,table_d2,"TABLE D2, TS, correct, case 1, 20 batches",pipeline,,3,NA,0.967,NA,0.9673000000000002,1,NA,NA,"The rewrite gives 0.967, which is the published value."
offer-westort_coppock_green_2021,table_d2_cell_032,table_d2,"TABLE D2, TS, rmse_best, case 1, 20 batches",pipeline,,3,NA,0.021,NA,0.02120414072219761,1,NA,NA,"The rewrite gives 0.021, which is the published value."
offer-westort_coppock_green_2021,table_d2_cell_033,table_d2,"TABLE D2, TS, rmse_te, case 1, 20 batches",pipeline,,3,NA,0.056,NA,0.05567625652803388,1,NA,NA,"The rewrite gives 0.056, which is the published value."
offer-westort_coppock_green_2021,table_d2_cell_034,table_d2,"TABLE D2, TS, cov_best, case 1, 20 batches",pipeline,,3,NA,0.956,NA,0.9560000000000004,1,NA,NA,"The rewrite gives 0.956, which is the published value."
offer-westort_coppock_green_2021,table_d2_cell_035,table_d2,"TABLE D2, TS, cov_te, case 1, 20 batches",pipeline,,3,NA,0.799,NA,0.7993000000000001,1,NA,NA,"The rewrite gives 0.799, which is the published value."
offer-westort_coppock_green_2021,table_d2_cell_036,table_d2,"TABLE D2, TS, correct, case 1, 50 batches",pipeline,,3,NA,0.970,NA,0.9700999999999996,1,NA,NA,"The rewrite gives 0.970, which is the published value."
offer-westort_coppock_green_2021,table_d2_cell_037,table_d2,"TABLE D2, TS, rmse_best, case 1, 50 batches",pipeline,,3,NA,0.020,NA,0.02041288985394267,1,NA,NA,"The rewrite gives 0.020, which is the published value."
offer-westort_coppock_green_2021,table_d2_cell_038,table_d2,"TABLE D2, TS, rmse_te, case 1, 50 batches",pipeline,,3,NA,0.054,NA,0.05412560959682243,1,NA,NA,"The rewrite gives 0.054, which is the published value."
offer-westort_coppock_green_2021,table_d2_cell_039,table_d2,"TABLE D2, TS, cov_best, case 1, 50 batches",pipeline,,3,NA,0.960,NA,0.9595999999999996,1,NA,NA,"The rewrite gives 0.960, which is the published value."
offer-westort_coppock_green_2021,table_d2_cell_040,table_d2,"TABLE D2, TS, cov_te, case 1, 50 batches",pipeline,,3,NA,0.805,NA,0.8049,1,NA,NA,"The rewrite gives 0.805, which is the published value."
offer-westort_coppock_green_2021,table_d2_cell_041,table_d2,"TABLE D2, TS, correct, case 1, 100 batches",pipeline,,3,NA,0.969,NA,0.9687,1,NA,NA,"The rewrite gives 0.969, which is the published value."
offer-westort_coppock_green_2021,table_d2_cell_042,table_d2,"TABLE D2, TS, rmse_best, case 1, 100 batches",pipeline,,3,NA,0.020,NA,0.01984038889651286,1,NA,NA,"The rewrite gives 0.020, which is the published value."
offer-westort_coppock_green_2021,table_d2_cell_043,table_d2,"TABLE D2, TS, rmse_te, case 1, 100 batches",pipeline,,3,NA,0.054,NA,0.05387484949081709,1,NA,NA,"The rewrite gives 0.054, which is the published value."
offer-westort_coppock_green_2021,table_d2_cell_044,table_d2,"TABLE D2, TS, cov_best, case 1, 100 batches",pipeline,,3,NA,0.961,NA,0.9614,1,NA,NA,"The rewrite gives 0.961, which is the published value."
offer-westort_coppock_green_2021,table_d2_cell_045,table_d2,"TABLE D2, TS, cov_te, case 1, 100 batches",pipeline,,3,NA,0.807,NA,0.8068000000000004,1,NA,NA,"The rewrite gives 0.807, which is the published value."
offer-westort_coppock_green_2021,table_d2_cell_046,table_d2,"TABLE D2, TS, correct, case 2, 1 batches",pipeline,,3,NA,0.180,NA,0.17979999999999982,1,NA,NA,"The rewrite gives 0.180, which is the published value."
offer-westort_coppock_green_2021,table_d2_cell_047,table_d2,"TABLE D2, TS, rmse_best, case 2, 1 batches",pipeline,,3,NA,0.024,NA,0.02392054854705499,1,NA,NA,"The rewrite gives 0.024, which is the published value."
offer-westort_coppock_green_2021,table_d2_cell_048,table_d2,"TABLE D2, TS, rmse_te, case 2, 1 batches",pipeline,,3,NA,0.033,NA,0.03336911323814139,1,NA,NA,"The rewrite gives 0.033, which is the published value."
offer-westort_coppock_green_2021,table_d2_cell_049,table_d2,"TABLE D2, TS, cov_best, case 2, 1 batches",pipeline,,3,NA,0.935,NA,0.9345,1,NA,NA,"The rewrite gives 0.934, which is the published value."
offer-westort_coppock_green_2021,table_d2_cell_050,table_d2,"TABLE D2, TS, cov_te, case 2, 1 batches",pipeline,,3,NA,0.947,NA,0.9473,1,NA,NA,"The rewrite gives 0.947, which is the published value."
offer-westort_coppock_green_2021,table_d2_cell_051,table_d2,"TABLE D2, TS, correct, case 2, 2 batches",pipeline,,3,NA,0.177,NA,0.17700000000000035,1,NA,NA,"The rewrite gives 0.177, which is the published value."
offer-westort_coppock_green_2021,table_d2_cell_052,table_d2,"TABLE D2, TS, rmse_best, case 2, 2 batches",pipeline,,3,NA,0.036,NA,0.03564223341208369,1,NA,NA,"The rewrite gives 0.036, which is the published value."
offer-westort_coppock_green_2021,table_d2_cell_053,table_d2,"TABLE D2, TS, rmse_te, case 2, 2 batches",pipeline,,3,NA,0.054,NA,0.05423002216539718,1,NA,NA,"The rewrite gives 0.054, which is the published value."
offer-westort_coppock_green_2021,table_d2_cell_054,table_d2,"TABLE D2, TS, cov_best, case 2, 2 batches",pipeline,,3,NA,0.819,NA,0.8193000000000003,1,NA,NA,"The rewrite gives 0.819, which is the published value."
offer-westort_coppock_green_2021,table_d2_cell_055,table_d2,"TABLE D2, TS, cov_te, case 2, 2 batches",pipeline,,3,NA,0.802,NA,0.8016999999999999,1,NA,NA,"The rewrite gives 0.802, which is the published value."
offer-westort_coppock_green_2021,table_d2_cell_056,table_d2,"TABLE D2, TS, correct, case 2, 4 batches",pipeline,,3,NA,0.183,NA,0.18259999999999943,1,NA,NA,"The rewrite gives 0.183, which is the published value."
offer-westort_coppock_green_2021,table_d2_cell_057,table_d2,"TABLE D2, TS, rmse_best, case 2, 4 batches",pipeline,,3,NA,0.036,NA,0.03625422466495082,1,NA,NA,"The rewrite gives 0.036, which is the published value."
offer-westort_coppock_green_2021,table_d2_cell_058,table_d2,"TABLE D2, TS, rmse_te, case 2, 4 batches",pipeline,,3,NA,0.055,NA,0.05475768900710324,1,NA,NA,"The rewrite gives 0.055, which is the published value."
offer-westort_coppock_green_2021,table_d2_cell_059,table_d2,"TABLE D2, TS, cov_best, case 2, 4 batches",pipeline,,3,NA,0.862,NA,0.8621999999999994,1,NA,NA,"The rewrite gives 0.862, which is the published value."
offer-westort_coppock_green_2021,table_d2_cell_060,table_d2,"TABLE D2, TS, cov_te, case 2, 4 batches",pipeline,,3,NA,0.829,NA,0.8287999999999995,1,NA,NA,"The rewrite gives 0.829, which is the published value."
offer-westort_coppock_green_2021,table_d2_cell_061,table_d2,"TABLE D2, TS, correct, case 2, 5 batches",pipeline,,3,NA,0.181,NA,0.18100000000000016,1,NA,NA,"The rewrite gives 0.181, which is the published value."
offer-westort_coppock_green_2021,table_d2_cell_062,table_d2,"TABLE D2, TS, rmse_best, case 2, 5 batches",pipeline,,3,NA,0.036,NA,0.03589195392906857,1,NA,NA,"The rewrite gives 0.036, which is the published value."
offer-westort_coppock_green_2021,table_d2_cell_063,table_d2,"TABLE D2, TS, rmse_te, case 2, 5 batches",pipeline,,3,NA,0.054,NA,0.05414418756852827,1,NA,NA,"The rewrite gives 0.054, which is the published value."
offer-westort_coppock_green_2021,table_d2_cell_064,table_d2,"TABLE D2, TS, cov_best, case 2, 5 batches",pipeline,,3,NA,0.872,NA,0.8723000000000002,1,NA,NA,"The rewrite gives 0.872, which is the published value."
offer-westort_coppock_green_2021,table_d2_cell_065,table_d2,"TABLE D2, TS, cov_te, case 2, 5 batches",pipeline,,3,NA,0.838,NA,0.8379999999999993,1,NA,NA,"The rewrite gives 0.838, which is the published value."
offer-westort_coppock_green_2021,table_d2_cell_066,table_d2,"TABLE D2, TS, correct, case 2, 8 batches",pipeline,,3,NA,0.194,NA,0.1936,1,NA,NA,"The rewrite gives 0.194, which is the published value."
offer-westort_coppock_green_2021,table_d2_cell_067,table_d2,"TABLE D2, TS, rmse_best, case 2, 8 batches",pipeline,,3,NA,0.034,NA,0.03392589211452988,1,NA,NA,"The rewrite gives 0.034, which is the published value."
offer-westort_coppock_green_2021,table_d2_cell_068,table_d2,"TABLE D2, TS, rmse_te, case 2, 8 batches",pipeline,,3,NA,0.050,NA,0.05029847638075825,1,NA,NA,"The rewrite gives 0.050, which is the published value."
offer-westort_coppock_green_2021,table_d2_cell_069,table_d2,"TABLE D2, TS, cov_best, case 2, 8 batches",pipeline,,3,NA,0.884,NA,0.8837999999999998,1,NA,NA,"The rewrite gives 0.884, which is the published value."
offer-westort_coppock_green_2021,table_d2_cell_070,table_d2,"TABLE D2, TS, cov_te, case 2, 8 batches",pipeline,,3,NA,0.850,NA,0.8501999999999996,1,NA,NA,"The rewrite gives 0.850, which is the published value."
offer-westort_coppock_green_2021,table_d2_cell_071,table_d2,"TABLE D2, TS, correct, case 2, 10 batches",pipeline,,3,NA,0.193,NA,0.19329999999999972,1,NA,NA,"The rewrite gives 0.193, which is the published value."
offer-westort_coppock_green_2021,table_d2_cell_072,table_d2,"TABLE D2, TS, rmse_best, case 2, 10 batches",pipeline,,3,NA,0.033,NA,0.03349211329438671,1,NA,NA,"The rewrite gives 0.033, which is the published value."
offer-westort_coppock_green_2021,table_d2_cell_073,table_d2,"TABLE D2, TS, rmse_te, case 2, 10 batches",pipeline,,3,NA,0.050,NA,0.04950631904668689,1,NA,NA,"The rewrite gives 0.050, which is the published value."
offer-westort_coppock_green_2021,table_d2_cell_074,table_d2,"TABLE D2, TS, cov_best, case 2, 10 batches",pipeline,,3,NA,0.880,NA,0.88,1,NA,NA,"The rewrite gives 0.880, which is the published value."
offer-westort_coppock_green_2021,table_d2_cell_075,table_d2,"TABLE D2, TS, cov_te, case 2, 10 batches",pipeline,,3,NA,0.851,NA,0.8509000000000004,1,NA,NA,"The rewrite gives 0.851, which is the published value."
offer-westort_coppock_green_2021,table_d2_cell_076,table_d2,"TABLE D2, TS, correct, case 2, 20 batches",pipeline,,3,NA,0.186,NA,0.18589999999999984,1,NA,NA,"The rewrite gives 0.186, which is the published value."
offer-westort_coppock_green_2021,table_d2_cell_077,table_d2,"TABLE D2, TS, rmse_best, case 2, 20 batches",pipeline,,3,NA,0.032,NA,0.03221009203913226,1,NA,NA,"The rewrite gives 0.032, which is the published value."
offer-westort_coppock_green_2021,table_d2_cell_078,table_d2,"TABLE D2, TS, rmse_te, case 2, 20 batches",pipeline,,3,NA,0.047,NA,0.04745721454084872,1,NA,NA,"The rewrite gives 0.047, which is the published value."
offer-westort_coppock_green_2021,table_d2_cell_079,table_d2,"TABLE D2, TS, cov_best, case 2, 20 batches",pipeline,,3,NA,0.890,NA,0.8896000000000001,1,NA,NA,"The rewrite gives 0.890, which is the published value."
offer-westort_coppock_green_2021,table_d2_cell_080,table_d2,"TABLE D2, TS, cov_te, case 2, 20 batches",pipeline,,3,NA,0.861,NA,0.8604999999999998,1,NA,NA,"The rewrite gives 0.860, which is the published value."
offer-westort_coppock_green_2021,table_d2_cell_081,table_d2,"TABLE D2, TS, correct, case 2, 50 batches",pipeline,,3,NA,0.188,NA,0.18770000000000023,1,NA,NA,"The rewrite gives 0.188, which is the published value."
offer-westort_coppock_green_2021,table_d2_cell_082,table_d2,"TABLE D2, TS, rmse_best, case 2, 50 batches",pipeline,,3,NA,0.031,NA,0.03099793740176997,1,NA,NA,"The rewrite gives 0.031, which is the published value."
offer-westort_coppock_green_2021,table_d2_cell_083,table_d2,"TABLE D2, TS, rmse_te, case 2, 50 batches",pipeline,,3,NA,0.045,NA,0.04542293627738592,1,NA,NA,"The rewrite gives 0.045, which is the published value."
offer-westort_coppock_green_2021,table_d2_cell_084,table_d2,"TABLE D2, TS, cov_best, case 2, 50 batches",pipeline,,3,NA,0.894,NA,0.89400000000000035,1,NA,NA,"The rewrite gives 0.894, which is the published value."
offer-westort_coppock_green_2021,table_d2_cell_085,table_d2,"TABLE D2, TS, cov_te, case 2, 50 batches",pipeline,,3,NA,0.863,NA,0.8625999999999998,1,NA,NA,"The rewrite gives 0.863, which is the published value."
offer-westort_coppock_green_2021,table_d2_cell_086,table_d2,"TABLE D2, TS, correct, case 2, 100 batches",pipeline,,3,NA,0.190,NA,0.1902999999999996,1,NA,NA,"The rewrite gives 0.190, which is the published value."
offer-westort_coppock_green_2021,table_d2_cell_087,table_d2,"TABLE D2, TS, rmse_best, case 2, 100 batches",pipeline,,3,NA,0.031,NA,0.03077519241652094,1,NA,NA,"The rewrite gives 0.031, which is the published value."
offer-westort_coppock_green_2021,table_d2_cell_088,table_d2,"TABLE D2, TS, rmse_te, case 2, 100 batches",pipeline,,3,NA,0.045,NA,0.04456213701182269,1,NA,NA,"The rewrite gives 0.045, which is the published value."
offer-westort_coppock_green_2021,table_d2_cell_089,table_d2,"TABLE D2, TS, cov_best, case 2, 100 batches",pipeline,,3,NA,0.895,NA,0.8945999999999998,1,NA,NA,"The rewrite gives 0.895, which is the published value."
offer-westort_coppock_green_2021,table_d2_cell_090,table_d2,"TABLE D2, TS, cov_te, case 2, 100 batches",pipeline,,3,NA,0.866,NA,0.8656999999999998,1,NA,NA,"The rewrite gives 0.866, which is the published value."
offer-westort_coppock_green_2021,table_d2_cell_091,table_d2,"TABLE D2, TS, correct, case 3, 1 batches",pipeline,,3,NA,0.635,NA,0.6348999999999994,1,NA,NA,"The rewrite gives 0.635, which is the published value."
offer-westort_coppock_green_2021,table_d2_cell_092,table_d2,"TABLE D2, TS, rmse_best, case 3, 1 batches",pipeline,,3,NA,0.031,NA,0.03072629985587587,1,NA,NA,"The rewrite gives 0.031, which is the published value."
offer-westort_coppock_green_2021,table_d2_cell_093,table_d2,"TABLE D2, TS, rmse_te, case 3, 1 batches",pipeline,,3,NA,0.038,NA,0.03836693596694698,1,NA,NA,"The rewrite gives 0.038, which is the published value."
offer-westort_coppock_green_2021,table_d2_cell_094,table_d2,"TABLE D2, TS, cov_best, case 3, 1 batches",pipeline,,3,NA,0.940,NA,0.9400000000000004,1,NA,NA,"The rewrite gives 0.940, which is the published value."
offer-westort_coppock_green_2021,table_d2_cell_095,table_d2,"TABLE D2, TS, cov_te, case 3, 1 batches",pipeline,,3,NA,0.945,NA,0.9448,1,NA,NA,"The rewrite gives 0.945, which is the published value."
offer-westort_coppock_green_2021,table_d2_cell_096,table_d2,"TABLE D2, TS, correct, case 3, 2 batches",pipeline,,3,NA,0.676,NA,0.6761999999999998,1,NA,NA,"The rewrite gives 0.676, which is the published value."
offer-westort_coppock_green_2021,table_d2_cell_097,table_d2,"TABLE D2, TS, rmse_best, case 3, 2 batches",pipeline,,3,NA,0.027,NA,0.02725944805339062,1,NA,NA,"The rewrite gives 0.027, which is the published value."
offer-westort_coppock_green_2021,table_d2_cell_098,table_d2,"TABLE D2, TS, rmse_te, case 3, 2 batches",pipeline,,3,NA,0.060,NA,0.05974295833994625,1,NA,NA,"The rewrite gives 0.060, which is the published value."
offer-westort_coppock_green_2021,table_d2_cell_099,table_d2,"TABLE D2, TS, cov_best, case 3, 2 batches",pipeline,,3,NA,0.946,NA,0.9456,1,NA,NA,"The rewrite gives 0.946, which is the published value."
offer-westort_coppock_green_2021,table_d2_cell_100,table_d2,"TABLE D2, TS, cov_te, case 3, 2 batches",pipeline,,3,NA,0.846,NA,0.8464000000000004,1,NA,NA,"The rewrite gives 0.846, which is the published value."
offer-westort_coppock_green_2021,table_d2_cell_101,table_d2,"TABLE D2, TS, correct, case 3, 4 batches",pipeline,,3,NA,0.696,NA,0.6964000000000005,1,NA,NA,"The rewrite gives 0.696, which is the published value."
offer-westort_coppock_green_2021,table_d2_cell_102,table_d2,"TABLE D2, TS, rmse_best, case 3, 4 batches",pipeline,,3,NA,0.026,NA,0.02611699732211089,1,NA,NA,"The rewrite gives 0.026, which is the published value."
offer-westort_coppock_green_2021,table_d2_cell_103,table_d2,"TABLE D2, TS, rmse_te, case 3, 4 batches",pipeline,,3,NA,0.066,NA,0.06550314728560634,1,NA,NA,"The rewrite gives 0.066, which is the published value."
offer-westort_coppock_green_2021,table_d2_cell_104,table_d2,"TABLE D2, TS, cov_best, case 3, 4 batches",pipeline,,3,NA,0.950,NA,0.9502999999999998,1,NA,NA,"The rewrite gives 0.950, which is the published value."
offer-westort_coppock_green_2021,table_d2_cell_105,table_d2,"TABLE D2, TS, cov_te, case 3, 4 batches",pipeline,,3,NA,0.759,NA,0.7592000000000001,1,NA,NA,"The rewrite gives 0.759, which is the published value."
offer-westort_coppock_green_2021,table_d2_cell_106,table_d2,"TABLE D2, TS, correct, case 3, 5 batches",pipeline,,3,NA,0.699,NA,0.6987000000000001,1,NA,NA,"The rewrite gives 0.699, which is the published value."
offer-westort_coppock_green_2021,table_d2_cell_107,table_d2,"TABLE D2, TS, rmse_best, case 3, 5 batches",pipeline,,3,NA,0.026,NA,0.02595647623377397,1,NA,NA,"The rewrite gives 0.026, which is the published value."
offer-westort_coppock_green_2021,table_d2_cell_108,table_d2,"TABLE D2, TS, rmse_te, case 3, 5 batches",pipeline,,3,NA,0.065,NA,0.06466916820679061,1,NA,NA,"The rewrite gives 0.065, which is the published value."
offer-westort_coppock_green_2021,table_d2_cell_109,table_d2,"TABLE D2, TS, cov_best, case 3, 5 batches",pipeline,,3,NA,0.948,NA,0.9479,1,NA,NA,"The rewrite gives 0.948, which is the published value."
offer-westort_coppock_green_2021,table_d2_cell_110,table_d2,"TABLE D2, TS, cov_te, case 3, 5 batches",pipeline,,3,NA,0.760,NA,0.7595999999999999,1,NA,NA,"The rewrite gives 0.760, which is the published value."
offer-westort_coppock_green_2021,table_d2_cell_111,table_d2,"TABLE D2, TS, correct, case 3, 8 batches",pipeline,,3,NA,0.700,NA,0.7000000000000003,1,NA,NA,"The rewrite gives 0.700, which is the published value."
offer-westort_coppock_green_2021,table_d2_cell_112,table_d2,"TABLE D2, TS, rmse_best, case 3, 8 batches",pipeline,,3,NA,0.026,NA,0.02574922322923747,1,NA,NA,"The rewrite gives 0.026, which is the published value."
offer-westort_coppock_green_2021,table_d2_cell_113,table_d2,"TABLE D2, TS, rmse_te, case 3, 8 batches",pipeline,,3,NA,0.062,NA,0.06193627430121042,1,NA,NA,"The rewrite gives 0.062, which is the published value."
offer-westort_coppock_green_2021,table_d2_cell_114,table_d2,"TABLE D2, TS, cov_best, case 3, 8 batches",pipeline,,3,NA,0.952,NA,0.9521000000000002,1,NA,NA,"The rewrite gives 0.952, which is the published value."
offer-westort_coppock_green_2021,table_d2_cell_115,table_d2,"TABLE D2, TS, cov_te, case 3, 8 batches",pipeline,,3,NA,0.783,NA,0.7827000000000002,1,NA,NA,"The rewrite gives 0.783, which is the published value."
offer-westort_coppock_green_2021,table_d2_cell_116,table_d2,"TABLE D2, TS, correct, case 3, 10 batches",pipeline,,3,NA,0.715,NA,0.7146999999999999,1,NA,NA,"The rewrite gives 0.715, which is the published value."
offer-westort_coppock_green_2021,table_d2_cell_117,table_d2,"TABLE D2, TS, rmse_best, case 3, 10 batches",pipeline,,3,NA,0.025,NA,0.02474514364637702,1,NA,NA,"The rewrite gives 0.025, which is the published value."
offer-westort_coppock_green_2021,table_d2_cell_118,table_d2,"TABLE D2, TS, rmse_te, case 3, 10 batches",pipeline,,3,NA,0.061,NA,0.06080980341688941,1,NA,NA,"The rewrite gives 0.061, which is the published value."
offer-westort_coppock_green_2021,table_d2_cell_119,table_d2,"TABLE D2, TS, cov_best, case 3, 10 batches",pipeline,,3,NA,0.956,NA,0.9554999999999998,1,NA,NA,"The rewrite gives 0.955, which is the published value."
offer-westort_coppock_green_2021,table_d2_cell_120,table_d2,"TABLE D2, TS, cov_te, case 3, 10 batches",pipeline,,3,NA,0.796,NA,0.7958000000000001,1,NA,NA,"The rewrite gives 0.796, which is the published value."
offer-westort_coppock_green_2021,table_d2_cell_121,table_d2,"TABLE D2, TS, correct, case 3, 20 batches",pipeline,,3,NA,0.708,NA,0.7082999999999998,1,NA,NA,"The rewrite gives 0.708, which is the published value."
offer-westort_coppock_green_2021,table_d2_cell_122,table_d2,"TABLE D2, TS, rmse_best, case 3, 20 batches",pipeline,,3,NA,0.025,NA,0.02475157882435573,1,NA,NA,"The rewrite gives 0.025, which is the published value."
offer-westort_coppock_green_2021,table_d2_cell_123,table_d2,"TABLE D2, TS, rmse_te, case 3, 20 batches",pipeline,,3,NA,0.059,NA,0.05946211742135396,1,NA,NA,"The rewrite gives 0.059, which is the published value."
offer-westort_coppock_green_2021,table_d2_cell_124,table_d2,"TABLE D2, TS, cov_best, case 3, 20 batches",pipeline,,3,NA,0.956,NA,0.9557,1,NA,NA,"The rewrite gives 0.956, which is the published value."
offer-westort_coppock_green_2021,table_d2_cell_125,table_d2,"TABLE D2, TS, cov_te, case 3, 20 batches",pipeline,,3,NA,0.796,NA,0.7956999999999999,1,NA,NA,"The rewrite gives 0.796, which is the published value."
offer-westort_coppock_green_2021,table_d2_cell_126,table_d2,"TABLE D2, TS, correct, case 3, 50 batches",pipeline,,3,NA,0.710,NA,0.7101999999999997,1,NA,NA,"The rewrite gives 0.710, which is the published value."
offer-westort_coppock_green_2021,table_d2_cell_127,table_d2,"TABLE D2, TS, rmse_best, case 3, 50 batches",pipeline,,3,NA,0.024,NA,0.0241067353789452,1,NA,NA,"The rewrite gives 0.024, which is the published value."
offer-westort_coppock_green_2021,table_d2_cell_128,table_d2,"TABLE D2, TS, rmse_te, case 3, 50 batches",pipeline,,3,NA,0.058,NA,0.05800319750836615,1,NA,NA,"The rewrite gives 0.058, which is the published value."
offer-westort_coppock_green_2021,table_d2_cell_129,table_d2,"TABLE D2, TS, cov_best, case 3, 50 batches",pipeline,,3,NA,0.955,NA,0.9546000000000002,1,NA,NA,"The rewrite gives 0.955, which is the published value."
offer-westort_coppock_green_2021,table_d2_cell_130,table_d2,"TABLE D2, TS, cov_te, case 3, 50 batches",pipeline,,3,NA,0.803,NA,0.8030999999999996,1,NA,NA,"The rewrite gives 0.803, which is the published value."
offer-westort_coppock_green_2021,table_d2_cell_131,table_d2,"TABLE D2, TS, correct, case 3, 100 batches",pipeline,,3,NA,0.704,NA,0.7041000000000002,1,NA,NA,"The rewrite gives 0.704, which is the published value."
offer-westort_coppock_green_2021,table_d2_cell_132,table_d2,"TABLE D2, TS, rmse_best, case 3, 100 batches",pipeline,,3,NA,0.023,NA,0.02348100640594791,1,NA,NA,"The rewrite gives 0.023, which is the published value."
offer-westort_coppock_green_2021,table_d2_cell_133,table_d2,"TABLE D2, TS, rmse_te, case 3, 100 batches",pipeline,,3,NA,0.058,NA,0.05774640842370723,1,NA,NA,"The rewrite gives 0.058, which is the published value."
offer-westort_coppock_green_2021,table_d2_cell_134,table_d2,"TABLE D2, TS, cov_best, case 3, 100 batches",pipeline,,3,NA,0.958,NA,0.9578,1,NA,NA,"The rewrite gives 0.958, which is the published value."
offer-westort_coppock_green_2021,table_d2_cell_135,table_d2,"TABLE D2, TS, cov_te, case 3, 100 batches",pipeline,,3,NA,0.799,NA,0.7993000000000002,1,NA,NA,"The rewrite gives 0.799, which is the published value."
offer-westort_coppock_green_2021,table_d2_cell_136,table_d2,"TABLE D2, CA, correct, case 1, 2 batches",pipeline,,3,NA,0.939,NA,0.9388999999999998,1,NA,NA,"The rewrite gives 0.939, which is the published value."
offer-westort_coppock_green_2021,table_d2_cell_137,table_d2,"TABLE D2, CA, rmse_best, case 1, 2 batches",pipeline,,3,NA,0.025,NA,0.02499422557709994,1,NA,NA,"The rewrite gives 0.025, which is the published value."
offer-westort_coppock_green_2021,table_d2_cell_138,table_d2,"TABLE D2, CA, rmse_te, case 1, 2 batches",pipeline,,3,NA,0.034,NA,0.03406079465311983,1,NA,NA,"The rewrite gives 0.034, which is the published value."
offer-westort_coppock_green_2021,table_d2_cell_139,table_d2,"TABLE D2, CA, cov_best, case 1, 2 batches",pipeline,,3,NA,0.948,NA,0.9479,1,NA,NA,"The rewrite gives 0.948, which is the published value."
offer-westort_coppock_green_2021,table_d2_cell_140,table_d2,"TABLE D2, CA, cov_te, case 1, 2 batches",pipeline,,3,NA,0.945,NA,0.9447,1,NA,NA,"The rewrite gives 0.945, which is the published value."
offer-westort_coppock_green_2021,table_d2_cell_141,table_d2,"TABLE D2, CA, correct, case 1, 4 batches",pipeline,,3,NA,0.949,NA,0.9489,1,NA,NA,"The rewrite gives 0.949, which is the published value."
offer-westort_coppock_green_2021,table_d2_cell_142,table_d2,"TABLE D2, CA, rmse_best, case 1, 4 batches",pipeline,,3,NA,0.024,NA,0.023931955380360848,1,NA,NA,"The rewrite gives 0.024, which is the published value."
offer-westort_coppock_green_2021,table_d2_cell_143,table_d2,"TABLE D2, CA, rmse_te, case 1, 4 batches",pipeline,,3,NA,0.031,NA,0.03066322089714618,1,NA,NA,"The rewrite gives 0.031, which is the published value."
offer-westort_coppock_green_2021,table_d2_cell_144,table_d2,"TABLE D2, CA, cov_best, case 1, 4 batches",pipeline,,3,NA,0.954,NA,0.9538,1,NA,NA,"The rewrite gives 0.954, which is the published value."
offer-westort_coppock_green_2021,table_d2_cell_145,table_d2,"TABLE D2, CA, cov_te, case 1, 4 batches",pipeline,,3,NA,0.952,NA,0.9519,1,NA,NA,"The rewrite gives 0.952, which is the published value."
offer-westort_coppock_green_2021,table_d2_cell_146,table_d2,"TABLE D2, CA, correct, case 1, 5 batches",pipeline,,3,NA,0.955,NA,0.9545,1,NA,NA,"The rewrite gives 0.955, which is the published value."
offer-westort_coppock_green_2021,table_d2_cell_147,table_d2,"TABLE D2, CA, rmse_best, case 1, 5 batches",pipeline,,3,NA,0.024,NA,0.02380141001949835,1,NA,NA,"The rewrite gives 0.024, which is the published value."
offer-westort_coppock_green_2021,table_d2_cell_148,table_d2,"TABLE D2, CA, rmse_te, case 1, 5 batches",pipeline,,3,NA,0.030,NA,0.030484948220495,1,NA,NA,"The rewrite gives 0.030, which is the published value."
offer-westort_coppock_green_2021,table_d2_cell_149,table_d2,"TABLE D2, CA, cov_best, case 1, 5 batches",pipeline,,3,NA,0.955,NA,0.9549999999999998,1,NA,NA,"The rewrite gives 0.955, which is the published value."
offer-westort_coppock_green_2021,table_d2_cell_150,table_d2,"TABLE D2, CA, cov_te, case 1, 5 batches",pipeline,,3,NA,0.949,NA,0.9492,1,NA,NA,"The rewrite gives 0.949, which is the published value."
offer-westort_coppock_green_2021,table_d2_cell_151,table_d2,"TABLE D2, CA, correct, case 1, 8 batches",pipeline,,3,NA,0.955,NA,0.9548,1,NA,NA,"The rewrite gives 0.955, which is the published value."
offer-westort_coppock_green_2021,table_d2_cell_152,table_d2,"TABLE D2, CA, rmse_best, case 1, 8 batches",pipeline,,3,NA,0.023,NA,0.02336373201438579,1,NA,NA,"The rewrite gives 0.023, which is the published value."
offer-westort_coppock_green_2021,table_d2_cell_153,table_d2,"TABLE D2, CA, rmse_te, case 1, 8 batches",pipeline,,3,NA,0.030,NA,0.02962851631451563,1,NA,NA,"The rewrite gives 0.030, which is the published value."
offer-westort_coppock_green_2021,table_d2_cell_154,table_d2,"TABLE D2, CA, cov_best, case 1, 8 batches",pipeline,,3,NA,0.956,NA,0.9560000000000004,1,NA,NA,"The rewrite gives 0.956, which is the published value."
offer-westort_coppock_green_2021,table_d2_cell_155,table_d2,"TABLE D2, CA, cov_te, case 1, 8 batches",pipeline,,3,NA,0.952,NA,0.952,1,NA,NA,"The rewrite gives 0.952, which is the published value."
offer-westort_coppock_green_2021,table_d2_cell_156,table_d2,"TABLE D2, CA, correct, case 1, 10 batches",pipeline,,3,NA,0.956,NA,0.9560000000000004,1,NA,NA,"The rewrite gives 0.956, which is the published value."
offer-westort_coppock_green_2021,table_d2_cell_157,table_d2,"TABLE D2, CA, rmse_best, case 1, 10 batches",pipeline,,3,NA,0.023,NA,0.02338363176240237,1,NA,NA,"The rewrite gives 0.023, which is the published value."
offer-westort_coppock_green_2021,table_d2_cell_158,table_d2,"TABLE D2, CA, rmse_te, case 1, 10 batches",pipeline,,3,NA,0.029,NA,0.02932266358822316,1,NA,NA,"The rewrite gives 0.029, which is the published value."
offer-westort_coppock_green_2021,table_d2_cell_159,table_d2,"TABLE D2, CA, cov_best, case 1, 10 batches",pipeline,,3,NA,0.957,NA,0.9566,1,NA,NA,"The rewrite gives 0.957, which is the published value."
offer-westort_coppock_green_2021,table_d2_cell_160,table_d2,"TABLE D2, CA, cov_te, case 1, 10 batches",pipeline,,3,NA,0.952,NA,0.9516000000000004,1,NA,NA,"The rewrite gives 0.952, which is the published value."
offer-westort_coppock_green_2021,table_d2_cell_161,table_d2,"TABLE D2, CA, correct, case 1, 20 batches",pipeline,,3,NA,0.960,NA,0.9601999999999998,1,NA,NA,"The rewrite gives 0.960, which is the published value."
offer-westort_coppock_green_2021,table_d2_cell_162,table_d2,"TABLE D2, CA, rmse_best, case 1, 20 batches",pipeline,,3,NA,0.023,NA,0.02306561208639623,1,NA,NA,"The rewrite gives 0.023, which is the published value."
offer-westort_coppock_green_2021,table_d2_cell_163,table_d2,"TABLE D2, CA, rmse_te, case 1, 20 batches",pipeline,,3,NA,0.029,NA,0.02893280017240405,1,NA,NA,"The rewrite gives 0.029, which is the published value."
offer-westort_coppock_green_2021,table_d2_cell_164,table_d2,"TABLE D2, CA, cov_best, case 1, 20 batches",pipeline,,3,NA,0.962,NA,0.9616,1,NA,NA,"The rewrite gives 0.962, which is the published value."
offer-westort_coppock_green_2021,table_d2_cell_165,table_d2,"TABLE D2, CA, cov_te, case 1, 20 batches",pipeline,,3,NA,0.954,NA,0.9543,1,NA,NA,"The rewrite gives 0.954, which is the published value."
offer-westort_coppock_green_2021,table_d2_cell_166,table_d2,"TABLE D2, CA, correct, case 1, 50 batches",pipeline,,3,NA,0.958,NA,0.9577,1,NA,NA,"The rewrite gives 0.958, which is the published value."
offer-westort_coppock_green_2021,table_d2_cell_167,table_d2,"TABLE D2, CA, rmse_best, case 1, 50 batches",pipeline,,3,NA,0.023,NA,0.02328693038457125,1,NA,NA,"The rewrite gives 0.023, which is the published value."
offer-westort_coppock_green_2021,table_d2_cell_168,table_d2,"TABLE D2, CA, rmse_te, case 1, 50 batches",pipeline,,3,NA,0.029,NA,0.02892752429632866,1,NA,NA,"The rewrite gives 0.029, which is the published value."
offer-westort_coppock_green_2021,table_d2_cell_169,table_d2,"TABLE D2, CA, cov_best, case 1, 50 batches",pipeline,,3,NA,0.962,NA,0.9624,1,NA,NA,"The rewrite gives 0.962, which is the published value."
offer-westort_coppock_green_2021,table_d2_cell_170,table_d2,"TABLE D2, CA, cov_te, case 1, 50 batches",pipeline,,3,NA,0.956,NA,0.9564,1,NA,NA,"The rewrite gives 0.956, which is the published value."
offer-westort_coppock_green_2021,table_d2_cell_171,table_d2,"TABLE D2, CA, correct, case 1, 100 batches",pipeline,,3,NA,0.957,NA,0.9573,1,NA,NA,"The rewrite gives 0.957, which is the published value."
offer-westort_coppock_green_2021,table_d2_cell_172,table_d2,"TABLE D2, CA, rmse_best, case 1, 100 batches",pipeline,,3,NA,0.024,NA,0.02418889461864462,1,NA,NA,"The rewrite gives 0.024, which is the published value."
offer-westort_coppock_green_2021,table_d2_cell_173,table_d2,"TABLE D2, CA, rmse_te, case 1, 100 batches",pipeline,,3,NA,0.030,NA,0.03002162925551009,1,NA,NA,"The rewrite gives 0.030, which is the published value."
offer-westort_coppock_green_2021,table_d2_cell_174,table_d2,"TABLE D2, CA, cov_best, case 1, 100 batches",pipeline,,3,NA,0.957,NA,0.9568,1,NA,NA,"The rewrite gives 0.957, which is the published value."
offer-westort_coppock_green_2021,table_d2_cell_175,table_d2,"TABLE D2, CA, cov_te, case 1, 100 batches",pipeline,,3,NA,0.953,NA,0.9526,1,NA,NA,"The rewrite gives 0.953, which is the published value."
offer-westort_coppock_green_2021,table_d2_cell_176,table_d2,"TABLE D2, CA, correct, case 2, 2 batches",pipeline,,3,NA,0.159,NA,0.15870000000000029,1,NA,NA,"The rewrite gives 0.159, which is the published value."
offer-westort_coppock_green_2021,table_d2_cell_177,table_d2,"TABLE D2, CA, rmse_best, case 2, 2 batches",pipeline,,3,NA,0.036,NA,0.03631414207643659,1,NA,NA,"The rewrite gives 0.036, which is the published value."
offer-westort_coppock_green_2021,table_d2_cell_178,table_d2,"TABLE D2, CA, rmse_te, case 2, 2 batches",pipeline,,3,NA,0.043,NA,0.04345752944804892,1,NA,NA,"The rewrite gives 0.043, which is the published value."
offer-westort_coppock_green_2021,table_d2_cell_179,table_d2,"TABLE D2, CA, cov_best, case 2, 2 batches",pipeline,,3,NA,0.821,NA,0.8204999999999999,1,NA,NA,"The rewrite gives 0.820, which is the published value."
offer-westort_coppock_green_2021,table_d2_cell_180,table_d2,"TABLE D2, CA, cov_te, case 2, 2 batches",pipeline,,3,NA,0.868,NA,0.8675999999999993,1,NA,NA,"The rewrite gives 0.868, which is the published value."
offer-westort_coppock_green_2021,table_d2_cell_181,table_d2,"TABLE D2, CA, correct, case 2, 4 batches",pipeline,,3,NA,0.165,NA,0.16469999999999924,1,NA,NA,"The rewrite gives 0.165, which is the published value."
offer-westort_coppock_green_2021,table_d2_cell_182,table_d2,"TABLE D2, CA, rmse_best, case 2, 4 batches",pipeline,,3,NA,0.037,NA,0.03672081426316143,1,NA,NA,"The rewrite gives 0.037, which is the published value."
offer-westort_coppock_green_2021,table_d2_cell_183,table_d2,"TABLE D2, CA, rmse_te, case 2, 4 batches",pipeline,,3,NA,0.043,NA,0.0433378773837606,1,NA,NA,"The rewrite gives 0.043, which is the published value."
offer-westort_coppock_green_2021,table_d2_cell_184,table_d2,"TABLE D2, CA, cov_best, case 2, 4 batches",pipeline,,3,NA,0.857,NA,0.8571000000000008,1,NA,NA,"The rewrite gives 0.857, which is the published value."
offer-westort_coppock_green_2021,table_d2_cell_185,table_d2,"TABLE D2, CA, cov_te, case 2, 4 batches",pipeline,,3,NA,0.868,NA,0.868199999999999,1,NA,NA,"The rewrite gives 0.868, which is the published value."
offer-westort_coppock_green_2021,table_d2_cell_186,table_d2,"TABLE D2, CA, correct, case 2, 5 batches",pipeline,,3,NA,0.176,NA,0.1760000000000005,1,NA,NA,"The rewrite gives 0.176, which is the published value."
offer-westort_coppock_green_2021,table_d2_cell_187,table_d2,"TABLE D2, CA, rmse_best, case 2, 5 batches",pipeline,,3,NA,0.036,NA,0.03635298755144398,1,NA,NA,"The rewrite gives 0.036, which is the published value."
offer-westort_coppock_green_2021,table_d2_cell_188,table_d2,"TABLE D2, CA, rmse_te, case 2, 5 batches",pipeline,,3,NA,0.043,NA,0.04276856189717364,1,NA,NA,"The rewrite gives 0.043, which is the published value."
offer-westort_coppock_green_2021,table_d2_cell_189,table_d2,"TABLE D2, CA, cov_best, case 2, 5 batches",pipeline,,3,NA,0.867,NA,0.8667000000000001,1,NA,NA,"The rewrite gives 0.867, which is the published value."
offer-westort_coppock_green_2021,table_d2_cell_190,table_d2,"TABLE D2, CA, cov_te, case 2, 5 batches",pipeline,,3,NA,0.879,NA,0.8789000000000001,1,NA,NA,"The rewrite gives 0.879, which is the published value."
offer-westort_coppock_green_2021,table_d2_cell_191,table_d2,"TABLE D2, CA, correct, case 2, 8 batches",pipeline,,3,NA,0.175,NA,0.1750999999999998,1,NA,NA,"The rewrite gives 0.175, which is the published value."
offer-westort_coppock_green_2021,table_d2_cell_192,table_d2,"TABLE D2, CA, rmse_best, case 2, 8 batches",pipeline,,3,NA,0.035,NA,0.03473808548332195,1,NA,NA,"The rewrite gives 0.035, which is the published value."
offer-westort_coppock_green_2021,table_d2_cell_193,table_d2,"TABLE D2, CA, rmse_te, case 2, 8 batches",pipeline,,3,NA,0.041,NA,0.04079169984022063,1,NA,NA,"The rewrite gives 0.041, which is the published value."
offer-westort_coppock_green_2021,table_d2_cell_194,table_d2,"TABLE D2, CA, cov_best, case 2, 8 batches",pipeline,,3,NA,0.878,NA,0.8782000000000003,1,NA,NA,"The rewrite gives 0.878, which is the published value."
offer-westort_coppock_green_2021,table_d2_cell_195,table_d2,"TABLE D2, CA, cov_te, case 2, 8 batches",pipeline,,3,NA,0.887,NA,0.8869999999999997,1,NA,NA,"The rewrite gives 0.887, which is the published value."
offer-westort_coppock_green_2021,table_d2_cell_196,table_d2,"TABLE D2, CA, correct, case 2, 10 batches",pipeline,,3,NA,0.174,NA,0.17400000000000018,1,NA,NA,"The rewrite gives 0.174, which is the published value."
offer-westort_coppock_green_2021,table_d2_cell_197,table_d2,"TABLE D2, CA, rmse_best, case 2, 10 batches",pipeline,,3,NA,0.034,NA,0.034299514826319,1,NA,NA,"The rewrite gives 0.034, which is the published value."
offer-westort_coppock_green_2021,table_d2_cell_198,table_d2,"TABLE D2, CA, rmse_te, case 2, 10 batches",pipeline,,3,NA,0.041,NA,0.04076995020301906,1,NA,NA,"The rewrite gives 0.041, which is the published value."
offer-westort_coppock_green_2021,table_d2_cell_199,table_d2,"TABLE D2, CA, cov_best, case 2, 10 batches",pipeline,,3,NA,0.879,NA,0.8793,1,NA,NA,"The rewrite gives 0.879, which is the published value."
offer-westort_coppock_green_2021,table_d2_cell_200,table_d2,"TABLE D2, CA, cov_te, case 2, 10 batches",pipeline,,3,NA,0.886,NA,0.8863000000000002,1,NA,NA,"The rewrite gives 0.886, which is the published value."
offer-westort_coppock_green_2021,table_d2_cell_201,table_d2,"TABLE D2, CA, correct, case 2, 20 batches",pipeline,,3,NA,0.174,NA,0.1737,1,NA,NA,"The rewrite gives 0.174, which is the published value."
offer-westort_coppock_green_2021,table_d2_cell_202,table_d2,"TABLE D2, CA, rmse_best, case 2, 20 batches",pipeline,,3,NA,0.034,NA,0.03399100946478446,1,NA,NA,"The rewrite gives 0.034, which is the published value."
offer-westort_coppock_green_2021,table_d2_cell_203,table_d2,"TABLE D2, CA, rmse_te, case 2, 20 batches",pipeline,,3,NA,0.040,NA,0.04004800979659371,1,NA,NA,"The rewrite gives 0.040, which is the published value."
offer-westort_coppock_green_2021,table_d2_cell_204,table_d2,"TABLE D2, CA, cov_best, case 2, 20 batches",pipeline,,3,NA,0.881,NA,0.8809999999999998,1,NA,NA,"The rewrite gives 0.881, which is the published value."
offer-westort_coppock_green_2021,table_d2_cell_205,table_d2,"TABLE D2, CA, cov_te, case 2, 20 batches",pipeline,,3,NA,0.885,NA,0.8851000000000002,1,NA,NA,"The rewrite gives 0.885, which is the published value."
offer-westort_coppock_green_2021,table_d2_cell_206,table_d2,"TABLE D2, CA, correct, case 2, 50 batches",pipeline,,3,NA,0.180,NA,0.17990000000000006,1,NA,NA,"The rewrite gives 0.180, which is the published value."
offer-westort_coppock_green_2021,table_d2_cell_207,table_d2,"TABLE D2, CA, rmse_best, case 2, 50 batches",pipeline,,3,NA,0.033,NA,0.03328790842092972,1,NA,NA,"The rewrite gives 0.033, which is the published value."
offer-westort_coppock_green_2021,table_d2_cell_208,table_d2,"TABLE D2, CA, rmse_te, case 2, 50 batches",pipeline,,3,NA,0.040,NA,0.03975095430980657,1,NA,NA,"The rewrite gives 0.040, which is the published value."
offer-westort_coppock_green_2021,table_d2_cell_209,table_d2,"TABLE D2, CA, cov_best, case 2, 50 batches",pipeline,,3,NA,0.886,NA,0.8854999999999996,1,NA,NA,"The rewrite gives 0.885, which is the published value."
offer-westort_coppock_green_2021,table_d2_cell_210,table_d2,"TABLE D2, CA, cov_te, case 2, 50 batches",pipeline,,3,NA,0.890,NA,0.8903000000000001,1,NA,NA,"The rewrite gives 0.890, which is the published value."
offer-westort_coppock_green_2021,table_d2_cell_211,table_d2,"TABLE D2, CA, correct, case 2, 100 batches",pipeline,,3,NA,0.178,NA,0.17779999999999985,1,NA,NA,"The rewrite gives 0.178, which is the published value."
offer-westort_coppock_green_2021,table_d2_cell_212,table_d2,"TABLE D2, CA, rmse_best, case 2, 100 batches",pipeline,,3,NA,0.034,NA,0.03350251157682866,1,NA,NA,"The rewrite gives 0.034, which is the published value."
offer-westort_coppock_green_2021,table_d2_cell_213,table_d2,"TABLE D2, CA, rmse_te, case 2, 100 batches",pipeline,,3,NA,0.040,NA,0.0397866564019641,1,NA,NA,"The rewrite gives 0.040, which is the published value."
offer-westort_coppock_green_2021,table_d2_cell_214,table_d2,"TABLE D2, CA, cov_best, case 2, 100 batches",pipeline,,3,NA,0.885,NA,0.884899999999999,1,NA,NA,"The rewrite gives 0.885, which is the published value."
offer-westort_coppock_green_2021,table_d2_cell_215,table_d2,"TABLE D2, CA, cov_te, case 2, 100 batches",pipeline,,3,NA,0.892,NA,0.8919000000000002,1,NA,NA,"The rewrite gives 0.892, which is the published value."
offer-westort_coppock_green_2021,table_d2_cell_216,table_d2,"TABLE D2, CA, correct, case 3, 2 batches",pipeline,,3,NA,0.665,NA,0.6644999999999998,1,NA,NA,"The rewrite gives 0.664, which is the published value."
offer-westort_coppock_green_2021,table_d2_cell_217,table_d2,"TABLE D2, CA, rmse_best, case 3, 2 batches",pipeline,,3,NA,0.027,NA,0.02739178332191496,1,NA,NA,"The rewrite gives 0.027, which is the published value."
offer-westort_coppock_green_2021,table_d2_cell_218,table_d2,"TABLE D2, CA, rmse_te, case 3, 2 batches",pipeline,,3,NA,0.036,NA,0.03583395340174714,1,NA,NA,"The rewrite gives 0.036, which is the published value."
offer-westort_coppock_green_2021,table_d2_cell_219,table_d2,"TABLE D2, CA, cov_best, case 3, 2 batches",pipeline,,3,NA,0.944,NA,0.9434999999999998,1,NA,NA,"The rewrite gives 0.943, which is the published value."
offer-westort_coppock_green_2021,table_d2_cell_220,table_d2,"TABLE D2, CA, cov_te, case 3, 2 batches",pipeline,,3,NA,0.942,NA,0.9418999999999996,1,NA,NA,"The rewrite gives 0.942, which is the published value."
offer-westort_coppock_green_2021,table_d2_cell_221,table_d2,"TABLE D2, CA, correct, case 3, 4 batches",pipeline,,3,NA,0.673,NA,0.6729000000000008,1,NA,NA,"The rewrite gives 0.673, which is the published value."
offer-westort_coppock_green_2021,table_d2_cell_222,table_d2,"TABLE D2, CA, rmse_best, case 3, 4 batches",pipeline,,3,NA,0.029,NA,0.02879955091003479,1,NA,NA,"The rewrite gives 0.029, which is the published value."
offer-westort_coppock_green_2021,table_d2_cell_223,table_d2,"TABLE D2, CA, rmse_te, case 3, 4 batches",pipeline,,3,NA,0.036,NA,0.03556684497359617,1,NA,NA,"The rewrite gives 0.036, which is the published value."
offer-westort_coppock_green_2021,table_d2_cell_224,table_d2,"TABLE D2, CA, cov_best, case 3, 4 batches",pipeline,,3,NA,0.943,NA,0.9433999999999996,1,NA,NA,"The rewrite gives 0.943, which is the published value."
offer-westort_coppock_green_2021,table_d2_cell_225,table_d2,"TABLE D2, CA, cov_te, case 3, 4 batches",pipeline,,3,NA,0.937,NA,0.9367999999999992,1,NA,NA,"The rewrite gives 0.937, which is the published value."
offer-westort_coppock_green_2021,table_d2_cell_226,table_d2,"TABLE D2, CA, correct, case 3, 5 batches",pipeline,,3,NA,0.685,NA,0.6847000000000004,1,NA,NA,"The rewrite gives 0.685, which is the published value."
offer-westort_coppock_green_2021,table_d2_cell_227,table_d2,"TABLE D2, CA, rmse_best, case 3, 5 batches",pipeline,,3,NA,0.029,NA,0.02861720026485443,1,NA,NA,"The rewrite gives 0.029, which is the published value."
offer-westort_coppock_green_2021,table_d2_cell_228,table_d2,"TABLE D2, CA, rmse_te, case 3, 5 batches",pipeline,,3,NA,0.035,NA,0.03503997885223622,1,NA,NA,"The rewrite gives 0.035, which is the published value."
offer-westort_coppock_green_2021,table_d2_cell_229,table_d2,"TABLE D2, CA, cov_best, case 3, 5 batches",pipeline,,3,NA,0.942,NA,0.9421000000000002,1,NA,NA,"The rewrite gives 0.942, which is the published value."
offer-westort_coppock_green_2021,table_d2_cell_230,table_d2,"TABLE D2, CA, cov_te, case 3, 5 batches",pipeline,,3,NA,0.932,NA,0.9319,1,NA,NA,"The rewrite gives 0.932, which is the published value."
offer-westort_coppock_green_2021,table_d2_cell_231,table_d2,"TABLE D2, CA, correct, case 3, 8 batches",pipeline,,3,NA,0.682,NA,0.6818000000000001,1,NA,NA,"The rewrite gives 0.682, which is the published value."
offer-westort_coppock_green_2021,table_d2_cell_232,table_d2,"TABLE D2, CA, rmse_best, case 3, 8 batches",pipeline,,3,NA,0.029,NA,0.02914022609211211,1,NA,NA,"The rewrite gives 0.029, which is the published value."
offer-westort_coppock_green_2021,table_d2_cell_233,table_d2,"TABLE D2, CA, rmse_te, case 3, 8 batches",pipeline,,3,NA,0.035,NA,0.03478037482720306,1,NA,NA,"The rewrite gives 0.035, which is the published value."
offer-westort_coppock_green_2021,table_d2_cell_234,table_d2,"TABLE D2, CA, cov_best, case 3, 8 batches",pipeline,,3,NA,0.943,NA,0.9429,1,NA,NA,"The rewrite gives 0.943, which is the published value."
offer-westort_coppock_green_2021,table_d2_cell_235,table_d2,"TABLE D2, CA, cov_te, case 3, 8 batches",pipeline,,3,NA,0.938,NA,0.9376000000000002,1,NA,NA,"The rewrite gives 0.938, which is the published value."
offer-westort_coppock_green_2021,table_d2_cell_236,table_d2,"TABLE D2, CA, correct, case 3, 10 batches",pipeline,,3,NA,0.683,NA,0.6829,1,NA,NA,"The rewrite gives 0.683, which is the published value."
offer-westort_coppock_green_2021,table_d2_cell_237,table_d2,"TABLE D2, CA, rmse_best, case 3, 10 batches",pipeline,,3,NA,0.029,NA,0.02865948447311381,1,NA,NA,"The rewrite gives 0.029, which is the published value."
offer-westort_coppock_green_2021,table_d2_cell_238,table_d2,"TABLE D2, CA, rmse_te, case 3, 10 batches",pipeline,,3,NA,0.035,NA,0.03452476735094487,1,NA,NA,"The rewrite gives 0.035, which is the published value."
offer-westort_coppock_green_2021,table_d2_cell_239,table_d2,"TABLE D2, CA, cov_best, case 3, 10 batches",pipeline,,3,NA,0.946,NA,0.9464,1,NA,NA,"The rewrite gives 0.946, which is the published value."
offer-westort_coppock_green_2021,table_d2_cell_240,table_d2,"TABLE D2, CA, cov_te, case 3, 10 batches",pipeline,,3,NA,0.937,NA,0.9370999999999996,1,NA,NA,"The rewrite gives 0.937, which is the published value."
offer-westort_coppock_green_2021,table_d2_cell_241,table_d2,"TABLE D2, CA, correct, case 3, 20 batches",pipeline,,3,NA,0.676,NA,0.6759000000000006,1,NA,NA,"The rewrite gives 0.676, which is the published value."
offer-westort_coppock_green_2021,table_d2_cell_242,table_d2,"TABLE D2, CA, rmse_best, case 3, 20 batches",pipeline,,3,NA,0.029,NA,0.0289675217307478,1,NA,NA,"The rewrite gives 0.029, which is the published value."
offer-westort_coppock_green_2021,table_d2_cell_243,table_d2,"TABLE D2, CA, rmse_te, case 3, 20 batches",pipeline,,3,NA,0.034,NA,0.03432620908736164,1,NA,NA,"The rewrite gives 0.034, which is the published value."
offer-westort_coppock_green_2021,table_d2_cell_244,table_d2,"TABLE D2, CA, cov_best, case 3, 20 batches",pipeline,,3,NA,0.943,NA,0.9425,1,NA,NA,"The rewrite gives 0.943, which is the published value."
offer-westort_coppock_green_2021,table_d2_cell_245,table_d2,"TABLE D2, CA, cov_te, case 3, 20 batches",pipeline,,3,NA,0.938,NA,0.9382999999999996,1,NA,NA,"The rewrite gives 0.938, which is the published value."
offer-westort_coppock_green_2021,table_d2_cell_246,table_d2,"TABLE D2, CA, correct, case 3, 50 batches",pipeline,,3,NA,0.680,NA,0.6794999999999998,1,NA,NA,"The rewrite gives 0.679, which is the published value."
offer-westort_coppock_green_2021,table_d2_cell_247,table_d2,"TABLE D2, CA, rmse_best, case 3, 50 batches",pipeline,,3,NA,0.029,NA,0.02879279032415267,1,NA,NA,"The rewrite gives 0.029, which is the published value."
offer-westort_coppock_green_2021,table_d2_cell_248,table_d2,"TABLE D2, CA, rmse_te, case 3, 50 batches",pipeline,,3,NA,0.034,NA,0.03412541594742268,1,NA,NA,"The rewrite gives 0.034, which is the published value."
offer-westort_coppock_green_2021,table_d2_cell_249,table_d2,"TABLE D2, CA, cov_best, case 3, 50 batches",pipeline,,3,NA,0.946,NA,0.9459,1,NA,NA,"The rewrite gives 0.946, which is the published value."
offer-westort_coppock_green_2021,table_d2_cell_250,table_d2,"TABLE D2, CA, cov_te, case 3, 50 batches",pipeline,,3,NA,0.941,NA,0.9406,1,NA,NA,"The rewrite gives 0.941, which is the published value."
offer-westort_coppock_green_2021,table_d2_cell_251,table_d2,"TABLE D2, CA, correct, case 3, 100 batches",pipeline,,3,NA,0.670,NA,0.6699999999999994,1,NA,NA,"The rewrite gives 0.670, which is the published value."
offer-westort_coppock_green_2021,table_d2_cell_252,table_d2,"TABLE D2, CA, rmse_best, case 3, 100 batches",pipeline,,3,NA,0.031,NA,0.03090672402221722,1,NA,NA,"The rewrite gives 0.031, which is the published value."
offer-westort_coppock_green_2021,table_d2_cell_253,table_d2,"TABLE D2, CA, rmse_te, case 3, 100 batches",pipeline,,3,NA,0.036,NA,0.03636256800351829,1,NA,NA,"The rewrite gives 0.036, which is the published value."
offer-westort_coppock_green_2021,table_d2_cell_254,table_d2,"TABLE D2, CA, cov_best, case 3, 100 batches",pipeline,,3,NA,0.941,NA,0.9407000000000004,1,NA,NA,"The rewrite gives 0.941, which is the published value."
offer-westort_coppock_green_2021,table_d2_cell_255,table_d2,"TABLE D2, CA, cov_te, case 3, 100 batches",pipeline,,3,NA,0.936,NA,0.936,1,NA,NA,"The rewrite gives 0.936, which is the published value."
offer-westort_coppock_green_2021,table_d3_cell_001,table_d3,"TABLE D3, TS, correct, best arm 0.1",pipeline,,3,0.113,0.113,1,0.11339999999999983,1,NA,NA,"The rewrite gives 0.113, which is the published value."
offer-westort_coppock_green_2021,table_d3_cell_002,table_d3,"TABLE D3, TS, rmse_best, best arm 0.1",pipeline,,3,0.0346,0.035,1,0.03455863692703397,1,NA,NA,"The rewrite gives 0.035, which is the published value."
offer-westort_coppock_green_2021,table_d3_cell_003,table_d3,"TABLE D3, TS, rmse_te, best arm 0.1",pipeline,,3,0.0503,0.050,1,0.05027242135465109,1,NA,NA,"The rewrite gives 0.050, which is the published value."
offer-westort_coppock_green_2021,table_d3_cell_004,table_d3,"TABLE D3, TS, cov_best, best arm 0.1",pipeline,,3,0.867,0.867,1,0.8674,1,NA,NA,"The rewrite gives 0.867, which is the published value."
offer-westort_coppock_green_2021,table_d3_cell_005,table_d3,"TABLE D3, TS, cov_te, best arm 0.1",pipeline,,3,0.848,0.848,1,0.8482000000000003,1,NA,NA,"The rewrite gives 0.848, which is the published value."
offer-westort_coppock_green_2021,table_d3_cell_006,table_d3,"TABLE D3, TS, correct, best arm 0.11",pipeline,,3,0.193,0.193,1,0.19329999999999972,1,NA,NA,"The rewrite gives 0.193, which is the published value."
offer-westort_coppock_green_2021,table_d3_cell_007,table_d3,"TABLE D3, TS, rmse_best, best arm 0.11",pipeline,,3,0.0335,0.033,1,0.03349211329438671,1,NA,NA,"The rewrite gives 0.033, which is the published value."
offer-westort_coppock_green_2021,table_d3_cell_008,table_d3,"TABLE D3, TS, rmse_te, best arm 0.11",pipeline,,3,0.0495,0.050,1,0.04950631904668689,1,NA,NA,"The rewrite gives 0.050, which is the published value."
offer-westort_coppock_green_2021,table_d3_cell_009,table_d3,"TABLE D3, TS, cov_best, best arm 0.11",pipeline,,3,0.88,0.880,1,0.88,1,NA,NA,"The rewrite gives 0.880, which is the published value."
offer-westort_coppock_green_2021,table_d3_cell_010,table_d3,"TABLE D3, TS, cov_te, best arm 0.11",pipeline,,3,0.851,0.851,1,0.8509000000000004,1,NA,NA,"The rewrite gives 0.851, which is the published value."
offer-westort_coppock_green_2021,table_d3_cell_011,table_d3,"TABLE D3, TS, correct, best arm 0.12",pipeline,,3,0.289,0.289,1,0.28850000000000053,1,NA,NA,"The rewrite gives 0.289, which is the published value."
offer-westort_coppock_green_2021,table_d3_cell_012,table_d3,"TABLE D3, TS, rmse_best, best arm 0.12",pipeline,,3,0.0311,0.031,1,0.03113161133334599,1,NA,NA,"The rewrite gives 0.031, which is the published value."
offer-westort_coppock_green_2021,table_d3_cell_013,table_d3,"TABLE D3, TS, rmse_te, best arm 0.12",pipeline,,3,0.0483,0.048,1,0.04828012352734111,1,NA,NA,"The rewrite gives 0.048, which is the published value."
offer-westort_coppock_green_2021,table_d3_cell_014,table_d3,"TABLE D3, TS, cov_best, best arm 0.12",pipeline,,3,0.911,0.911,1,0.9111999999999996,1,NA,NA,"The rewrite gives 0.911, which is the published value."
offer-westort_coppock_green_2021,table_d3_cell_015,table_d3,"TABLE D3, TS, cov_te, best arm 0.12",pipeline,,3,0.867,0.867,1,0.8668999999999998,1,NA,NA,"The rewrite gives 0.867, which is the published value."
offer-westort_coppock_green_2021,table_d3_cell_016,table_d3,"TABLE D3, TS, correct, best arm 0.13",pipeline,,3,0.414,0.415,1,0.4144999999999999,1,NA,NA,"The rewrite gives 0.414, which is the published value."
offer-westort_coppock_green_2021,table_d3_cell_017,table_d3,"TABLE D3, TS, rmse_best, best arm 0.13",pipeline,,3,0.0297,0.030,1,0.02969718637300954,1,NA,NA,"The rewrite gives 0.030, which is the published value."
offer-westort_coppock_green_2021,table_d3_cell_018,table_d3,"TABLE D3, TS, rmse_te, best arm 0.13",pipeline,,3,0.0484,0.048,1,0.0483857054297345,1,NA,NA,"The rewrite gives 0.048, which is the published value."
offer-westort_coppock_green_2021,table_d3_cell_019,table_d3,"TABLE D3, TS, cov_best, best arm 0.13",pipeline,,3,0.923,0.923,1,0.9233,1,NA,NA,"The rewrite gives 0.923, which is the published value."
offer-westort_coppock_green_2021,table_d3_cell_020,table_d3,"TABLE D3, TS, cov_te, best arm 0.13",pipeline,,3,0.859,0.860,1,0.8594999999999999,1,NA,NA,"The rewrite gives 0.859, which is the published value."
offer-westort_coppock_green_2021,table_d3_cell_021,table_d3,"TABLE D3, TS, correct, best arm 0.14",pipeline,,3,0.534,0.534,1,0.5343999999999998,1,NA,NA,"The rewrite gives 0.534, which is the published value."
offer-westort_coppock_green_2021,table_d3_cell_022,table_d3,"TABLE D3, TS, rmse_best, best arm 0.14",pipeline,,3,0.0284,0.028,1,0.0284038317712368,1,NA,NA,"The rewrite gives 0.028, which is the published value."
offer-westort_coppock_green_2021,table_d3_cell_023,table_d3,"TABLE D3, TS, rmse_te, best arm 0.14",pipeline,,3,0.0491,0.049,1,0.04909555058622214,1,NA,NA,"The rewrite gives 0.049, which is the published value."
offer-westort_coppock_green_2021,table_d3_cell_024,table_d3,"TABLE D3, TS, cov_best, best arm 0.14",pipeline,,3,0.934,0.934,1,0.9336,1,NA,NA,"The rewrite gives 0.934, which is the published value."
offer-westort_coppock_green_2021,table_d3_cell_025,table_d3,"TABLE D3, TS, cov_te, best arm 0.14",pipeline,,3,0.856,0.856,1,0.8558999999999999,1,NA,NA,"The rewrite gives 0.856, which is the published value."
offer-westort_coppock_green_2021,table_d3_cell_026,table_d3,"TABLE D3, TS, correct, best arm 0.15",pipeline,,3,0.665,0.665,1,0.6645999999999999,1,NA,NA,"The rewrite gives 0.665, which is the published value."
offer-westort_coppock_green_2021,table_d3_cell_027,table_d3,"TABLE D3, TS, rmse_best, best arm 0.15",pipeline,,3,0.0263,0.026,1,0.02634460583607177,1,NA,NA,"The rewrite gives 0.026, which is the published value."
offer-westort_coppock_green_2021,table_d3_cell_028,table_d3,"TABLE D3, TS, rmse_te, best arm 0.15",pipeline,,3,0.0487,0.049,1,0.04865358732634001,1,NA,NA,"The rewrite gives 0.049, which is the published value."
offer-westort_coppock_green_2021,table_d3_cell_029,table_d3,"TABLE D3, TS, cov_best, best arm 0.15",pipeline,,3,0.945,0.945,1,0.9447999999999996,1,NA,NA,"The rewrite gives 0.945, which is the published value."
offer-westort_coppock_green_2021,table_d3_cell_030,table_d3,"TABLE D3, TS, cov_te, best arm 0.15",pipeline,,3,0.855,0.855,1,0.8554000000000002,1,NA,NA,"The rewrite gives 0.855, which is the published value."
offer-westort_coppock_green_2021,table_d3_cell_031,table_d3,"TABLE D3, TS, correct, best arm 0.16",pipeline,,3,NA,0.779,NA,0.7793000000000002,1,NA,NA,"The rewrite gives 0.779, which is the published value."
offer-westort_coppock_green_2021,table_d3_cell_032,table_d3,"TABLE D3, TS, rmse_best, best arm 0.16",pipeline,,3,NA,0.026,NA,0.02555762552365362,1,NA,NA,"The rewrite gives 0.026, which is the published value."
offer-westort_coppock_green_2021,table_d3_cell_033,table_d3,"TABLE D3, TS, rmse_te, best arm 0.16",pipeline,,3,NA,0.049,NA,0.04925872852586494,1,NA,NA,"The rewrite gives 0.049, which is the published value."
offer-westort_coppock_green_2021,table_d3_cell_034,table_d3,"TABLE D3, TS, cov_best, best arm 0.16",pipeline,,3,NA,0.945,NA,0.9452000000000002,1,NA,NA,"The rewrite gives 0.945, which is the published value."
offer-westort_coppock_green_2021,table_d3_cell_035,table_d3,"TABLE D3, TS, cov_te, best arm 0.16",pipeline,,3,NA,0.842,NA,0.8417000000000003,1,NA,NA,"The rewrite gives 0.842, which is the published value."
offer-westort_coppock_green_2021,table_d3_cell_036,table_d3,"TABLE D3, TS, correct, best arm 0.17",pipeline,,3,NA,0.848,NA,0.8482000000000004,1,NA,NA,"The rewrite gives 0.848, which is the published value."
offer-westort_coppock_green_2021,table_d3_cell_037,table_d3,"TABLE D3, TS, rmse_best, best arm 0.17",pipeline,,3,NA,0.024,NA,0.02428397644242396,1,NA,NA,"The rewrite gives 0.024, which is the published value."
offer-westort_coppock_green_2021,table_d3_cell_038,table_d3,"TABLE D3, TS, rmse_te, best arm 0.17",pipeline,,3,NA,0.051,NA,0.05111596553295271,1,NA,NA,"The rewrite gives 0.051, which is the published value."
offer-westort_coppock_green_2021,table_d3_cell_039,table_d3,"TABLE D3, TS, cov_best, best arm 0.17",pipeline,,3,NA,0.952,NA,0.952,1,NA,NA,"The rewrite gives 0.952, which is the published value."
offer-westort_coppock_green_2021,table_d3_cell_040,table_d3,"TABLE D3, TS, cov_te, best arm 0.17",pipeline,,3,NA,0.833,NA,0.8331999999999997,1,NA,NA,"The rewrite gives 0.833, which is the published value."
offer-westort_coppock_green_2021,table_d3_cell_041,table_d3,"TABLE D3, TS, correct, best arm 0.18",pipeline,,3,NA,0.905,NA,0.9045000000000002,1,NA,NA,"The rewrite gives 0.905, which is the published value."
offer-westort_coppock_green_2021,table_d3_cell_042,table_d3,"TABLE D3, TS, rmse_best, best arm 0.18",pipeline,,3,NA,0.023,NA,0.02315966553409122,1,NA,NA,"The rewrite gives 0.023, which is the published value."
offer-westort_coppock_green_2021,table_d3_cell_043,table_d3,"TABLE D3, TS, rmse_te, best arm 0.18",pipeline,,3,NA,0.053,NA,0.05253382299427079,1,NA,NA,"The rewrite gives 0.053, which is the published value."
offer-westort_coppock_green_2021,table_d3_cell_044,table_d3,"TABLE D3, TS, cov_best, best arm 0.18",pipeline,,3,NA,0.954,NA,0.9536,1,NA,NA,"The rewrite gives 0.954, which is the published value."
offer-westort_coppock_green_2021,table_d3_cell_045,table_d3,"TABLE D3, TS, cov_te, best arm 0.18",pipeline,,3,NA,0.824,NA,0.8238000000000005,1,NA,NA,"The rewrite gives 0.824, which is the published value."
offer-westort_coppock_green_2021,table_d3_cell_046,table_d3,"TABLE D3, TS, correct, best arm 0.19",pipeline,,3,NA,0.946,NA,0.9464,1,NA,NA,"The rewrite gives 0.946, which is the published value."
offer-westort_coppock_green_2021,table_d3_cell_047,table_d3,"TABLE D3, TS, rmse_best, best arm 0.19",pipeline,,3,NA,0.022,NA,0.02207315303750493,1,NA,NA,"The rewrite gives 0.022, which is the published value."
offer-westort_coppock_green_2021,table_d3_cell_048,table_d3,"TABLE D3, TS, rmse_te, best arm 0.19",pipeline,,3,NA,0.055,NA,0.05456896112806259,1,NA,NA,"The rewrite gives 0.055, which is the published value."
offer-westort_coppock_green_2021,table_d3_cell_049,table_d3,"TABLE D3, TS, cov_best, best arm 0.19",pipeline,,3,NA,0.960,NA,0.9596,1,NA,NA,"The rewrite gives 0.960, which is the published value."
offer-westort_coppock_green_2021,table_d3_cell_050,table_d3,"TABLE D3, TS, cov_te, best arm 0.19",pipeline,,3,NA,0.807,NA,0.8066000000000003,1,NA,NA,"The rewrite gives 0.807, which is the published value."
offer-westort_coppock_green_2021,table_d3_cell_051,table_d3,"TABLE D3, TS, correct, best arm 0.2",pipeline,,3,NA,0.968,NA,0.9681000000000002,1,NA,NA,"The rewrite gives 0.968, which is the published value."
offer-westort_coppock_green_2021,table_d3_cell_052,table_d3,"TABLE D3, TS, rmse_best, best arm 0.2",pipeline,,3,NA,0.021,NA,0.02135995777642827,1,NA,NA,"The rewrite gives 0.021, which is the published value."
offer-westort_coppock_green_2021,table_d3_cell_053,table_d3,"TABLE D3, TS, rmse_te, best arm 0.2",pipeline,,3,NA,0.057,NA,0.05738448863580026,1,NA,NA,"The rewrite gives 0.057, which is the published value."
offer-westort_coppock_green_2021,table_d3_cell_054,table_d3,"TABLE D3, TS, cov_best, best arm 0.2",pipeline,,3,NA,0.958,NA,0.9583,1,NA,NA,"The rewrite gives 0.958, which is the published value."
offer-westort_coppock_green_2021,table_d3_cell_055,table_d3,"TABLE D3, TS, cov_te, best arm 0.2",pipeline,,3,NA,0.795,NA,0.7951000000000001,1,NA,NA,"The rewrite gives 0.795, which is the published value."
offer-westort_coppock_green_2021,table_d3_cell_056,table_d3,"TABLE D3, Static, correct, best arm 0.1",pipeline,,3,NA,0.118,NA,0.11780000000000038,1,NA,NA,"The rewrite gives 0.118, which is the published value."
offer-westort_coppock_green_2021,table_d3_cell_057,table_d3,"TABLE D3, Static, rmse_best, best arm 0.1",pipeline,,3,NA,0.023,NA,0.02254411013970856,1,NA,NA,"The rewrite gives 0.023, which is the published value."
offer-westort_coppock_green_2021,table_d3_cell_058,table_d3,"TABLE D3, Static, rmse_te, best arm 0.1",pipeline,,3,NA,0.032,NA,0.03172256790041231,1,NA,NA,"The rewrite gives 0.032, which is the published value."
offer-westort_coppock_green_2021,table_d3_cell_059,table_d3,"TABLE D3, Static, cov_best, best arm 0.1",pipeline,,3,NA,0.936,NA,0.9356999999999996,1,NA,NA,"The rewrite gives 0.936, which is the published value."
offer-westort_coppock_green_2021,table_d3_cell_060,table_d3,"TABLE D3, Static, cov_te, best arm 0.1",pipeline,,3,NA,0.952,NA,0.952,1,NA,NA,"The rewrite gives 0.952, which is the published value."
offer-westort_coppock_green_2021,table_d3_cell_061,table_d3,"TABLE D3, Static, correct, best arm 0.11",pipeline,,3,NA,0.180,NA,0.17979999999999982,1,NA,NA,"The rewrite gives 0.180, which is the published value."
offer-westort_coppock_green_2021,table_d3_cell_062,table_d3,"TABLE D3, Static, rmse_best, best arm 0.11",pipeline,,3,NA,0.024,NA,0.02392054854705499,1,NA,NA,"The rewrite gives 0.024, which is the published value."
offer-westort_coppock_green_2021,table_d3_cell_063,table_d3,"TABLE D3, Static, rmse_te, best arm 0.11",pipeline,,3,NA,0.033,NA,0.03336911323814139,1,NA,NA,"The rewrite gives 0.033, which is the published value."
offer-westort_coppock_green_2021,table_d3_cell_064,table_d3,"TABLE D3, Static, cov_best, best arm 0.11",pipeline,,3,NA,0.935,NA,0.9345,1,NA,NA,"The rewrite gives 0.934, which is the published value."
offer-westort_coppock_green_2021,table_d3_cell_065,table_d3,"TABLE D3, Static, cov_te, best arm 0.11",pipeline,,3,NA,0.947,NA,0.9473,1,NA,NA,"The rewrite gives 0.947, which is the published value."
offer-westort_coppock_green_2021,table_d3_cell_066,table_d3,"TABLE D3, Static, correct, best arm 0.12",pipeline,,3,NA,0.266,NA,0.26550000000000024,1,NA,NA,"The rewrite gives 0.266, which is the published value."
offer-westort_coppock_green_2021,table_d3_cell_067,table_d3,"TABLE D3, Static, rmse_best, best arm 0.12",pipeline,,3,NA,0.025,NA,0.02500527693367061,1,NA,NA,"The rewrite gives 0.025, which is the published value."
offer-westort_coppock_green_2021,table_d3_cell_068,table_d3,"TABLE D3, Static, rmse_te, best arm 0.12",pipeline,,3,NA,0.034,NA,0.03382603474807872,1,NA,NA,"The rewrite gives 0.034, which is the published value."
offer-westort_coppock_green_2021,table_d3_cell_069,table_d3,"TABLE D3, Static, cov_best, best arm 0.12",pipeline,,3,NA,0.929,NA,0.9289,1,NA,NA,"The rewrite gives 0.929, which is the published value."
offer-westort_coppock_green_2021,table_d3_cell_070,table_d3,"TABLE D3, Static, cov_te, best arm 0.12",pipeline,,3,NA,0.945,NA,0.9445,1,NA,NA,"The rewrite gives 0.945, which is the published value."
offer-westort_coppock_green_2021,table_d3_cell_071,table_d3,"TABLE D3, Static, correct, best arm 0.13",pipeline,,3,NA,0.363,NA,0.3633000000000005,1,NA,NA,"The rewrite gives 0.363, which is the published value."
offer-westort_coppock_green_2021,table_d3_cell_072,table_d3,"TABLE D3, Static, rmse_best, best arm 0.13",pipeline,,3,NA,0.026,NA,0.02553956941920747,1,NA,NA,"The rewrite gives 0.026, which is the published value."
offer-westort_coppock_green_2021,table_d3_cell_073,table_d3,"TABLE D3, Static, rmse_te, best arm 0.13",pipeline,,3,NA,0.034,NA,0.03433719678556505,1,NA,NA,"The rewrite gives 0.034, which is the published value."
offer-westort_coppock_green_2021,table_d3_cell_074,table_d3,"TABLE D3, Static, cov_best, best arm 0.13",pipeline,,3,NA,0.936,NA,0.9356999999999998,1,NA,NA,"The rewrite gives 0.936, which is the published value."
offer-westort_coppock_green_2021,table_d3_cell_075,table_d3,"TABLE D3, Static, cov_te, best arm 0.13",pipeline,,3,NA,0.948,NA,0.9479,1,NA,NA,"The rewrite gives 0.948, which is the published value."
offer-westort_coppock_green_2021,table_d3_cell_076,table_d3,"TABLE D3, Static, correct, best arm 0.14",pipeline,,3,NA,0.471,NA,0.4710000000000005,1,NA,NA,"The rewrite gives 0.471, which is the published value."
offer-westort_coppock_green_2021,table_d3_cell_077,table_d3,"TABLE D3, Static, rmse_best, best arm 0.14",pipeline,,3,NA,0.026,NA,0.02627597731662403,1,NA,NA,"The rewrite gives 0.026, which is the published value."
offer-westort_coppock_green_2021,table_d3_cell_078,table_d3,"TABLE D3, Static, rmse_te, best arm 0.14",pipeline,,3,NA,0.035,NA,0.03488544905548268,1,NA,NA,"The rewrite gives 0.035, which is the published value."
offer-westort_coppock_green_2021,table_d3_cell_079,table_d3,"TABLE D3, Static, cov_best, best arm 0.14",pipeline,,3,NA,0.938,NA,0.9378000000000002,1,NA,NA,"The rewrite gives 0.938, which is the published value."
offer-westort_coppock_green_2021,table_d3_cell_080,table_d3,"TABLE D3, Static, cov_te, best arm 0.14",pipeline,,3,NA,0.949,NA,0.9488,1,NA,NA,"The rewrite gives 0.949, which is the published value."
offer-westort_coppock_green_2021,table_d3_cell_081,table_d3,"TABLE D3, Static, correct, best arm 0.15",pipeline,,3,NA,0.575,NA,0.5749000000000003,1,NA,NA,"The rewrite gives 0.575, which is the published value."
offer-westort_coppock_green_2021,table_d3_cell_082,table_d3,"TABLE D3, Static, rmse_best, best arm 0.15",pipeline,,3,NA,0.027,NA,0.02737130694350647,1,NA,NA,"The rewrite gives 0.027, which is the published value."
offer-westort_coppock_green_2021,table_d3_cell_083,table_d3,"TABLE D3, Static, rmse_te, best arm 0.15",pipeline,,3,NA,0.035,NA,0.035385673966644673,1,NA,NA,"The rewrite gives 0.035, which is the published value."
offer-westort_coppock_green_2021,table_d3_cell_084,table_d3,"TABLE D3, Static, cov_best, best arm 0.15",pipeline,,3,NA,0.937,NA,0.9367000000000002,1,NA,NA,"The rewrite gives 0.937, which is the published value."
offer-westort_coppock_green_2021,table_d3_cell_085,table_d3,"TABLE D3, Static, cov_te, best arm 0.15",pipeline,,3,NA,0.946,NA,0.9461000000000002,1,NA,NA,"The rewrite gives 0.946, which is the published value."
offer-westort_coppock_green_2021,table_d3_cell_086,table_d3,"TABLE D3, Static, correct, best arm 0.16",pipeline,,3,NA,0.666,NA,0.6664000000000002,1,NA,NA,"The rewrite gives 0.666, which is the published value."
offer-westort_coppock_green_2021,table_d3_cell_087,table_d3,"TABLE D3, Static, rmse_best, best arm 0.16",pipeline,,3,NA,0.028,NA,0.02790174800224895,1,NA,NA,"The rewrite gives 0.028, which is the published value."
offer-westort_coppock_green_2021,table_d3_cell_088,table_d3,"TABLE D3, Static, rmse_te, best arm 0.16",pipeline,,3,NA,0.036,NA,0.03604820818503658,1,NA,NA,"The rewrite gives 0.036, which is the published value."
offer-westort_coppock_green_2021,table_d3_cell_089,table_d3,"TABLE D3, Static, cov_best, best arm 0.16",pipeline,,3,NA,0.944,NA,0.9442000000000004,1,NA,NA,"The rewrite gives 0.944, which is the published value."
offer-westort_coppock_green_2021,table_d3_cell_090,table_d3,"TABLE D3, Static, cov_te, best arm 0.16",pipeline,,3,NA,0.953,NA,0.9525,1,NA,NA,"The rewrite gives 0.953, which is the published value."
offer-westort_coppock_green_2021,table_d3_cell_091,table_d3,"TABLE D3, Static, correct, best arm 0.17",pipeline,,3,NA,0.750,NA,0.7495999999999997,1,NA,NA,"The rewrite gives 0.750, which is the published value."
offer-westort_coppock_green_2021,table_d3_cell_092,table_d3,"TABLE D3, Static, rmse_best, best arm 0.17",pipeline,,3,NA,0.028,NA,0.02830176411292225,1,NA,NA,"The rewrite gives 0.028, which is the published value."
offer-westort_coppock_green_2021,table_d3_cell_093,table_d3,"TABLE D3, Static, rmse_te, best arm 0.17",pipeline,,3,NA,0.037,NA,0.03662703842352665,1,NA,NA,"The rewrite gives 0.037, which is the published value."
offer-westort_coppock_green_2021,table_d3_cell_094,table_d3,"TABLE D3, Static, cov_best, best arm 0.17",pipeline,,3,NA,0.947,NA,0.9467,1,NA,NA,"The rewrite gives 0.947, which is the published value."
offer-westort_coppock_green_2021,table_d3_cell_095,table_d3,"TABLE D3, Static, cov_te, best arm 0.17",pipeline,,3,NA,0.950,NA,0.9497,1,NA,NA,"The rewrite gives 0.950, which is the published value."
offer-westort_coppock_green_2021,table_d3_cell_096,table_d3,"TABLE D3, Static, correct, best arm 0.18",pipeline,,3,NA,0.826,NA,0.8259999999999997,1,NA,NA,"The rewrite gives 0.826, which is the published value."
offer-westort_coppock_green_2021,table_d3_cell_097,table_d3,"TABLE D3, Static, rmse_best, best arm 0.18",pipeline,,3,NA,0.029,NA,0.02918205925298662,1,NA,NA,"The rewrite gives 0.029, which is the published value."
offer-westort_coppock_green_2021,table_d3_cell_098,table_d3,"TABLE D3, Static, rmse_te, best arm 0.18",pipeline,,3,NA,0.037,NA,0.03685934111206263,1,NA,NA,"The rewrite gives 0.037, which is the published value."
offer-westort_coppock_green_2021,table_d3_cell_099,table_d3,"TABLE D3, Static, cov_best, best arm 0.18",pipeline,,3,NA,0.944,NA,0.9434999999999998,1,NA,NA,"The rewrite gives 0.943, which is the published value."
offer-westort_coppock_green_2021,table_d3_cell_100,table_d3,"TABLE D3, Static, cov_te, best arm 0.18",pipeline,,3,NA,0.951,NA,0.9505,1,NA,NA,"The rewrite gives 0.951, which is the published value."
offer-westort_coppock_green_2021,table_d3_cell_101,table_d3,"TABLE D3, Static, correct, best arm 0.19",pipeline,,3,NA,0.870,NA,0.8699000000000001,1,NA,NA,"The rewrite gives 0.870, which is the published value."
offer-westort_coppock_green_2021,table_d3_cell_102,table_d3,"TABLE D3, Static, rmse_best, best arm 0.19",pipeline,,3,NA,0.030,NA,0.03013335945126487,1,NA,NA,"The rewrite gives 0.030, which is the published value."
offer-westort_coppock_green_2021,table_d3_cell_103,table_d3,"TABLE D3, Static, rmse_te, best arm 0.19",pipeline,,3,NA,0.038,NA,0.03774880811989993,1,NA,NA,"The rewrite gives 0.038, which is the published value."
offer-westort_coppock_green_2021,table_d3_cell_104,table_d3,"TABLE D3, Static, cov_best, best arm 0.19",pipeline,,3,NA,0.939,NA,0.9393000000000004,1,NA,NA,"The rewrite gives 0.939, which is the published value."
offer-westort_coppock_green_2021,table_d3_cell_105,table_d3,"TABLE D3, Static, cov_te, best arm 0.19",pipeline,,3,NA,0.948,NA,0.9478,1,NA,NA,"The rewrite gives 0.948, which is the published value."
offer-westort_coppock_green_2021,table_d3_cell_106,table_d3,"TABLE D3, Static, correct, best arm 0.2",pipeline,,3,NA,0.909,NA,0.9086,1,NA,NA,"The rewrite gives 0.909, which is the published value."
offer-westort_coppock_green_2021,table_d3_cell_107,table_d3,"TABLE D3, Static, rmse_best, best arm 0.2",pipeline,,3,NA,0.031,NA,0.03057578548020312,1,NA,NA,"The rewrite gives 0.031, which is the published value."
offer-westort_coppock_green_2021,table_d3_cell_108,table_d3,"TABLE D3, Static, rmse_te, best arm 0.2",pipeline,,3,NA,0.038,NA,0.03778077487367352,1,NA,NA,"The rewrite gives 0.038, which is the published value."
offer-westort_coppock_green_2021,table_d3_cell_109,table_d3,"TABLE D3, Static, cov_best, best arm 0.2",pipeline,,3,NA,0.941,NA,0.9407,1,NA,NA,"The rewrite gives 0.941, which is the published value."
offer-westort_coppock_green_2021,table_d3_cell_110,table_d3,"TABLE D3, Static, cov_te, best arm 0.2",pipeline,,3,NA,0.949,NA,0.9485000000000005,1,NA,NA,"The rewrite gives 0.949, which is the published value."
offer-westort_coppock_green_2021,table_d3_cell_111,table_d3,"TABLE D3, CA, correct, best arm 0.1",pipeline,,3,NA,0.106,NA,0.10580000000000006,1,NA,NA,"The rewrite gives 0.106, which is the published value."
offer-westort_coppock_green_2021,table_d3_cell_112,table_d3,"TABLE D3, CA, rmse_best, best arm 0.1",pipeline,,3,NA,0.037,NA,0.03704757088521536,1,NA,NA,"The rewrite gives 0.037, which is the published value."
offer-westort_coppock_green_2021,table_d3_cell_113,table_d3,"TABLE D3, CA, rmse_te, best arm 0.1",pipeline,,3,NA,0.043,NA,0.0428543114495956,1,NA,NA,"The rewrite gives 0.043, which is the published value."
offer-westort_coppock_green_2021,table_d3_cell_114,table_d3,"TABLE D3, CA, cov_best, best arm 0.1",pipeline,,3,NA,0.843,NA,0.8427999999999997,1,NA,NA,"The rewrite gives 0.843, which is the published value."
offer-westort_coppock_green_2021,table_d3_cell_115,table_d3,"TABLE D3, CA, cov_te, best arm 0.1",pipeline,,3,NA,0.854,NA,0.8541,1,NA,NA,"The rewrite gives 0.854, which is the published value."
offer-westort_coppock_green_2021,table_d3_cell_116,table_d3,"TABLE D3, CA, correct, best arm 0.11",pipeline,,3,NA,0.174,NA,0.17400000000000018,1,NA,NA,"The rewrite gives 0.174, which is the published value."
offer-westort_coppock_green_2021,table_d3_cell_117,table_d3,"TABLE D3, CA, rmse_best, best arm 0.11",pipeline,,3,NA,0.034,NA,0.034299514826319,1,NA,NA,"The rewrite gives 0.034, which is the published value."
offer-westort_coppock_green_2021,table_d3_cell_118,table_d3,"TABLE D3, CA, rmse_te, best arm 0.11",pipeline,,3,NA,0.041,NA,0.04076995020301906,1,NA,NA,"The rewrite gives 0.041, which is the published value."
offer-westort_coppock_green_2021,table_d3_cell_119,table_d3,"TABLE D3, CA, cov_best, best arm 0.11",pipeline,,3,NA,0.879,NA,0.8793,1,NA,NA,"The rewrite gives 0.879, which is the published value."
offer-westort_coppock_green_2021,table_d3_cell_120,table_d3,"TABLE D3, CA, cov_te, best arm 0.11",pipeline,,3,NA,0.886,NA,0.8863000000000002,1,NA,NA,"The rewrite gives 0.886, which is the published value."
offer-westort_coppock_green_2021,table_d3_cell_121,table_d3,"TABLE D3, CA, correct, best arm 0.12",pipeline,,3,NA,0.275,NA,0.2746999999999989,1,NA,NA,"The rewrite gives 0.275, which is the published value."
offer-westort_coppock_green_2021,table_d3_cell_122,table_d3,"TABLE D3, CA, rmse_best, best arm 0.12",pipeline,,3,NA,0.033,NA,0.03328997529473111,1,NA,NA,"The rewrite gives 0.033, which is the published value."
offer-westort_coppock_green_2021,table_d3_cell_123,table_d3,"TABLE D3, CA, rmse_te, best arm 0.12",pipeline,,3,NA,0.040,NA,0.03958488569454596,1,NA,NA,"The rewrite gives 0.040, which is the published value."
offer-westort_coppock_green_2021,table_d3_cell_124,table_d3,"TABLE D3, CA, cov_best, best arm 0.12",pipeline,,3,NA,0.897,NA,0.8973999999999999,1,NA,NA,"The rewrite gives 0.897, which is the published value."
offer-westort_coppock_green_2021,table_d3_cell_125,table_d3,"TABLE D3, CA, cov_te, best arm 0.12",pipeline,,3,NA,0.900,NA,0.9001999999999997,1,NA,NA,"The rewrite gives 0.900, which is the published value."
offer-westort_coppock_green_2021,table_d3_cell_126,table_d3,"TABLE D3, CA, correct, best arm 0.13",pipeline,,3,NA,0.375,NA,0.3749000000000016,1,NA,NA,"The rewrite gives 0.375, which is the published value."
offer-westort_coppock_green_2021,table_d3_cell_127,table_d3,"TABLE D3, CA, rmse_best, best arm 0.13",pipeline,,3,NA,0.032,NA,0.03183577516076274,1,NA,NA,"The rewrite gives 0.032, which is the published value."
offer-westort_coppock_green_2021,table_d3_cell_128,table_d3,"TABLE D3, CA, rmse_te, best arm 0.13",pipeline,,3,NA,0.038,NA,0.03826553507349072,1,NA,NA,"The rewrite gives 0.038, which is the published value."
offer-westort_coppock_green_2021,table_d3_cell_129,table_d3,"TABLE D3, CA, cov_best, best arm 0.13",pipeline,,3,NA,0.910,NA,0.9101,1,NA,NA,"The rewrite gives 0.910, which is the published value."
offer-westort_coppock_green_2021,table_d3_cell_130,table_d3,"TABLE D3, CA, cov_te, best arm 0.13",pipeline,,3,NA,0.907,NA,0.9065,1,NA,NA,"The rewrite gives 0.906, which is the published value."
offer-westort_coppock_green_2021,table_d3_cell_131,table_d3,"TABLE D3, CA, correct, best arm 0.14",pipeline,,3,NA,0.502,NA,0.5019000000000007,1,NA,NA,"The rewrite gives 0.502, which is the published value."
offer-westort_coppock_green_2021,table_d3_cell_132,table_d3,"TABLE D3, CA, rmse_best, best arm 0.14",pipeline,,3,NA,0.030,NA,0.02967455155497818,1,NA,NA,"The rewrite gives 0.030, which is the published value."
offer-westort_coppock_green_2021,table_d3_cell_133,table_d3,"TABLE D3, CA, rmse_te, best arm 0.14",pipeline,,3,NA,0.037,NA,0.03659840524547572,1,NA,NA,"The rewrite gives 0.037, which is the published value."
offer-westort_coppock_green_2021,table_d3_cell_134,table_d3,"TABLE D3, CA, cov_best, best arm 0.14",pipeline,,3,NA,0.929,NA,0.9291,1,NA,NA,"The rewrite gives 0.929, which is the published value."
offer-westort_coppock_green_2021,table_d3_cell_135,table_d3,"TABLE D3, CA, cov_te, best arm 0.14",pipeline,,3,NA,0.921,NA,0.9208,1,NA,NA,"The rewrite gives 0.921, which is the published value."
offer-westort_coppock_green_2021,table_d3_cell_136,table_d3,"TABLE D3, CA, correct, best arm 0.15",pipeline,,3,NA,0.636,NA,0.6357000000000002,1,NA,NA,"The rewrite gives 0.636, which is the published value."
offer-westort_coppock_green_2021,table_d3_cell_137,table_d3,"TABLE D3, CA, rmse_best, best arm 0.15",pipeline,,3,NA,0.028,NA,0.02797271859841051,1,NA,NA,"The rewrite gives 0.028, which is the published value."
offer-westort_coppock_green_2021,table_d3_cell_138,table_d3,"TABLE D3, CA, rmse_te, best arm 0.15",pipeline,,3,NA,0.035,NA,0.03459286246994437,1,NA,NA,"The rewrite gives 0.035, which is the published value."
offer-westort_coppock_green_2021,table_d3_cell_139,table_d3,"TABLE D3, CA, cov_best, best arm 0.15",pipeline,,3,NA,0.940,NA,0.9397,1,NA,NA,"The rewrite gives 0.940, which is the published value."
offer-westort_coppock_green_2021,table_d3_cell_140,table_d3,"TABLE D3, CA, cov_te, best arm 0.15",pipeline,,3,NA,0.936,NA,0.9358,1,NA,NA,"The rewrite gives 0.936, which is the published value."
offer-westort_coppock_green_2021,table_d3_cell_141,table_d3,"TABLE D3, CA, correct, best arm 0.16",pipeline,,3,NA,0.728,NA,0.7276000000000002,1,NA,NA,"The rewrite gives 0.728, which is the published value."
offer-westort_coppock_green_2021,table_d3_cell_142,table_d3,"TABLE D3, CA, rmse_best, best arm 0.16",pipeline,,3,NA,0.027,NA,0.02688502871850178,1,NA,NA,"The rewrite gives 0.027, which is the published value."
offer-westort_coppock_green_2021,table_d3_cell_143,table_d3,"TABLE D3, CA, rmse_te, best arm 0.16",pipeline,,3,NA,0.033,NA,0.03343483780183044,1,NA,NA,"The rewrite gives 0.033, which is the published value."
offer-westort_coppock_green_2021,table_d3_cell_144,table_d3,"TABLE D3, CA, cov_best, best arm 0.16",pipeline,,3,NA,0.944,NA,0.9439000000000004,1,NA,NA,"The rewrite gives 0.944, which is the published value."
offer-westort_coppock_green_2021,table_d3_cell_145,table_d3,"TABLE D3, CA, cov_te, best arm 0.16",pipeline,,3,NA,0.942,NA,0.9423,1,NA,NA,"The rewrite gives 0.942, which is the published value."
offer-westort_coppock_green_2021,table_d3_cell_146,table_d3,"TABLE D3, CA, correct, best arm 0.17",pipeline,,3,NA,0.820,NA,0.8197999999999998,1,NA,NA,"The rewrite gives 0.820, which is the published value."
offer-westort_coppock_green_2021,table_d3_cell_147,table_d3,"TABLE D3, CA, rmse_best, best arm 0.17",pipeline,,3,NA,0.026,NA,0.02613243930396908,1,NA,NA,"The rewrite gives 0.026, which is the published value."
offer-westort_coppock_green_2021,table_d3_cell_148,table_d3,"TABLE D3, CA, rmse_te, best arm 0.17",pipeline,,3,NA,0.033,NA,0.03260724921248501,1,NA,NA,"The rewrite gives 0.033, which is the published value."
offer-westort_coppock_green_2021,table_d3_cell_149,table_d3,"TABLE D3, CA, cov_best, best arm 0.17",pipeline,,3,NA,0.947,NA,0.9474,1,NA,NA,"The rewrite gives 0.947, which is the published value."
offer-westort_coppock_green_2021,table_d3_cell_150,table_d3,"TABLE D3, CA, cov_te, best arm 0.17",pipeline,,3,NA,0.943,NA,0.9431,1,NA,NA,"The rewrite gives 0.943, which is the published value."
offer-westort_coppock_green_2021,table_d3_cell_151,table_d3,"TABLE D3, CA, correct, best arm 0.18",pipeline,,3,NA,0.877,NA,0.8769000000000003,1,NA,NA,"The rewrite gives 0.877, which is the published value."
offer-westort_coppock_green_2021,table_d3_cell_152,table_d3,"TABLE D3, CA, rmse_best, best arm 0.18",pipeline,,3,NA,0.025,NA,0.02545335034407884,1,NA,NA,"The rewrite gives 0.025, which is the published value."
offer-westort_coppock_green_2021,table_d3_cell_153,table_d3,"TABLE D3, CA, rmse_te, best arm 0.18",pipeline,,3,NA,0.032,NA,0.03176645037352781,1,NA,NA,"The rewrite gives 0.032, which is the published value."
offer-westort_coppock_green_2021,table_d3_cell_154,table_d3,"TABLE D3, CA, cov_best, best arm 0.18",pipeline,,3,NA,0.949,NA,0.9491000000000002,1,NA,NA,"The rewrite gives 0.949, which is the published value."
offer-westort_coppock_green_2021,table_d3_cell_155,table_d3,"TABLE D3, CA, cov_te, best arm 0.18",pipeline,,3,NA,0.943,NA,0.9433,1,NA,NA,"The rewrite gives 0.943, which is the published value."
offer-westort_coppock_green_2021,table_d3_cell_156,table_d3,"TABLE D3, CA, correct, best arm 0.19",pipeline,,3,NA,0.923,NA,0.9231,1,NA,NA,"The rewrite gives 0.923, which is the published value."
offer-westort_coppock_green_2021,table_d3_cell_157,table_d3,"TABLE D3, CA, rmse_best, best arm 0.19",pipeline,,3,NA,0.024,NA,0.02425052522750749,1,NA,NA,"The rewrite gives 0.024, which is the published value."
offer-westort_coppock_green_2021,table_d3_cell_158,table_d3,"TABLE D3, CA, rmse_te, best arm 0.19",pipeline,,3,NA,0.030,NA,0.03020959013593649,1,NA,NA,"The rewrite gives 0.030, which is the published value."
offer-westort_coppock_green_2021,table_d3_cell_159,table_d3,"TABLE D3, CA, cov_best, best arm 0.19",pipeline,,3,NA,0.956,NA,0.9555,1,NA,NA,"The rewrite gives 0.956, which is the published value."
offer-westort_coppock_green_2021,table_d3_cell_160,table_d3,"TABLE D3, CA, cov_te, best arm 0.19",pipeline,,3,NA,0.949,NA,0.949,1,NA,NA,"The rewrite gives 0.949, which is the published value."
offer-westort_coppock_green_2021,table_d3_cell_161,table_d3,"TABLE D3, CA, correct, best arm 0.2",pipeline,,3,NA,0.956,NA,0.9560000000000004,1,NA,NA,"The rewrite gives 0.956, which is the published value."
offer-westort_coppock_green_2021,table_d3_cell_162,table_d3,"TABLE D3, CA, rmse_best, best arm 0.2",pipeline,,3,NA,0.023,NA,0.02338363176240237,1,NA,NA,"The rewrite gives 0.023, which is the published value."
offer-westort_coppock_green_2021,table_d3_cell_163,table_d3,"TABLE D3, CA, rmse_te, best arm 0.2",pipeline,,3,NA,0.029,NA,0.02932266358822316,1,NA,NA,"The rewrite gives 0.029, which is the published value."
offer-westort_coppock_green_2021,table_d3_cell_164,table_d3,"TABLE D3, CA, cov_best, best arm 0.2",pipeline,,3,NA,0.957,NA,0.9566,1,NA,NA,"The rewrite gives 0.957, which is the published value."
offer-westort_coppock_green_2021,table_d3_cell_165,table_d3,"TABLE D3, CA, cov_te, best arm 0.2",pipeline,,3,NA,0.952,NA,0.9516000000000004,1,NA,NA,"The rewrite gives 0.952, which is the published value."
offer-westort_coppock_green_2021,table_d4_cell_001,table_d4,"TABLE D4, TS, correct, case 1, first batch 100",pipeline,,3,0.968,0.968,1,0.9681000000000002,1,NA,NA,"The rewrite gives 0.968, which is the published value."
offer-westort_coppock_green_2021,table_d4_cell_002,table_d4,"TABLE D4, TS, rmse_best, case 1, first batch 100",pipeline,,3,0.0214,0.021,1,0.02135995777642827,1,NA,NA,"The rewrite gives 0.021, which is the published value."
offer-westort_coppock_green_2021,table_d4_cell_003,table_d4,"TABLE D4, TS, rmse_te, case 1, first batch 100",pipeline,,3,0.0574,0.057,1,0.05738448863580026,1,NA,NA,"The rewrite gives 0.057, which is the published value."
offer-westort_coppock_green_2021,table_d4_cell_004,table_d4,"TABLE D4, TS, cov_best, case 1, first batch 100",pipeline,,3,0.958,0.958,1,0.9583,1,NA,NA,"The rewrite gives 0.958, which is the published value."
offer-westort_coppock_green_2021,table_d4_cell_005,table_d4,"TABLE D4, TS, cov_te, case 1, first batch 100",pipeline,,3,0.795,0.795,1,0.7951000000000001,1,NA,NA,"The rewrite gives 0.795, which is the published value."
offer-westort_coppock_green_2021,table_d4_cell_006,table_d4,"TABLE D4, TS, correct, case 1, first batch 190",pipeline,,3,0.964,0.965,1,0.9645,1,NA,NA,"The rewrite gives 0.965, which is the published value."
offer-westort_coppock_green_2021,table_d4_cell_007,table_d4,"TABLE D4, TS, rmse_best, case 1, first batch 190",pipeline,,3,0.0212,0.021,1,0.02117674566868638,1,NA,NA,"The rewrite gives 0.021, which is the published value."
offer-westort_coppock_green_2021,table_d4_cell_008,table_d4,"TABLE D4, TS, rmse_te, case 1, first batch 190",pipeline,,3,0.0582,0.058,1,0.0582005827248554,1,NA,NA,"The rewrite gives 0.058, which is the published value."
offer-westort_coppock_green_2021,table_d4_cell_009,table_d4,"TABLE D4, TS, cov_best, case 1, first batch 190",pipeline,,3,0.958,0.958,1,0.9583000000000002,1,NA,NA,"The rewrite gives 0.958, which is the published value."
offer-westort_coppock_green_2021,table_d4_cell_010,table_d4,"TABLE D4, TS, cov_te, case 1, first batch 190",pipeline,,3,0.76,0.760,1,0.7602,1,NA,NA,"The rewrite gives 0.760, which is the published value."
offer-westort_coppock_green_2021,table_d4_cell_011,table_d4,"TABLE D4, TS, correct, case 1, first batch 280",pipeline,,3,0.971,0.971,1,0.9714000000000004,1,NA,NA,"The rewrite gives 0.971, which is the published value."
offer-westort_coppock_green_2021,table_d4_cell_012,table_d4,"TABLE D4, TS, rmse_best, case 1, first batch 280",pipeline,,3,0.0209,0.021,1,0.02085773385945895,1,NA,NA,"The rewrite gives 0.021, which is the published value."
offer-westort_coppock_green_2021,table_d4_cell_013,table_d4,"TABLE D4, TS, rmse_te, case 1, first batch 280",pipeline,,3,0.0592,0.059,1,0.05915309439848503,1,NA,NA,"The rewrite gives 0.059, which is the published value."
offer-westort_coppock_green_2021,table_d4_cell_014,table_d4,"TABLE D4, TS, cov_best, case 1, first batch 280",pipeline,,3,0.964,0.964,1,0.9635,1,NA,NA,"The rewrite gives 0.964, which is the published value."
offer-westort_coppock_green_2021,table_d4_cell_015,table_d4,"TABLE D4, TS, cov_te, case 1, first batch 280",pipeline,,3,0.747,0.747,1,0.7466999999999998,1,NA,NA,"The rewrite gives 0.747, which is the published value."
offer-westort_coppock_green_2021,table_d4_cell_016,table_d4,"TABLE D4, TS, correct, case 1, first batch 370",pipeline,,3,0.969,0.969,1,0.9688,1,NA,NA,"The rewrite gives 0.969, which is the published value."
offer-westort_coppock_green_2021,table_d4_cell_017,table_d4,"TABLE D4, TS, rmse_best, case 1, first batch 370",pipeline,,3,0.0223,0.022,1,0.02233474964680466,1,NA,NA,"The rewrite gives 0.022, which is the published value."
offer-westort_coppock_green_2021,table_d4_cell_018,table_d4,"TABLE D4, TS, rmse_te, case 1, first batch 370",pipeline,,3,0.0591,0.059,1,0.0590747073674704,1,NA,NA,"The rewrite gives 0.059, which is the published value."
offer-westort_coppock_green_2021,table_d4_cell_019,table_d4,"TABLE D4, TS, cov_best, case 1, first batch 370",pipeline,,3,0.958,0.958,1,0.9580999999999996,1,NA,NA,"The rewrite gives 0.958, which is the published value."
offer-westort_coppock_green_2021,table_d4_cell_020,table_d4,"TABLE D4, TS, cov_te, case 1, first batch 370",pipeline,,3,0.755,0.755,1,0.755,1,NA,NA,"The rewrite gives 0.755, which is the published value."
offer-westort_coppock_green_2021,table_d4_cell_021,table_d4,"TABLE D4, TS, correct, case 1, first batch 460",pipeline,,3,0.967,0.967,1,0.9672,1,NA,NA,"The rewrite gives 0.967, which is the published value."
offer-westort_coppock_green_2021,table_d4_cell_022,table_d4,"TABLE D4, TS, rmse_best, case 1, first batch 460",pipeline,,3,0.023,0.023,1,0.02298936239932198,1,NA,NA,"The rewrite gives 0.023, which is the published value."
offer-westort_coppock_green_2021,table_d4_cell_023,table_d4,"TABLE D4, TS, rmse_te, case 1, first batch 460",pipeline,,3,0.0584,0.058,1,0.05837408920090575,1,NA,NA,"The rewrite gives 0.058, which is the published value."
offer-westort_coppock_green_2021,table_d4_cell_024,table_d4,"TABLE D4, TS, cov_best, case 1, first batch 460",pipeline,,3,0.958,0.958,1,0.958,1,NA,NA,"The rewrite gives 0.958, which is the published value."
offer-westort_coppock_green_2021,table_d4_cell_025,table_d4,"TABLE D4, TS, cov_te, case 1, first batch 460",pipeline,,3,0.807,0.807,1,0.8069999999999999,1,NA,NA,"The rewrite gives 0.807, which is the published value."
offer-westort_coppock_green_2021,table_d4_cell_026,table_d4,"TABLE D4, TS, correct, case 1, first batch 550",pipeline,,3,0.971,0.971,1,0.971,1,NA,NA,"The rewrite gives 0.971, which is the published value."
offer-westort_coppock_green_2021,table_d4_cell_027,table_d4,"TABLE D4, TS, rmse_best, case 1, first batch 550",pipeline,,3,0.0241,0.024,1,0.02405106426609024,1,NA,NA,"The rewrite gives 0.024, which is the published value."
offer-westort_coppock_green_2021,table_d4_cell_028,table_d4,"TABLE D4, TS, rmse_te, case 1, first batch 550",pipeline,,3,0.0548,0.055,1,0.05477301860496111,1,NA,NA,"The rewrite gives 0.055, which is the published value."
offer-westort_coppock_green_2021,table_d4_cell_029,table_d4,"TABLE D4, TS, cov_best, case 1, first batch 550",pipeline,,3,0.96,0.960,1,0.9603,1,NA,NA,"The rewrite gives 0.960, which is the published value."
offer-westort_coppock_green_2021,table_d4_cell_030,table_d4,"TABLE D4, TS, cov_te, case 1, first batch 550",pipeline,,3,0.866,0.866,1,0.8657999999999999,1,NA,NA,"The rewrite gives 0.866, which is the published value."
offer-westort_coppock_green_2021,table_d4_cell_031,table_d4,"TABLE D4, TS, correct, case 1, first batch 640",pipeline,,3,NA,0.966,NA,0.9659000000000004,1,NA,NA,"The rewrite gives 0.966, which is the published value."
offer-westort_coppock_green_2021,table_d4_cell_032,table_d4,"TABLE D4, TS, rmse_best, case 1, first batch 640",pipeline,,3,NA,0.025,NA,0.02517687702305987,1,NA,NA,"The rewrite gives 0.025, which is the published value."
offer-westort_coppock_green_2021,table_d4_cell_033,table_d4,"TABLE D4, TS, rmse_te, case 1, first batch 640",pipeline,,3,NA,0.052,NA,0.05188590759456175,1,NA,NA,"The rewrite gives 0.052, which is the published value."
offer-westort_coppock_green_2021,table_d4_cell_034,table_d4,"TABLE D4, TS, cov_best, case 1, first batch 640",pipeline,,3,NA,0.954,NA,0.9540999999999996,1,NA,NA,"The rewrite gives 0.954, which is the published value."
offer-westort_coppock_green_2021,table_d4_cell_035,table_d4,"TABLE D4, TS, cov_te, case 1, first batch 640",pipeline,,3,NA,0.906,NA,0.9057000000000002,1,NA,NA,"The rewrite gives 0.906, which is the published value."
offer-westort_coppock_green_2021,table_d4_cell_036,table_d4,"TABLE D4, TS, correct, case 1, first batch 730",pipeline,,3,NA,0.961,NA,0.9608,1,NA,NA,"The rewrite gives 0.961, which is the published value."
offer-westort_coppock_green_2021,table_d4_cell_037,table_d4,"TABLE D4, TS, rmse_best, case 1, first batch 730",pipeline,,3,NA,0.027,NA,0.02682994383732945,1,NA,NA,"The rewrite gives 0.027, which is the published value."
offer-westort_coppock_green_2021,table_d4_cell_038,table_d4,"TABLE D4, TS, rmse_te, case 1, first batch 730",pipeline,,3,NA,0.048,NA,0.0482395297352204,1,NA,NA,"The rewrite gives 0.048, which is the published value."
offer-westort_coppock_green_2021,table_d4_cell_039,table_d4,"TABLE D4, TS, cov_best, case 1, first batch 730",pipeline,,3,NA,0.953,NA,0.953,1,NA,NA,"The rewrite gives 0.953, which is the published value."
offer-westort_coppock_green_2021,table_d4_cell_040,table_d4,"TABLE D4, TS, cov_te, case 1, first batch 730",pipeline,,3,NA,0.923,NA,0.9227,1,NA,NA,"The rewrite gives 0.923, which is the published value."
offer-westort_coppock_green_2021,table_d4_cell_041,table_d4,"TABLE D4, TS, correct, case 1, first batch 820",pipeline,,3,NA,0.954,NA,0.9537999999999996,1,NA,NA,"The rewrite gives 0.954, which is the published value."
offer-westort_coppock_green_2021,table_d4_cell_042,table_d4,"TABLE D4, TS, rmse_best, case 1, first batch 820",pipeline,,3,NA,0.028,NA,0.02806774096625427,1,NA,NA,"The rewrite gives 0.028, which is the published value."
offer-westort_coppock_green_2021,table_d4_cell_043,table_d4,"TABLE D4, TS, rmse_te, case 1, first batch 820",pipeline,,3,NA,0.045,NA,0.04458243980385626,1,NA,NA,"The rewrite gives 0.045, which is the published value."
offer-westort_coppock_green_2021,table_d4_cell_044,table_d4,"TABLE D4, TS, cov_best, case 1, first batch 820",pipeline,,3,NA,0.948,NA,0.9484,1,NA,NA,"The rewrite gives 0.948, which is the published value."
offer-westort_coppock_green_2021,table_d4_cell_045,table_d4,"TABLE D4, TS, cov_te, case 1, first batch 820",pipeline,,3,NA,0.939,NA,0.9392000000000004,1,NA,NA,"The rewrite gives 0.939, which is the published value."
offer-westort_coppock_green_2021,table_d4_cell_046,table_d4,"TABLE D4, TS, correct, case 1, first batch 910",pipeline,,3,NA,0.938,NA,0.9375,1,NA,NA,"The rewrite gives 0.938, which is the published value."
offer-westort_coppock_green_2021,table_d4_cell_047,table_d4,"TABLE D4, TS, rmse_best, case 1, first batch 910",pipeline,,3,NA,0.029,NA,0.02903398563425092,1,NA,NA,"The rewrite gives 0.029, which is the published value."
offer-westort_coppock_green_2021,table_d4_cell_048,table_d4,"TABLE D4, TS, rmse_te, case 1, first batch 910",pipeline,,3,NA,0.042,NA,0.04178327840042907,1,NA,NA,"The rewrite gives 0.042, which is the published value."
offer-westort_coppock_green_2021,table_d4_cell_049,table_d4,"TABLE D4, TS, cov_best, case 1, first batch 910",pipeline,,3,NA,0.945,NA,0.9448999999999996,1,NA,NA,"The rewrite gives 0.945, which is the published value."
offer-westort_coppock_green_2021,table_d4_cell_050,table_d4,"TABLE D4, TS, cov_te, case 1, first batch 910",pipeline,,3,NA,0.943,NA,0.9428000000000004,1,NA,NA,"The rewrite gives 0.943, which is the published value."
offer-westort_coppock_green_2021,table_d4_cell_051,table_d4,"TABLE D4, TS, correct, case 2, first batch 100",pipeline,,3,NA,0.193,NA,0.19329999999999972,1,NA,NA,"The rewrite gives 0.193, which is the published value."
offer-westort_coppock_green_2021,table_d4_cell_052,table_d4,"TABLE D4, TS, rmse_best, case 2, first batch 100",pipeline,,3,NA,0.033,NA,0.03349211329438671,1,NA,NA,"The rewrite gives 0.033, which is the published value."
offer-westort_coppock_green_2021,table_d4_cell_053,table_d4,"TABLE D4, TS, rmse_te, case 2, first batch 100",pipeline,,3,NA,0.050,NA,0.04950631904668689,1,NA,NA,"The rewrite gives 0.050, which is the published value."
offer-westort_coppock_green_2021,table_d4_cell_054,table_d4,"TABLE D4, TS, cov_best, case 2, first batch 100",pipeline,,3,NA,0.880,NA,0.88,1,NA,NA,"The rewrite gives 0.880, which is the published value."
offer-westort_coppock_green_2021,table_d4_cell_055,table_d4,"TABLE D4, TS, cov_te, case 2, first batch 100",pipeline,,3,NA,0.851,NA,0.8509000000000004,1,NA,NA,"The rewrite gives 0.851, which is the published value."
offer-westort_coppock_green_2021,table_d4_cell_056,table_d4,"TABLE D4, TS, correct, case 2, first batch 190",pipeline,,3,NA,0.200,NA,0.1995999999999998,1,NA,NA,"The rewrite gives 0.200, which is the published value."
offer-westort_coppock_green_2021,table_d4_cell_057,table_d4,"TABLE D4, TS, rmse_best, case 2, first batch 190",pipeline,,3,NA,0.033,NA,0.03315214300596828,1,NA,NA,"The rewrite gives 0.033, which is the published value."
offer-westort_coppock_green_2021,table_d4_cell_058,table_d4,"TABLE D4, TS, rmse_te, case 2, first batch 190",pipeline,,3,NA,0.050,NA,0.0502174025987795,1,NA,NA,"The rewrite gives 0.050, which is the published value."
offer-westort_coppock_green_2021,table_d4_cell_059,table_d4,"TABLE D4, TS, cov_best, case 2, first batch 190",pipeline,,3,NA,0.881,NA,0.8811,1,NA,NA,"The rewrite gives 0.881, which is the published value."
offer-westort_coppock_green_2021,table_d4_cell_060,table_d4,"TABLE D4, TS, cov_te, case 2, first batch 190",pipeline,,3,NA,0.835,NA,0.8344999999999999,1,NA,NA,"The rewrite gives 0.834, which is the published value."
offer-westort_coppock_green_2021,table_d4_cell_061,table_d4,"TABLE D4, TS, correct, case 2, first batch 280",pipeline,,3,NA,0.189,NA,0.18850000000000008,1,NA,NA,"The rewrite gives 0.189, which is the published value."
offer-westort_coppock_green_2021,table_d4_cell_062,table_d4,"TABLE D4, TS, rmse_best, case 2, first batch 280",pipeline,,3,NA,0.033,NA,0.03269288184043358,1,NA,NA,"The rewrite gives 0.033, which is the published value."
offer-westort_coppock_green_2021,table_d4_cell_063,table_d4,"TABLE D4, TS, rmse_te, case 2, first batch 280",pipeline,,3,NA,0.049,NA,0.04904923040460103,1,NA,NA,"The rewrite gives 0.049, which is the published value."
offer-westort_coppock_green_2021,table_d4_cell_064,table_d4,"TABLE D4, TS, cov_best, case 2, first batch 280",pipeline,,3,NA,0.873,NA,0.8726000000000005,1,NA,NA,"The rewrite gives 0.873, which is the published value."
offer-westort_coppock_green_2021,table_d4_cell_065,table_d4,"TABLE D4, TS, cov_te, case 2, first batch 280",pipeline,,3,NA,0.834,NA,0.8336999999999998,1,NA,NA,"The rewrite gives 0.834, which is the published value."
offer-westort_coppock_green_2021,table_d4_cell_066,table_d4,"TABLE D4, TS, correct, case 2, first batch 370",pipeline,,3,NA,0.188,NA,0.1882000000000007,1,NA,NA,"The rewrite gives 0.188, which is the published value."
offer-westort_coppock_green_2021,table_d4_cell_067,table_d4,"TABLE D4, TS, rmse_best, case 2, first batch 370",pipeline,,3,NA,0.032,NA,0.03249260514524101,1,NA,NA,"The rewrite gives 0.032, which is the published value."
offer-westort_coppock_green_2021,table_d4_cell_068,table_d4,"TABLE D4, TS, rmse_te, case 2, first batch 370",pipeline,,3,NA,0.049,NA,0.04903689527623595,1,NA,NA,"The rewrite gives 0.049, which is the published value."
offer-westort_coppock_green_2021,table_d4_cell_069,table_d4,"TABLE D4, TS, cov_best, case 2, first batch 370",pipeline,,3,NA,0.865,NA,0.8649000000000003,1,NA,NA,"The rewrite gives 0.865, which is the published value."
offer-westort_coppock_green_2021,table_d4_cell_070,table_d4,"TABLE D4, TS, cov_te, case 2, first batch 370",pipeline,,3,NA,0.819,NA,0.8188000000000003,1,NA,NA,"The rewrite gives 0.819, which is the published value."
offer-westort_coppock_green_2021,table_d4_cell_071,table_d4,"TABLE D4, TS, correct, case 2, first batch 460",pipeline,,3,NA,0.186,NA,0.18639999999999984,1,NA,NA,"The rewrite gives 0.186, which is the published value."
offer-westort_coppock_green_2021,table_d4_cell_072,table_d4,"TABLE D4, TS, rmse_best, case 2, first batch 460",pipeline,,3,NA,0.032,NA,0.03187647138506073,1,NA,NA,"The rewrite gives 0.032, which is the published value."
offer-westort_coppock_green_2021,table_d4_cell_073,table_d4,"TABLE D4, TS, rmse_te, case 2, first batch 460",pipeline,,3,NA,0.048,NA,0.04757644711124904,1,NA,NA,"The rewrite gives 0.048, which is the published value."
offer-westort_coppock_green_2021,table_d4_cell_074,table_d4,"TABLE D4, TS, cov_best, case 2, first batch 460",pipeline,,3,NA,0.858,NA,0.8579999999999997,1,NA,NA,"The rewrite gives 0.858, which is the published value."
offer-westort_coppock_green_2021,table_d4_cell_075,table_d4,"TABLE D4, TS, cov_te, case 2, first batch 460",pipeline,,3,NA,0.829,NA,0.8286999999999998,1,NA,NA,"The rewrite gives 0.829, which is the published value."
offer-westort_coppock_green_2021,table_d4_cell_076,table_d4,"TABLE D4, TS, correct, case 2, first batch 550",pipeline,,3,NA,0.185,NA,0.18529999999999985,1,NA,NA,"The rewrite gives 0.185, which is the published value."
offer-westort_coppock_green_2021,table_d4_cell_077,table_d4,"TABLE D4, TS, rmse_best, case 2, first batch 550",pipeline,,3,NA,0.031,NA,0.03106226198938815,1,NA,NA,"The rewrite gives 0.031, which is the published value."
offer-westort_coppock_green_2021,table_d4_cell_078,table_d4,"TABLE D4, TS, rmse_te, case 2, first batch 550",pipeline,,3,NA,0.046,NA,0.04649765525715332,1,NA,NA,"The rewrite gives 0.046, which is the published value."
offer-westort_coppock_green_2021,table_d4_cell_079,table_d4,"TABLE D4, TS, cov_best, case 2, first batch 550",pipeline,,3,NA,0.848,NA,0.8478000000000002,1,NA,NA,"The rewrite gives 0.848, which is the published value."
offer-westort_coppock_green_2021,table_d4_cell_080,table_d4,"TABLE D4, TS, cov_te, case 2, first batch 550",pipeline,,3,NA,0.827,NA,0.8273999999999996,1,NA,NA,"The rewrite gives 0.827, which is the published value."
offer-westort_coppock_green_2021,table_d4_cell_081,table_d4,"TABLE D4, TS, correct, case 2, first batch 640",pipeline,,3,NA,0.188,NA,0.18759999999999968,1,NA,NA,"The rewrite gives 0.188, which is the published value."
offer-westort_coppock_green_2021,table_d4_cell_082,table_d4,"TABLE D4, TS, rmse_best, case 2, first batch 640",pipeline,,3,NA,0.030,NA,0.03044058717867485,1,NA,NA,"The rewrite gives 0.030, which is the published value."
offer-westort_coppock_green_2021,table_d4_cell_083,table_d4,"TABLE D4, TS, rmse_te, case 2, first batch 640",pipeline,,3,NA,0.045,NA,0.04460815081533215,1,NA,NA,"The rewrite gives 0.045, which is the published value."
offer-westort_coppock_green_2021,table_d4_cell_084,table_d4,"TABLE D4, TS, cov_best, case 2, first batch 640",pipeline,,3,NA,0.837,NA,0.8374000000000005,1,NA,NA,"The rewrite gives 0.837, which is the published value."
offer-westort_coppock_green_2021,table_d4_cell_085,table_d4,"TABLE D4, TS, cov_te, case 2, first batch 640",pipeline,,3,NA,0.852,NA,0.8520999999999999,1,NA,NA,"The rewrite gives 0.852, which is the published value."
offer-westort_coppock_green_2021,table_d4_cell_086,table_d4,"TABLE D4, TS, correct, case 2, first batch 730",pipeline,,3,NA,0.184,NA,0.18419999999999984,1,NA,NA,"The rewrite gives 0.184, which is the published value."
offer-westort_coppock_green_2021,table_d4_cell_087,table_d4,"TABLE D4, TS, rmse_best, case 2, first batch 730",pipeline,,3,NA,0.029,NA,0.02854112811786012,1,NA,NA,"The rewrite gives 0.029, which is the published value."
offer-westort_coppock_green_2021,table_d4_cell_088,table_d4,"TABLE D4, TS, rmse_te, case 2, first batch 730",pipeline,,3,NA,0.043,NA,0.04278597138006496,1,NA,NA,"The rewrite gives 0.043, which is the published value."
offer-westort_coppock_green_2021,table_d4_cell_089,table_d4,"TABLE D4, TS, cov_best, case 2, first batch 730",pipeline,,3,NA,0.862,NA,0.8616000000000001,1,NA,NA,"The rewrite gives 0.862, which is the published value."
offer-westort_coppock_green_2021,table_d4_cell_090,table_d4,"TABLE D4, TS, cov_te, case 2, first batch 730",pipeline,,3,NA,0.875,NA,0.8752000000000003,1,NA,NA,"The rewrite gives 0.875, which is the published value."
offer-westort_coppock_green_2021,table_d4_cell_091,table_d4,"TABLE D4, TS, correct, case 2, first batch 820",pipeline,,3,NA,0.188,NA,0.18790000000000015,1,NA,NA,"The rewrite gives 0.188, which is the published value."
offer-westort_coppock_green_2021,table_d4_cell_092,table_d4,"TABLE D4, TS, rmse_best, case 2, first batch 820",pipeline,,3,NA,0.028,NA,0.02764236873964991,1,NA,NA,"The rewrite gives 0.028, which is the published value."
offer-westort_coppock_green_2021,table_d4_cell_093,table_d4,"TABLE D4, TS, rmse_te, case 2, first batch 820",pipeline,,3,NA,0.040,NA,0.03998028255393086,1,NA,NA,"The rewrite gives 0.040, which is the published value."
offer-westort_coppock_green_2021,table_d4_cell_094,table_d4,"TABLE D4, TS, cov_best, case 2, first batch 820",pipeline,,3,NA,0.876,NA,0.8762999999999999,1,NA,NA,"The rewrite gives 0.876, which is the published value."
offer-westort_coppock_green_2021,table_d4_cell_095,table_d4,"TABLE D4, TS, cov_te, case 2, first batch 820",pipeline,,3,NA,0.898,NA,0.8979000000000001,1,NA,NA,"The rewrite gives 0.898, which is the published value."
offer-westort_coppock_green_2021,table_d4_cell_096,table_d4,"TABLE D4, TS, correct, case 2, first batch 910",pipeline,,3,NA,0.185,NA,0.18490000000000056,1,NA,NA,"The rewrite gives 0.185, which is the published value."
offer-westort_coppock_green_2021,table_d4_cell_097,table_d4,"TABLE D4, TS, rmse_best, case 2, first batch 910",pipeline,,3,NA,0.026,NA,0.02602034638052476,1,NA,NA,"The rewrite gives 0.026, which is the published value."
offer-westort_coppock_green_2021,table_d4_cell_098,table_d4,"TABLE D4, TS, rmse_te, case 2, first batch 910",pipeline,,3,NA,0.037,NA,0.03696152587188314,1,NA,NA,"The rewrite gives 0.037, which is the published value."
offer-westort_coppock_green_2021,table_d4_cell_099,table_d4,"TABLE D4, TS, cov_best, case 2, first batch 910",pipeline,,3,NA,0.911,NA,0.9112999999999996,1,NA,NA,"The rewrite gives 0.911, which is the published value."
offer-westort_coppock_green_2021,table_d4_cell_100,table_d4,"TABLE D4, TS, cov_te, case 2, first batch 910",pipeline,,3,NA,0.926,NA,0.9261,1,NA,NA,"The rewrite gives 0.926, which is the published value."
offer-westort_coppock_green_2021,table_d4_cell_101,table_d4,"TABLE D4, TS, correct, case 3, first batch 100",pipeline,,3,NA,0.715,NA,0.7146999999999999,1,NA,NA,"The rewrite gives 0.715, which is the published value."
offer-westort_coppock_green_2021,table_d4_cell_102,table_d4,"TABLE D4, TS, rmse_best, case 3, first batch 100",pipeline,,3,NA,0.025,NA,0.02474514364637702,1,NA,NA,"The rewrite gives 0.025, which is the published value."
offer-westort_coppock_green_2021,table_d4_cell_103,table_d4,"TABLE D4, TS, rmse_te, case 3, first batch 100",pipeline,,3,NA,0.061,NA,0.06080980341688941,1,NA,NA,"The rewrite gives 0.061, which is the published value."
offer-westort_coppock_green_2021,table_d4_cell_104,table_d4,"TABLE D4, TS, cov_best, case 3, first batch 100",pipeline,,3,NA,0.956,NA,0.9554999999999998,1,NA,NA,"The rewrite gives 0.955, which is the published value."
offer-westort_coppock_green_2021,table_d4_cell_105,table_d4,"TABLE D4, TS, cov_te, case 3, first batch 100",pipeline,,3,NA,0.796,NA,0.7958000000000001,1,NA,NA,"The rewrite gives 0.796, which is the published value."
offer-westort_coppock_green_2021,table_d4_cell_106,table_d4,"TABLE D4, TS, correct, case 3, first batch 190",pipeline,,3,NA,0.710,NA,0.7099999999999996,1,NA,NA,"The rewrite gives 0.710, which is the published value."
offer-westort_coppock_green_2021,table_d4_cell_107,table_d4,"TABLE D4, TS, rmse_best, case 3, first batch 190",pipeline,,3,NA,0.024,NA,0.02427809735070878,1,NA,NA,"The rewrite gives 0.024, which is the published value."
offer-westort_coppock_green_2021,table_d4_cell_108,table_d4,"TABLE D4, TS, rmse_te, case 3, first batch 190",pipeline,,3,NA,0.063,NA,0.0627497388580178,1,NA,NA,"The rewrite gives 0.063, which is the published value."
offer-westort_coppock_green_2021,table_d4_cell_109,table_d4,"TABLE D4, TS, cov_best, case 3, first batch 190",pipeline,,3,NA,0.955,NA,0.9553,1,NA,NA,"The rewrite gives 0.955, which is the published value."
offer-westort_coppock_green_2021,table_d4_cell_110,table_d4,"TABLE D4, TS, cov_te, case 3, first batch 190",pipeline,,3,NA,0.763,NA,0.7629000000000001,1,NA,NA,"The rewrite gives 0.763, which is the published value."
offer-westort_coppock_green_2021,table_d4_cell_111,table_d4,"TABLE D4, TS, correct, case 3, first batch 280",pipeline,,3,NA,0.702,NA,0.7020000000000004,1,NA,NA,"The rewrite gives 0.702, which is the published value."
offer-westort_coppock_green_2021,table_d4_cell_112,table_d4,"TABLE D4, TS, rmse_best, case 3, first batch 280",pipeline,,3,NA,0.024,NA,0.02426911200554955,1,NA,NA,"The rewrite gives 0.024, which is the published value."
offer-westort_coppock_green_2021,table_d4_cell_113,table_d4,"TABLE D4, TS, rmse_te, case 3, first batch 280",pipeline,,3,NA,0.064,NA,0.0639811833678387,1,NA,NA,"The rewrite gives 0.064, which is the published value."
offer-westort_coppock_green_2021,table_d4_cell_114,table_d4,"TABLE D4, TS, cov_best, case 3, first batch 280",pipeline,,3,NA,0.953,NA,0.9528,1,NA,NA,"The rewrite gives 0.953, which is the published value."
offer-westort_coppock_green_2021,table_d4_cell_115,table_d4,"TABLE D4, TS, cov_te, case 3, first batch 280",pipeline,,3,NA,0.746,NA,0.7456000000000004,1,NA,NA,"The rewrite gives 0.746, which is the published value."
offer-westort_coppock_green_2021,table_d4_cell_116,table_d4,"TABLE D4, TS, correct, case 3, first batch 370",pipeline,,3,NA,0.706,NA,0.7061000000000006,1,NA,NA,"The rewrite gives 0.706, which is the published value."
offer-westort_coppock_green_2021,table_d4_cell_117,table_d4,"TABLE D4, TS, rmse_best, case 3, first batch 370",pipeline,,3,NA,0.025,NA,0.02450762004290732,1,NA,NA,"The rewrite gives 0.025, which is the published value."
offer-westort_coppock_green_2021,table_d4_cell_118,table_d4,"TABLE D4, TS, rmse_te, case 3, first batch 370",pipeline,,3,NA,0.064,NA,0.06385993488002237,1,NA,NA,"The rewrite gives 0.064, which is the published value."
offer-westort_coppock_green_2021,table_d4_cell_119,table_d4,"TABLE D4, TS, cov_best, case 3, first batch 370",pipeline,,3,NA,0.956,NA,0.9558,1,NA,NA,"The rewrite gives 0.956, which is the published value."
offer-westort_coppock_green_2021,table_d4_cell_120,table_d4,"TABLE D4, TS, cov_te, case 3, first batch 370",pipeline,,3,NA,0.761,NA,0.7614,1,NA,NA,"The rewrite gives 0.761, which is the published value."
offer-westort_coppock_green_2021,table_d4_cell_121,table_d4,"TABLE D4, TS, correct, case 3, first batch 460",pipeline,,3,NA,0.690,NA,0.6903999999999998,1,NA,NA,"The rewrite gives 0.690, which is the published value."
offer-westort_coppock_green_2021,table_d4_cell_122,table_d4,"TABLE D4, TS, rmse_best, case 3, first batch 460",pipeline,,3,NA,0.025,NA,0.02527519935332537,1,NA,NA,"The rewrite gives 0.025, which is the published value."
offer-westort_coppock_green_2021,table_d4_cell_123,table_d4,"TABLE D4, TS, rmse_te, case 3, first batch 460",pipeline,,3,NA,0.062,NA,0.06199624395853929,1,NA,NA,"The rewrite gives 0.062, which is the published value."
offer-westort_coppock_green_2021,table_d4_cell_124,table_d4,"TABLE D4, TS, cov_best, case 3, first batch 460",pipeline,,3,NA,0.953,NA,0.9524999999999996,1,NA,NA,"The rewrite gives 0.952, which is the published value."
offer-westort_coppock_green_2021,table_d4_cell_125,table_d4,"TABLE D4, TS, cov_te, case 3, first batch 460",pipeline,,3,NA,0.817,NA,0.8165000000000001,1,NA,NA,"The rewrite gives 0.817, which is the published value."
offer-westort_coppock_green_2021,table_d4_cell_126,table_d4,"TABLE D4, TS, correct, case 3, first batch 550",pipeline,,3,NA,0.693,NA,0.6932999999999996,1,NA,NA,"The rewrite gives 0.693, which is the published value."
offer-westort_coppock_green_2021,table_d4_cell_127,table_d4,"TABLE D4, TS, rmse_best, case 3, first batch 550",pipeline,,3,NA,0.026,NA,0.02591655981168535,1,NA,NA,"The rewrite gives 0.026, which is the published value."
offer-westort_coppock_green_2021,table_d4_cell_128,table_d4,"TABLE D4, TS, rmse_te, case 3, first batch 550",pipeline,,3,NA,0.058,NA,0.05780620443729654,1,NA,NA,"The rewrite gives 0.058, which is the published value."
offer-westort_coppock_green_2021,table_d4_cell_129,table_d4,"TABLE D4, TS, cov_best, case 3, first batch 550",pipeline,,3,NA,0.953,NA,0.953,1,NA,NA,"The rewrite gives 0.953, which is the published value."
offer-westort_coppock_green_2021,table_d4_cell_130,table_d4,"TABLE D4, TS, cov_te, case 3, first batch 550",pipeline,,3,NA,0.874,NA,0.8744,1,NA,NA,"The rewrite gives 0.874, which is the published value."
offer-westort_coppock_green_2021,table_d4_cell_131,table_d4,"TABLE D4, TS, correct, case 3, first batch 640",pipeline,,3,NA,0.680,NA,0.6796999999999997,1,NA,NA,"The rewrite gives 0.680, which is the published value."
offer-westort_coppock_green_2021,table_d4_cell_132,table_d4,"TABLE D4, TS, rmse_best, case 3, first batch 640",pipeline,,3,NA,0.027,NA,0.02680836005442909,1,NA,NA,"The rewrite gives 0.027, which is the published value."
offer-westort_coppock_green_2021,table_d4_cell_133,table_d4,"TABLE D4, TS, rmse_te, case 3, first batch 640",pipeline,,3,NA,0.054,NA,0.05382654068213988,1,NA,NA,"The rewrite gives 0.054, which is the published value."
offer-westort_coppock_green_2021,table_d4_cell_134,table_d4,"TABLE D4, TS, cov_best, case 3, first batch 640",pipeline,,3,NA,0.953,NA,0.9532,1,NA,NA,"The rewrite gives 0.953, which is the published value."
offer-westort_coppock_green_2021,table_d4_cell_135,table_d4,"TABLE D4, TS, cov_te, case 3, first batch 640",pipeline,,3,NA,0.909,NA,0.9087000000000002,1,NA,NA,"The rewrite gives 0.909, which is the published value."
offer-westort_coppock_green_2021,table_d4_cell_136,table_d4,"TABLE D4, TS, correct, case 3, first batch 730",pipeline,,3,NA,0.677,NA,0.6770000000000003,1,NA,NA,"The rewrite gives 0.677, which is the published value."
offer-westort_coppock_green_2021,table_d4_cell_137,table_d4,"TABLE D4, TS, rmse_best, case 3, first batch 730",pipeline,,3,NA,0.027,NA,0.02720742249546413,1,NA,NA,"The rewrite gives 0.027, which is the published value."
offer-westort_coppock_green_2021,table_d4_cell_138,table_d4,"TABLE D4, TS, rmse_te, case 3, first batch 730",pipeline,,3,NA,0.050,NA,0.04959442601196492,1,NA,NA,"The rewrite gives 0.050, which is the published value."
offer-westort_coppock_green_2021,table_d4_cell_139,table_d4,"TABLE D4, TS, cov_best, case 3, first batch 730",pipeline,,3,NA,0.953,NA,0.9532,1,NA,NA,"The rewrite gives 0.953, which is the published value."
offer-westort_coppock_green_2021,table_d4_cell_140,table_d4,"TABLE D4, TS, cov_te, case 3, first batch 730",pipeline,,3,NA,0.930,NA,0.9296999999999996,1,NA,NA,"The rewrite gives 0.930, which is the published value."
offer-westort_coppock_green_2021,table_d4_cell_141,table_d4,"TABLE D4, TS, correct, case 3, first batch 820",pipeline,,3,NA,0.668,NA,0.6677,1,NA,NA,"The rewrite gives 0.668, which is the published value."
offer-westort_coppock_green_2021,table_d4_cell_142,table_d4,"TABLE D4, TS, rmse_best, case 3, first batch 820",pipeline,,3,NA,0.028,NA,0.02846417417593618,1,NA,NA,"The rewrite gives 0.028, which is the published value."
offer-westort_coppock_green_2021,table_d4_cell_143,table_d4,"TABLE D4, TS, rmse_te, case 3, first batch 820",pipeline,,3,NA,0.045,NA,0.04490287665947621,1,NA,NA,"The rewrite gives 0.045, which is the published value."
offer-westort_coppock_green_2021,table_d4_cell_144,table_d4,"TABLE D4, TS, cov_best, case 3, first batch 820",pipeline,,3,NA,0.946,NA,0.9458,1,NA,NA,"The rewrite gives 0.946, which is the published value."
offer-westort_coppock_green_2021,table_d4_cell_145,table_d4,"TABLE D4, TS, cov_te, case 3, first batch 820",pipeline,,3,NA,0.937,NA,0.937,1,NA,NA,"The rewrite gives 0.937, which is the published value."
offer-westort_coppock_green_2021,table_d4_cell_146,table_d4,"TABLE D4, TS, correct, case 3, first batch 910",pipeline,,3,NA,0.661,NA,0.6607999999999998,1,NA,NA,"The rewrite gives 0.661, which is the published value."
offer-westort_coppock_green_2021,table_d4_cell_147,table_d4,"TABLE D4, TS, rmse_best, case 3, first batch 910",pipeline,,3,NA,0.029,NA,0.0293624927371111,1,NA,NA,"The rewrite gives 0.029, which is the published value."
offer-westort_coppock_green_2021,table_d4_cell_148,table_d4,"TABLE D4, TS, rmse_te, case 3, first batch 910",pipeline,,3,NA,0.041,NA,0.0408209233190973,1,NA,NA,"The rewrite gives 0.041, which is the published value."
offer-westort_coppock_green_2021,table_d4_cell_149,table_d4,"TABLE D4, TS, cov_best, case 3, first batch 910",pipeline,,3,NA,0.950,NA,0.9499000000000002,1,NA,NA,"The rewrite gives 0.950, which is the published value."
offer-westort_coppock_green_2021,table_d4_cell_150,table_d4,"TABLE D4, TS, cov_te, case 3, first batch 910",pipeline,,3,NA,0.946,NA,0.9462000000000004,1,NA,NA,"The rewrite gives 0.946, which is the published value."
offer-westort_coppock_green_2021,table_d5_cell_001,table_d5,"TABLE D5, CA, correct, case 1, first batch 100",pipeline,,3,NA,0.956,NA,0.9560000000000004,1,NA,NA,"The rewrite gives 0.956, which is the published value."
offer-westort_coppock_green_2021,table_d5_cell_002,table_d5,"TABLE D5, CA, rmse_best, case 1, first batch 100",pipeline,,3,NA,0.023,NA,0.02338363176240237,1,NA,NA,"The rewrite gives 0.023, which is the published value."
offer-westort_coppock_green_2021,table_d5_cell_003,table_d5,"TABLE D5, CA, rmse_te, case 1, first batch 100",pipeline,,3,NA,0.029,NA,0.02932266358822316,1,NA,NA,"The rewrite gives 0.029, which is the published value."
offer-westort_coppock_green_2021,table_d5_cell_004,table_d5,"TABLE D5, CA, cov_best, case 1, first batch 100",pipeline,,3,NA,0.957,NA,0.9566,1,NA,NA,"The rewrite gives 0.957, which is the published value."
offer-westort_coppock_green_2021,table_d5_cell_005,table_d5,"TABLE D5, CA, cov_te, case 1, first batch 100",pipeline,,3,NA,0.952,NA,0.9516000000000004,1,NA,NA,"The rewrite gives 0.952, which is the published value."
offer-westort_coppock_green_2021,table_d5_cell_006,table_d5,"TABLE D5, CA, correct, case 1, first batch 190",pipeline,,3,NA,0.957,NA,0.9573,1,NA,NA,"The rewrite gives 0.957, which is the published value."
offer-westort_coppock_green_2021,table_d5_cell_007,table_d5,"TABLE D5, CA, rmse_best, case 1, first batch 190",pipeline,,3,NA,0.023,NA,0.02323851153326175,1,NA,NA,"The rewrite gives 0.023, which is the published value."
offer-westort_coppock_green_2021,table_d5_cell_008,table_d5,"TABLE D5, CA, rmse_te, case 1, first batch 190",pipeline,,3,NA,0.029,NA,0.029137421133587,1,NA,NA,"The rewrite gives 0.029, which is the published value."
offer-westort_coppock_green_2021,table_d5_cell_009,table_d5,"TABLE D5, CA, cov_best, case 1, first batch 190",pipeline,,3,NA,0.955,NA,0.9551,1,NA,NA,"The rewrite gives 0.955, which is the published value."
offer-westort_coppock_green_2021,table_d5_cell_010,table_d5,"TABLE D5, CA, cov_te, case 1, first batch 190",pipeline,,3,NA,0.951,NA,0.9514,1,NA,NA,"The rewrite gives 0.951, which is the published value."
offer-westort_coppock_green_2021,table_d5_cell_011,table_d5,"TABLE D5, CA, correct, case 1, first batch 280",pipeline,,3,NA,0.955,NA,0.955,1,NA,NA,"The rewrite gives 0.955, which is the published value."
offer-westort_coppock_green_2021,table_d5_cell_012,table_d5,"TABLE D5, CA, rmse_best, case 1, first batch 280",pipeline,,3,NA,0.023,NA,0.02310986631103107,1,NA,NA,"The rewrite gives 0.023, which is the published value."
offer-westort_coppock_green_2021,table_d5_cell_013,table_d5,"TABLE D5, CA, rmse_te, case 1, first batch 280",pipeline,,3,NA,0.029,NA,0.02925571616465418,1,NA,NA,"The rewrite gives 0.029, which is the published value."
offer-westort_coppock_green_2021,table_d5_cell_014,table_d5,"TABLE D5, CA, cov_best, case 1, first batch 280",pipeline,,3,NA,0.959,NA,0.9586,1,NA,NA,"The rewrite gives 0.959, which is the published value."
offer-westort_coppock_green_2021,table_d5_cell_015,table_d5,"TABLE D5, CA, cov_te, case 1, first batch 280",pipeline,,3,NA,0.952,NA,0.9519,1,NA,NA,"The rewrite gives 0.952, which is the published value."
offer-westort_coppock_green_2021,table_d5_cell_016,table_d5,"TABLE D5, CA, correct, case 1, first batch 370",pipeline,,3,NA,0.957,NA,0.9565,1,NA,NA,"The rewrite gives 0.957, which is the published value."
offer-westort_coppock_green_2021,table_d5_cell_017,table_d5,"TABLE D5, CA, rmse_best, case 1, first batch 370",pipeline,,3,NA,0.024,NA,0.02353383327848394,1,NA,NA,"The rewrite gives 0.024, which is the published value."
offer-westort_coppock_green_2021,table_d5_cell_018,table_d5,"TABLE D5, CA, rmse_te, case 1, first batch 370",pipeline,,3,NA,0.030,NA,0.02978637568017359,1,NA,NA,"The rewrite gives 0.030, which is the published value."
offer-westort_coppock_green_2021,table_d5_cell_019,table_d5,"TABLE D5, CA, cov_best, case 1, first batch 370",pipeline,,3,NA,0.959,NA,0.9591,1,NA,NA,"The rewrite gives 0.959, which is the published value."
offer-westort_coppock_green_2021,table_d5_cell_020,table_d5,"TABLE D5, CA, cov_te, case 1, first batch 370",pipeline,,3,NA,0.955,NA,0.9549,1,NA,NA,"The rewrite gives 0.955, which is the published value."
offer-westort_coppock_green_2021,table_d5_cell_021,table_d5,"TABLE D5, CA, correct, case 1, first batch 460",pipeline,,3,NA,0.959,NA,0.9588,1,NA,NA,"The rewrite gives 0.959, which is the published value."
offer-westort_coppock_green_2021,table_d5_cell_022,table_d5,"TABLE D5, CA, rmse_best, case 1, first batch 460",pipeline,,3,NA,0.024,NA,0.02412842814961311,1,NA,NA,"The rewrite gives 0.024, which is the published value."
offer-westort_coppock_green_2021,table_d5_cell_023,table_d5,"TABLE D5, CA, rmse_te, case 1, first batch 460",pipeline,,3,NA,0.030,NA,0.03047482144160972,1,NA,NA,"The rewrite gives 0.030, which is the published value."
offer-westort_coppock_green_2021,table_d5_cell_024,table_d5,"TABLE D5, CA, cov_best, case 1, first batch 460",pipeline,,3,NA,0.961,NA,0.9609000000000002,1,NA,NA,"The rewrite gives 0.961, which is the published value."
offer-westort_coppock_green_2021,table_d5_cell_025,table_d5,"TABLE D5, CA, cov_te, case 1, first batch 460",pipeline,,3,NA,0.959,NA,0.9591,1,NA,NA,"The rewrite gives 0.959, which is the published value."
offer-westort_coppock_green_2021,table_d5_cell_026,table_d5,"TABLE D5, CA, correct, case 1, first batch 550",pipeline,,3,NA,0.959,NA,0.9593999999999998,1,NA,NA,"The rewrite gives 0.959, which is the published value."
offer-westort_coppock_green_2021,table_d5_cell_027,table_d5,"TABLE D5, CA, rmse_best, case 1, first batch 550",pipeline,,3,NA,0.025,NA,0.02507786673217335,1,NA,NA,"The rewrite gives 0.025, which is the published value."
offer-westort_coppock_green_2021,table_d5_cell_028,table_d5,"TABLE D5, CA, rmse_te, case 1, first batch 550",pipeline,,3,NA,0.032,NA,0.03190875409226669,1,NA,NA,"The rewrite gives 0.032, which is the published value."
offer-westort_coppock_green_2021,table_d5_cell_029,table_d5,"TABLE D5, CA, cov_best, case 1, first batch 550",pipeline,,3,NA,0.960,NA,0.9599,1,NA,NA,"The rewrite gives 0.960, which is the published value."
offer-westort_coppock_green_2021,table_d5_cell_030,table_d5,"TABLE D5, CA, cov_te, case 1, first batch 550",pipeline,,3,NA,0.953,NA,0.9528,1,NA,NA,"The rewrite gives 0.953, which is the published value."
offer-westort_coppock_green_2021,table_d5_cell_031,table_d5,"TABLE D5, CA, correct, case 1, first batch 640",pipeline,,3,NA,0.951,NA,0.9513,1,NA,NA,"The rewrite gives 0.951, which is the published value."
offer-westort_coppock_green_2021,table_d5_cell_032,table_d5,"TABLE D5, CA, rmse_best, case 1, first batch 640",pipeline,,3,NA,0.027,NA,0.02652587807255245,1,NA,NA,"The rewrite gives 0.027, which is the published value."
offer-westort_coppock_green_2021,table_d5_cell_033,table_d5,"TABLE D5, CA, rmse_te, case 1, first batch 640",pipeline,,3,NA,0.033,NA,0.03295464258908947,1,NA,NA,"The rewrite gives 0.033, which is the published value."
offer-westort_coppock_green_2021,table_d5_cell_034,table_d5,"TABLE D5, CA, cov_best, case 1, first batch 640",pipeline,,3,NA,0.953,NA,0.9525999999999998,1,NA,NA,"The rewrite gives 0.953, which is the published value."
offer-westort_coppock_green_2021,table_d5_cell_035,table_d5,"TABLE D5, CA, cov_te, case 1, first batch 640",pipeline,,3,NA,0.955,NA,0.9552000000000002,1,NA,NA,"The rewrite gives 0.955, which is the published value."
offer-westort_coppock_green_2021,table_d5_cell_036,table_d5,"TABLE D5, CA, correct, case 1, first batch 730",pipeline,,3,NA,0.948,NA,0.9482000000000002,1,NA,NA,"The rewrite gives 0.948, which is the published value."
offer-westort_coppock_green_2021,table_d5_cell_037,table_d5,"TABLE D5, CA, rmse_best, case 1, first batch 730",pipeline,,3,NA,0.027,NA,0.02723592797560605,1,NA,NA,"The rewrite gives 0.027, which is the published value."
offer-westort_coppock_green_2021,table_d5_cell_038,table_d5,"TABLE D5, CA, rmse_te, case 1, first batch 730",pipeline,,3,NA,0.034,NA,0.03445321923174877,1,NA,NA,"The rewrite gives 0.034, which is the published value."
offer-westort_coppock_green_2021,table_d5_cell_039,table_d5,"TABLE D5, CA, cov_best, case 1, first batch 730",pipeline,,3,NA,0.954,NA,0.9541,1,NA,NA,"The rewrite gives 0.954, which is the published value."
offer-westort_coppock_green_2021,table_d5_cell_040,table_d5,"TABLE D5, CA, cov_te, case 1, first batch 730",pipeline,,3,NA,0.954,NA,0.9535999999999994,1,NA,NA,"The rewrite gives 0.954, which is the published value."
offer-westort_coppock_green_2021,table_d5_cell_041,table_d5,"TABLE D5, CA, correct, case 1, first batch 820",pipeline,,3,NA,0.941,NA,0.9406,1,NA,NA,"The rewrite gives 0.941, which is the published value."
offer-westort_coppock_green_2021,table_d5_cell_042,table_d5,"TABLE D5, CA, rmse_best, case 1, first batch 820",pipeline,,3,NA,0.029,NA,0.02862783523312862,1,NA,NA,"The rewrite gives 0.029, which is the published value."
offer-westort_coppock_green_2021,table_d5_cell_043,table_d5,"TABLE D5, CA, rmse_te, case 1, first batch 820",pipeline,,3,NA,0.036,NA,0.03575018125435614,1,NA,NA,"The rewrite gives 0.036, which is the published value."
offer-westort_coppock_green_2021,table_d5_cell_044,table_d5,"TABLE D5, CA, cov_best, case 1, first batch 820",pipeline,,3,NA,0.947,NA,0.9465,1,NA,NA,"The rewrite gives 0.947, which is the published value."
offer-westort_coppock_green_2021,table_d5_cell_045,table_d5,"TABLE D5, CA, cov_te, case 1, first batch 820",pipeline,,3,NA,0.947,NA,0.9469,1,NA,NA,"The rewrite gives 0.947, which is the published value."
offer-westort_coppock_green_2021,table_d5_cell_046,table_d5,"TABLE D5, CA, correct, case 1, first batch 910",pipeline,,3,NA,0.924,NA,0.9242,1,NA,NA,"The rewrite gives 0.924, which is the published value."
offer-westort_coppock_green_2021,table_d5_cell_047,table_d5,"TABLE D5, CA, rmse_best, case 1, first batch 910",pipeline,,3,NA,0.030,NA,0.02967243695423199,1,NA,NA,"The rewrite gives 0.030, which is the published value."
offer-westort_coppock_green_2021,table_d5_cell_048,table_d5,"TABLE D5, CA, rmse_te, case 1, first batch 910",pipeline,,3,NA,0.037,NA,0.03682010001782305,1,NA,NA,"The rewrite gives 0.037, which is the published value."
offer-westort_coppock_green_2021,table_d5_cell_049,table_d5,"TABLE D5, CA, cov_best, case 1, first batch 910",pipeline,,3,NA,0.944,NA,0.9441,1,NA,NA,"The rewrite gives 0.944, which is the published value."
offer-westort_coppock_green_2021,table_d5_cell_050,table_d5,"TABLE D5, CA, cov_te, case 1, first batch 910",pipeline,,3,NA,0.949,NA,0.9489,1,NA,NA,"The rewrite gives 0.949, which is the published value."
offer-westort_coppock_green_2021,table_d5_cell_051,table_d5,"TABLE D5, CA, correct, case 2, first batch 100",pipeline,,3,NA,0.174,NA,0.17400000000000018,1,NA,NA,"The rewrite gives 0.174, which is the published value."
offer-westort_coppock_green_2021,table_d5_cell_052,table_d5,"TABLE D5, CA, rmse_best, case 2, first batch 100",pipeline,,3,NA,0.034,NA,0.034299514826319,1,NA,NA,"The rewrite gives 0.034, which is the published value."
offer-westort_coppock_green_2021,table_d5_cell_053,table_d5,"TABLE D5, CA, rmse_te, case 2, first batch 100",pipeline,,3,NA,0.041,NA,0.04076995020301906,1,NA,NA,"The rewrite gives 0.041, which is the published value."
offer-westort_coppock_green_2021,table_d5_cell_054,table_d5,"TABLE D5, CA, cov_best, case 2, first batch 100",pipeline,,3,NA,0.879,NA,0.8793,1,NA,NA,"The rewrite gives 0.879, which is the published value."
offer-westort_coppock_green_2021,table_d5_cell_055,table_d5,"TABLE D5, CA, cov_te, case 2, first batch 100",pipeline,,3,NA,0.886,NA,0.8863000000000002,1,NA,NA,"The rewrite gives 0.886, which is the published value."
offer-westort_coppock_green_2021,table_d5_cell_056,table_d5,"TABLE D5, CA, correct, case 2, first batch 190",pipeline,,3,NA,0.173,NA,0.17250000000000018,1,NA,NA,"The rewrite gives 0.173, which is the published value."
offer-westort_coppock_green_2021,table_d5_cell_057,table_d5,"TABLE D5, CA, rmse_best, case 2, first batch 190",pipeline,,3,NA,0.035,NA,0.03521107272880928,1,NA,NA,"The rewrite gives 0.035, which is the published value."
offer-westort_coppock_green_2021,table_d5_cell_058,table_d5,"TABLE D5, CA, rmse_te, case 2, first batch 190",pipeline,,3,NA,0.041,NA,0.04105182369345096,1,NA,NA,"The rewrite gives 0.041, which is the published value."
offer-westort_coppock_green_2021,table_d5_cell_059,table_d5,"TABLE D5, CA, cov_best, case 2, first batch 190",pipeline,,3,NA,0.870,NA,0.8695000000000006,1,NA,NA,"The rewrite gives 0.870, which is the published value."
offer-westort_coppock_green_2021,table_d5_cell_060,table_d5,"TABLE D5, CA, cov_te, case 2, first batch 190",pipeline,,3,NA,0.877,NA,0.8769000000000007,1,NA,NA,"The rewrite gives 0.877, which is the published value."
offer-westort_coppock_green_2021,table_d5_cell_061,table_d5,"TABLE D5, CA, correct, case 2, first batch 280",pipeline,,3,NA,0.172,NA,0.17199999999999996,1,NA,NA,"The rewrite gives 0.172, which is the published value."
offer-westort_coppock_green_2021,table_d5_cell_062,table_d5,"TABLE D5, CA, rmse_best, case 2, first batch 280",pipeline,,3,NA,0.035,NA,0.03453243033926381,1,NA,NA,"The rewrite gives 0.035, which is the published value."
offer-westort_coppock_green_2021,table_d5_cell_063,table_d5,"TABLE D5, CA, rmse_te, case 2, first batch 280",pipeline,,3,NA,0.041,NA,0.04076522732538092,1,NA,NA,"The rewrite gives 0.041, which is the published value."
offer-westort_coppock_green_2021,table_d5_cell_064,table_d5,"TABLE D5, CA, cov_best, case 2, first batch 280",pipeline,,3,NA,0.860,NA,0.8600000000000002,1,NA,NA,"The rewrite gives 0.860, which is the published value."
offer-westort_coppock_green_2021,table_d5_cell_065,table_d5,"TABLE D5, CA, cov_te, case 2, first batch 280",pipeline,,3,NA,0.866,NA,0.8654999999999995,1,NA,NA,"The rewrite gives 0.865, which is the published value."
offer-westort_coppock_green_2021,table_d5_cell_066,table_d5,"TABLE D5, CA, correct, case 2, first batch 370",pipeline,,3,NA,0.176,NA,0.17580000000000034,1,NA,NA,"The rewrite gives 0.176, which is the published value."
offer-westort_coppock_green_2021,table_d5_cell_067,table_d5,"TABLE D5, CA, rmse_best, case 2, first batch 370",pipeline,,3,NA,0.034,NA,0.03437431837263195,1,NA,NA,"The rewrite gives 0.034, which is the published value."
offer-westort_coppock_green_2021,table_d5_cell_068,table_d5,"TABLE D5, CA, rmse_te, case 2, first batch 370",pipeline,,3,NA,0.041,NA,0.04081968757764411,1,NA,NA,"The rewrite gives 0.041, which is the published value."
offer-westort_coppock_green_2021,table_d5_cell_069,table_d5,"TABLE D5, CA, cov_best, case 2, first batch 370",pipeline,,3,NA,0.854,NA,0.8535999999999999,1,NA,NA,"The rewrite gives 0.854, which is the published value."
offer-westort_coppock_green_2021,table_d5_cell_070,table_d5,"TABLE D5, CA, cov_te, case 2, first batch 370",pipeline,,3,NA,0.866,NA,0.8654999999999998,1,NA,NA,"The rewrite gives 0.865, which is the published value."
offer-westort_coppock_green_2021,table_d5_cell_071,table_d5,"TABLE D5, CA, correct, case 2, first batch 460",pipeline,,3,NA,0.178,NA,0.17769999999999975,1,NA,NA,"The rewrite gives 0.178, which is the published value."
offer-westort_coppock_green_2021,table_d5_cell_072,table_d5,"TABLE D5, CA, rmse_best, case 2, first batch 460",pipeline,,3,NA,0.034,NA,0.03370520019827885,1,NA,NA,"The rewrite gives 0.034, which is the published value."
offer-westort_coppock_green_2021,table_d5_cell_073,table_d5,"TABLE D5, CA, rmse_te, case 2, first batch 460",pipeline,,3,NA,0.040,NA,0.04014153354187955,1,NA,NA,"The rewrite gives 0.040, which is the published value."
offer-westort_coppock_green_2021,table_d5_cell_074,table_d5,"TABLE D5, CA, cov_best, case 2, first batch 460",pipeline,,3,NA,0.840,NA,0.8401000000000003,1,NA,NA,"The rewrite gives 0.840, which is the published value."
offer-westort_coppock_green_2021,table_d5_cell_075,table_d5,"TABLE D5, CA, cov_te, case 2, first batch 460",pipeline,,3,NA,0.862,NA,0.8616000000000006,1,NA,NA,"The rewrite gives 0.862, which is the published value."
offer-westort_coppock_green_2021,table_d5_cell_076,table_d5,"TABLE D5, CA, correct, case 2, first batch 550",pipeline,,3,NA,0.176,NA,0.1757000000000001,1,NA,NA,"The rewrite gives 0.176, which is the published value."
offer-westort_coppock_green_2021,table_d5_cell_077,table_d5,"TABLE D5, CA, rmse_best, case 2, first batch 550",pipeline,,3,NA,0.033,NA,0.03279671751139328,1,NA,NA,"The rewrite gives 0.033, which is the published value."
offer-westort_coppock_green_2021,table_d5_cell_078,table_d5,"TABLE D5, CA, rmse_te, case 2, first batch 550",pipeline,,3,NA,0.040,NA,0.03969354856673202,1,NA,NA,"The rewrite gives 0.040, which is the published value."
offer-westort_coppock_green_2021,table_d5_cell_079,table_d5,"TABLE D5, CA, cov_best, case 2, first batch 550",pipeline,,3,NA,0.829,NA,0.8291999999999999,1,NA,NA,"The rewrite gives 0.829, which is the published value."
offer-westort_coppock_green_2021,table_d5_cell_080,table_d5,"TABLE D5, CA, cov_te, case 2, first batch 550",pipeline,,3,NA,0.877,NA,0.8774,1,NA,NA,"The rewrite gives 0.877, which is the published value."
offer-westort_coppock_green_2021,table_d5_cell_081,table_d5,"TABLE D5, CA, correct, case 2, first batch 640",pipeline,,3,NA,0.176,NA,0.17639999999999997,1,NA,NA,"The rewrite gives 0.176, which is the published value."
offer-westort_coppock_green_2021,table_d5_cell_082,table_d5,"TABLE D5, CA, rmse_best, case 2, first batch 640",pipeline,,3,NA,0.032,NA,0.03151559924180613,1,NA,NA,"The rewrite gives 0.032, which is the published value."
offer-westort_coppock_green_2021,table_d5_cell_083,table_d5,"TABLE D5, CA, rmse_te, case 2, first batch 640",pipeline,,3,NA,0.039,NA,0.03856229636738842,1,NA,NA,"The rewrite gives 0.039, which is the published value."
offer-westort_coppock_green_2021,table_d5_cell_084,table_d5,"TABLE D5, CA, cov_best, case 2, first batch 640",pipeline,,3,NA,0.835,NA,0.8354000000000001,1,NA,NA,"The rewrite gives 0.835, which is the published value."
offer-westort_coppock_green_2021,table_d5_cell_085,table_d5,"TABLE D5, CA, cov_te, case 2, first batch 640",pipeline,,3,NA,0.893,NA,0.8925999999999996,1,NA,NA,"The rewrite gives 0.893, which is the published value."
offer-westort_coppock_green_2021,table_d5_cell_086,table_d5,"TABLE D5, CA, correct, case 2, first batch 730",pipeline,,3,NA,0.181,NA,0.18089999999999992,1,NA,NA,"The rewrite gives 0.181, which is the published value."
offer-westort_coppock_green_2021,table_d5_cell_087,table_d5,"TABLE D5, CA, rmse_best, case 2, first batch 730",pipeline,,3,NA,0.031,NA,0.03074830325838483,1,NA,NA,"The rewrite gives 0.031, which is the published value."
offer-westort_coppock_green_2021,table_d5_cell_088,table_d5,"TABLE D5, CA, rmse_te, case 2, first batch 730",pipeline,,3,NA,0.038,NA,0.03810218836665447,1,NA,NA,"The rewrite gives 0.038, which is the published value."
offer-westort_coppock_green_2021,table_d5_cell_089,table_d5,"TABLE D5, CA, cov_best, case 2, first batch 730",pipeline,,3,NA,0.846,NA,0.8463000000000003,1,NA,NA,"The rewrite gives 0.846, which is the published value."
offer-westort_coppock_green_2021,table_d5_cell_090,table_d5,"TABLE D5, CA, cov_te, case 2, first batch 730",pipeline,,3,NA,0.907,NA,0.9072000000000005,1,NA,NA,"The rewrite gives 0.907, which is the published value."
offer-westort_coppock_green_2021,table_d5_cell_091,table_d5,"TABLE D5, CA, correct, case 2, first batch 820",pipeline,,3,NA,0.171,NA,0.17080000000000015,1,NA,NA,"The rewrite gives 0.171, which is the published value."
offer-westort_coppock_green_2021,table_d5_cell_092,table_d5,"TABLE D5, CA, rmse_best, case 2, first batch 820",pipeline,,3,NA,0.029,NA,0.02929396403595672,1,NA,NA,"The rewrite gives 0.029, which is the published value."
offer-westort_coppock_green_2021,table_d5_cell_093,table_d5,"TABLE D5, CA, rmse_te, case 2, first batch 820",pipeline,,3,NA,0.037,NA,0.03672257785699302,1,NA,NA,"The rewrite gives 0.037, which is the published value."
offer-westort_coppock_green_2021,table_d5_cell_094,table_d5,"TABLE D5, CA, cov_best, case 2, first batch 820",pipeline,,3,NA,0.879,NA,0.8788000000000009,1,NA,NA,"The rewrite gives 0.879, which is the published value."
offer-westort_coppock_green_2021,table_d5_cell_095,table_d5,"TABLE D5, CA, cov_te, case 2, first batch 820",pipeline,,3,NA,0.922,NA,0.9220999999999998,1,NA,NA,"The rewrite gives 0.922, which is the published value."
offer-westort_coppock_green_2021,table_d5_cell_096,table_d5,"TABLE D5, CA, correct, case 2, first batch 910",pipeline,,3,NA,0.186,NA,0.1856999999999998,1,NA,NA,"The rewrite gives 0.186, which is the published value."
offer-westort_coppock_green_2021,table_d5_cell_097,table_d5,"TABLE D5, CA, rmse_best, case 2, first batch 910",pipeline,,3,NA,0.027,NA,0.02674316783909758,1,NA,NA,"The rewrite gives 0.027, which is the published value."
offer-westort_coppock_green_2021,table_d5_cell_098,table_d5,"TABLE D5, CA, rmse_te, case 2, first batch 910",pipeline,,3,NA,0.035,NA,0.03510633015095883,1,NA,NA,"The rewrite gives 0.035, which is the published value."
offer-westort_coppock_green_2021,table_d5_cell_099,table_d5,"TABLE D5, CA, cov_best, case 2, first batch 910",pipeline,,3,NA,0.914,NA,0.9138000000000002,1,NA,NA,"The rewrite gives 0.914, which is the published value."
offer-westort_coppock_green_2021,table_d5_cell_100,table_d5,"TABLE D5, CA, cov_te, case 2, first batch 910",pipeline,,3,NA,0.939,NA,0.9392,1,NA,NA,"The rewrite gives 0.939, which is the published value."
offer-westort_coppock_green_2021,table_d5_cell_101,table_d5,"TABLE D5, CA, correct, case 3, first batch 100",pipeline,,3,NA,0.683,NA,0.6829,1,NA,NA,"The rewrite gives 0.683, which is the published value."
offer-westort_coppock_green_2021,table_d5_cell_102,table_d5,"TABLE D5, CA, rmse_best, case 3, first batch 100",pipeline,,3,NA,0.029,NA,0.02865948447311381,1,NA,NA,"The rewrite gives 0.029, which is the published value."
offer-westort_coppock_green_2021,table_d5_cell_103,table_d5,"TABLE D5, CA, rmse_te, case 3, first batch 100",pipeline,,3,NA,0.035,NA,0.03452476735094487,1,NA,NA,"The rewrite gives 0.035, which is the published value."
offer-westort_coppock_green_2021,table_d5_cell_104,table_d5,"TABLE D5, CA, cov_best, case 3, first batch 100",pipeline,,3,NA,0.946,NA,0.9464,1,NA,NA,"The rewrite gives 0.946, which is the published value."
offer-westort_coppock_green_2021,table_d5_cell_105,table_d5,"TABLE D5, CA, cov_te, case 3, first batch 100",pipeline,,3,NA,0.937,NA,0.9370999999999996,1,NA,NA,"The rewrite gives 0.937, which is the published value."
offer-westort_coppock_green_2021,table_d5_cell_106,table_d5,"TABLE D5, CA, correct, case 3, first batch 190",pipeline,,3,NA,0.678,NA,0.6778999999999994,1,NA,NA,"The rewrite gives 0.678, which is the published value."
offer-westort_coppock_green_2021,table_d5_cell_107,table_d5,"TABLE D5, CA, rmse_best, case 3, first batch 190",pipeline,,3,NA,0.028,NA,0.0282739350863822,1,NA,NA,"The rewrite gives 0.028, which is the published value."
offer-westort_coppock_green_2021,table_d5_cell_108,table_d5,"TABLE D5, CA, rmse_te, case 3, first batch 190",pipeline,,3,NA,0.034,NA,0.03404026027623819,1,NA,NA,"The rewrite gives 0.034, which is the published value."
offer-westort_coppock_green_2021,table_d5_cell_109,table_d5,"TABLE D5, CA, cov_best, case 3, first batch 190",pipeline,,3,NA,0.943,NA,0.9433,1,NA,NA,"The rewrite gives 0.943, which is the published value."
offer-westort_coppock_green_2021,table_d5_cell_110,table_d5,"TABLE D5, CA, cov_te, case 3, first batch 190",pipeline,,3,NA,0.935,NA,0.9345,1,NA,NA,"The rewrite gives 0.934, which is the published value."
offer-westort_coppock_green_2021,table_d5_cell_111,table_d5,"TABLE D5, CA, correct, case 3, first batch 280",pipeline,,3,NA,0.685,NA,0.6847000000000003,1,NA,NA,"The rewrite gives 0.685, which is the published value."
offer-westort_coppock_green_2021,table_d5_cell_112,table_d5,"TABLE D5, CA, rmse_best, case 3, first batch 280",pipeline,,3,NA,0.027,NA,0.0274756741396385,1,NA,NA,"The rewrite gives 0.027, which is the published value."
offer-westort_coppock_green_2021,table_d5_cell_113,table_d5,"TABLE D5, CA, rmse_te, case 3, first batch 280",pipeline,,3,NA,0.034,NA,0.03378196745946957,1,NA,NA,"The rewrite gives 0.034, which is the published value."
offer-westort_coppock_green_2021,table_d5_cell_114,table_d5,"TABLE D5, CA, cov_best, case 3, first batch 280",pipeline,,3,NA,0.949,NA,0.9491999999999998,1,NA,NA,"The rewrite gives 0.949, which is the published value."
offer-westort_coppock_green_2021,table_d5_cell_115,table_d5,"TABLE D5, CA, cov_te, case 3, first batch 280",pipeline,,3,NA,0.938,NA,0.9384,1,NA,NA,"The rewrite gives 0.938, which is the published value."
offer-westort_coppock_green_2021,table_d5_cell_116,table_d5,"TABLE D5, CA, correct, case 3, first batch 370",pipeline,,3,NA,0.677,NA,0.6772999999999998,1,NA,NA,"The rewrite gives 0.677, which is the published value."
offer-westort_coppock_green_2021,table_d5_cell_117,table_d5,"TABLE D5, CA, rmse_best, case 3, first batch 370",pipeline,,3,NA,0.027,NA,0.02727555527716762,1,NA,NA,"The rewrite gives 0.027, which is the published value."
offer-westort_coppock_green_2021,table_d5_cell_118,table_d5,"TABLE D5, CA, rmse_te, case 3, first batch 370",pipeline,,3,NA,0.033,NA,0.03335184397552918,1,NA,NA,"The rewrite gives 0.033, which is the published value."
offer-westort_coppock_green_2021,table_d5_cell_119,table_d5,"TABLE D5, CA, cov_best, case 3, first batch 370",pipeline,,3,NA,0.949,NA,0.9491000000000002,1,NA,NA,"The rewrite gives 0.949, which is the published value."
offer-westort_coppock_green_2021,table_d5_cell_120,table_d5,"TABLE D5, CA, cov_te, case 3, first batch 370",pipeline,,3,NA,0.946,NA,0.9459,1,NA,NA,"The rewrite gives 0.946, which is the published value."
offer-westort_coppock_green_2021,table_d5_cell_121,table_d5,"TABLE D5, CA, correct, case 3, first batch 460",pipeline,,3,NA,0.684,NA,0.6839,1,NA,NA,"The rewrite gives 0.684, which is the published value."
offer-westort_coppock_green_2021,table_d5_cell_122,table_d5,"TABLE D5, CA, rmse_best, case 3, first batch 460",pipeline,,3,NA,0.027,NA,0.02720581727654379,1,NA,NA,"The rewrite gives 0.027, which is the published value."
offer-westort_coppock_green_2021,table_d5_cell_123,table_d5,"TABLE D5, CA, rmse_te, case 3, first batch 460",pipeline,,3,NA,0.034,NA,0.03394875876660986,1,NA,NA,"The rewrite gives 0.034, which is the published value."
offer-westort_coppock_green_2021,table_d5_cell_124,table_d5,"TABLE D5, CA, cov_best, case 3, first batch 460",pipeline,,3,NA,0.949,NA,0.9488,1,NA,NA,"The rewrite gives 0.949, which is the published value."
offer-westort_coppock_green_2021,table_d5_cell_125,table_d5,"TABLE D5, CA, cov_te, case 3, first batch 460",pipeline,,3,NA,0.944,NA,0.9438000000000004,1,NA,NA,"The rewrite gives 0.944, which is the published value."
offer-westort_coppock_green_2021,table_d5_cell_126,table_d5,"TABLE D5, CA, correct, case 3, first batch 550",pipeline,,3,NA,0.664,NA,0.6638000000000003,1,NA,NA,"The rewrite gives 0.664, which is the published value."
offer-westort_coppock_green_2021,table_d5_cell_127,table_d5,"TABLE D5, CA, rmse_best, case 3, first batch 550",pipeline,,3,NA,0.027,NA,0.02748296760272334,1,NA,NA,"The rewrite gives 0.027, which is the published value."
offer-westort_coppock_green_2021,table_d5_cell_128,table_d5,"TABLE D5, CA, rmse_te, case 3, first batch 550",pipeline,,3,NA,0.034,NA,0.03426405387581234,1,NA,NA,"The rewrite gives 0.034, which is the published value."
offer-westort_coppock_green_2021,table_d5_cell_129,table_d5,"TABLE D5, CA, cov_best, case 3, first batch 550",pipeline,,3,NA,0.947,NA,0.9471999999999996,1,NA,NA,"The rewrite gives 0.947, which is the published value."
offer-westort_coppock_green_2021,table_d5_cell_130,table_d5,"TABLE D5, CA, cov_te, case 3, first batch 550",pipeline,,3,NA,0.941,NA,0.941,1,NA,NA,"The rewrite gives 0.941, which is the published value."
offer-westort_coppock_green_2021,table_d5_cell_131,table_d5,"TABLE D5, CA, correct, case 3, first batch 640",pipeline,,3,NA,0.665,NA,0.6649000000000004,1,NA,NA,"The rewrite gives 0.665, which is the published value."
offer-westort_coppock_green_2021,table_d5_cell_132,table_d5,"TABLE D5, CA, rmse_best, case 3, first batch 640",pipeline,,3,NA,0.028,NA,0.02805310789742149,1,NA,NA,"The rewrite gives 0.028, which is the published value."
offer-westort_coppock_green_2021,table_d5_cell_133,table_d5,"TABLE D5, CA, rmse_te, case 3, first batch 640",pipeline,,3,NA,0.035,NA,0.03513439407700525,1,NA,NA,"The rewrite gives 0.035, which is the published value."
offer-westort_coppock_green_2021,table_d5_cell_134,table_d5,"TABLE D5, CA, cov_best, case 3, first batch 640",pipeline,,3,NA,0.944,NA,0.9444,1,NA,NA,"The rewrite gives 0.944, which is the published value."
offer-westort_coppock_green_2021,table_d5_cell_135,table_d5,"TABLE D5, CA, cov_te, case 3, first batch 640",pipeline,,3,NA,0.942,NA,0.9418999999999996,1,NA,NA,"The rewrite gives 0.942, which is the published value."
offer-westort_coppock_green_2021,table_d5_cell_136,table_d5,"TABLE D5, CA, correct, case 3, first batch 730",pipeline,,3,NA,0.666,NA,0.6659999999999998,1,NA,NA,"The rewrite gives 0.666, which is the published value."
offer-westort_coppock_green_2021,table_d5_cell_137,table_d5,"TABLE D5, CA, rmse_best, case 3, first batch 730",pipeline,,3,NA,0.029,NA,0.02878095982173415,1,NA,NA,"The rewrite gives 0.029, which is the published value."
offer-westort_coppock_green_2021,table_d5_cell_138,table_d5,"TABLE D5, CA, rmse_te, case 3, first batch 730",pipeline,,3,NA,0.036,NA,0.03563565973547399,1,NA,NA,"The rewrite gives 0.036, which is the published value."
offer-westort_coppock_green_2021,table_d5_cell_139,table_d5,"TABLE D5, CA, cov_best, case 3, first batch 730",pipeline,,3,NA,0.943,NA,0.9433999999999996,1,NA,NA,"The rewrite gives 0.943, which is the published value."
offer-westort_coppock_green_2021,table_d5_cell_140,table_d5,"TABLE D5, CA, cov_te, case 3, first batch 730",pipeline,,3,NA,0.944,NA,0.9442,1,NA,NA,"The rewrite gives 0.944, which is the published value."
offer-westort_coppock_green_2021,table_d5_cell_141,table_d5,"TABLE D5, CA, correct, case 3, first batch 820",pipeline,,3,NA,0.646,NA,0.6461999999999998,1,NA,NA,"The rewrite gives 0.646, which is the published value."
offer-westort_coppock_green_2021,table_d5_cell_142,table_d5,"TABLE D5, CA, rmse_best, case 3, first batch 820",pipeline,,3,NA,0.030,NA,0.02974061741770621,1,NA,NA,"The rewrite gives 0.030, which is the published value."
offer-westort_coppock_green_2021,table_d5_cell_143,table_d5,"TABLE D5, CA, rmse_te, case 3, first batch 820",pipeline,,3,NA,0.037,NA,0.03694990284820643,1,NA,NA,"The rewrite gives 0.037, which is the published value."
offer-westort_coppock_green_2021,table_d5_cell_144,table_d5,"TABLE D5, CA, cov_best, case 3, first batch 820",pipeline,,3,NA,0.939,NA,0.9387,1,NA,NA,"The rewrite gives 0.939, which is the published value."
offer-westort_coppock_green_2021,table_d5_cell_145,table_d5,"TABLE D5, CA, cov_te, case 3, first batch 820",pipeline,,3,NA,0.945,NA,0.9446,1,NA,NA,"The rewrite gives 0.945, which is the published value."
offer-westort_coppock_green_2021,table_d5_cell_146,table_d5,"TABLE D5, CA, correct, case 3, first batch 910",pipeline,,3,NA,0.652,NA,0.6523999999999999,1,NA,NA,"The rewrite gives 0.652, which is the published value."
offer-westort_coppock_green_2021,table_d5_cell_147,table_d5,"TABLE D5, CA, rmse_best, case 3, first batch 910",pipeline,,3,NA,0.030,NA,0.03015018951963628,1,NA,NA,"The rewrite gives 0.030, which is the published value."
offer-westort_coppock_green_2021,table_d5_cell_148,table_d5,"TABLE D5, CA, rmse_te, case 3, first batch 910",pipeline,,3,NA,0.037,NA,0.03721793304924194,1,NA,NA,"The rewrite gives 0.037, which is the published value."
offer-westort_coppock_green_2021,table_d5_cell_149,table_d5,"TABLE D5, CA, cov_best, case 3, first batch 910",pipeline,,3,NA,0.940,NA,0.9401,1,NA,NA,"The rewrite gives 0.940, which is the published value."
offer-westort_coppock_green_2021,table_d5_cell_150,table_d5,"TABLE D5, CA, cov_te, case 3, first batch 910",pipeline,,3,NA,0.948,NA,0.9482,1,NA,NA,"The rewrite gives 0.948, which is the published value."
